id,movie_id,author,score,content,time
1,1,单线程青年,力荐,不偏袒的好片儿！一个进自己原来的宫殿还要买票的皇帝。,2008-03-24 09:06:17
2,1,囍夭夭,推荐,所有的离开你都赶不上，所有的门你都打不开。所有的人都是撒谎者。,2010-06-05 22:48:40
3,1,Over5,力荐,有史以来一部最地道最出色的中国电影，居然，Made By Italian～,2007-02-24 00:14:41
4,1,托尼·王大拿,力荐,"尽管看一群中国人在屏幕上讲英语很是奇怪，但不能否认这是部出色的电影：它与国家无关，与王朝无关，这只是一个渴望自由却不得的人的编年史；""门""的意象被反复提及，寓意溥仪被禁闭的一生；贝托鲁奇娴熟的运镜，要人命的广角自然光，美妙的配乐。",2011-03-21 16:43:30
5,1,西楼尘,推荐,他痛哭流涕追阿毛、失魂落魄追婉容，但始终追不回那昔日辉煌的时代。他反抗太监偷窃文物、反抗日本傀儡操控，但终究反抗不了自己跌宕唏嘘的命运。他做了一辈子囚徒，在紫禁城在满洲国在抚顺管教所。终于买了张观光票，在赤色余晖中蹒跚进入太和殿。须臾一世，只有那皇座下藏着的蟋蟀，还认得他是帝王。,2017-08-06 23:17:39
6,1,Q。,推荐,溥仪只是那个大时代里一个无法左右自己命运的小人物，注定在历史洪流中成为悲剧人物。……贝托鲁奇并没有洋洋洒洒的去讲溥仪的故事与中国的历史，而是选择了一个独特的视角来看待末代皇帝的人生。只是……紫禁城太监还有皇帝与皇妃在后宫都是一口英文……★★★★☆,2010-07-18 20:54:24
7,1,周游雪场,推荐,喜欢尊龙。他把溥仪演的太好了。事实上溥仪哪里值得那么多同情呢，他的一生在不幸中成就了大幸，在那个乱世里，他比几乎所有人都过得要好，过着国宝大熊猫的生活。他做错了的事，有人代为受过。他没有的气节和美感，还有人演出来赐给他,2017-12-31 00:37:07
8,1,疯眼穆迪,力荐,我觉得对于一个外国人拍的中国人物传记来说，它最可贵的不是那些对比强烈的色彩和镜头，而是他的态度，他对这个人物的理解，他并没有评判什么但是他把故事默默地摆在那里，到结束，你会一时觉得心情复杂，而且更重要的一点是，电影里不仅仅塑造了溥仪一个角色，而是通过细节也讲述了围绕着他的一些人的沧桑，这对于一个外国人来说，我觉得异常珍贵。虽然还是有些次要人物显得有些脸谱化，呵呵。。。CC版本，3小时38分。。。,2008-04-09 16:30:40
9,1,Mignon松弛地,推荐,作为一个外国导演不可能拍得更好了，但我是一个中国人。,2008-07-14 21:05:09
10,1,影志,力荐,极致的美，极致的伤。音乐太灵，画面太精，原来早在1987年，外国导演就早于《活着》《霸王别姬》把20世纪中国历史拍的如此炉火纯青了…“我从未和家人分开过” 额娘，阿嬷，婉容，庄士敦，溥杰，皇宫…溥仪的一生都在告别，跟亲人，跟时代，跟历史，身不由己。@上海国际电影节 4k修复版,2015-06-20 18:33:54
11,1,南笙,推荐,26岁的陈冲真是美得叫人目瞪口呆,2013-01-07 22:57:44
12,1,Obtson,推荐,非常赞叹这是一个意大利人的作品，西方人眼中的东方却比纯东方式的自审更让人动容。它的极致悲怆并不是喊口号式的疾走嚎啕，只是诉说，用一个人的一生去淘尽时代凄凉。陈冲的泪妆食花，尊龙的梦回太和，大清、伪满、新华，颠沛易帜遍野坟冢。这是一个人被监禁一生的故事。,2012-10-23 15:06:51
13,1,李丝丝,,难得用经典这个字,2007-03-04 07:27:13
14,1,同志亦凡人中文站,力荐,贝托鲁奇镜头下的中国始终是存在于他想象中的红色国度。电影拍得过于西化了，但讨巧的用溥仪的命运承载了近半个世纪中国的变迁，进而阐释人与命运对抗的古希腊悲剧主题。如果说人的一生是不断失去的过程，溥仪无疑是失去最多的，因为他曾经拥有整个中国...,2012-06-25 22:33:44
15,1,memo,推荐,无疑是史诗级的制作….但问题还是“有一个蒙受苦难的男人，你就能找到一百个比他更苦的女人”。电影里庄士敦为溥仪申诉：“他大概是全中国唯一一个不能走出自己家门的人吧！”只有一条弹幕说：“所有女人都不能走出家门。”,2022-12-27 02:12:19
16,2,根,推荐,肯德基年度推广大电影,2019-03-01 14:36:16
17,2,陈大希,力荐,让人印象最深的片段是他们的车在南部的乡间小路上抛锚，和田里劳作的黑奴对视的那一幕，无声却发出巨响。,2019-01-13 11:39:48
18,2,同志亦凡人中文站,推荐,肤色、阶层、性格和性取向天差地远的两个男人，因为音乐而结缘，因为公路旅行而成为一生朋友。有时候才华并不够，还需要勇敢，推倒心中那面墙才能开门见山。电影就像一颗绿色小石子，投入黑白分明的美国社会，激起轻小而美丽的涟漪。虽然有刻意营造的温暖感，但我就是愿意买单~！,2018-12-07 13:36:05
19,2,朝暮雪,力荐,"肤色对调版《触不可及》，一场跨越美国的公路之旅，更是一场跨越种族与肤色、身份与阶层的人性之旅。
所有下属都对唐毕恭毕敬，唯有托尼把他当普通人对待，给他吃炸鸡、对他说出真实想法。
不把他当成黑人，才是真正不歧视他的表现。
另一方面，唐又受到外人的歧视和侮辱，他始终忍气吞声，低声下气。
听他演奏的观众可以在餐厅吃饭，而他作为表演者却不可以。
正是托尼教会他反击，教会他为自己发声、捍卫自己的权利和尊严。
在所谓“高级的、尊贵的”场所受到不平等待遇，反而在“低端的、卑微的”黑人酒吧获得尊重和支持，实在太讽刺。
天才是不够的，唯有勇气才能改变人心。既然他都不考虑你的感受，你又何必照顾他的情绪呢？
忍一时得寸进尺，退一步变本加厉。暴力不能让你赢得什么，但懦弱永远都是输家。
正面对抗生活的恶意，才能战胜恶意。",2019-01-17 11:49:44
20,2,西楼尘,推荐,赶走偏见不是靠鸣枪，赢得尊重不是靠拳头。为了如厕宁可折返，为了用餐甘愿罢演，受到霸凌不视为侮辱而视为考验，受到恩惠不视为荣耀而视为耻辱。南方劳作的黑奴看到路边的他衣冠楚楚，如同一个预言。一家上流餐厅，一间宽敞厕所，一个高档试衣间都没能容纳下的东西，却装进了一方绿色车厢，勇敢上路。,2019-02-24 22:23:33
21,2,Rocrw,力荐,绝对是今年tiff我看过的最有意思的一部电影，全场笑声掌声就没停过。节奏欢快，情节有趣又不失深度。V叔扮演的来自Bronx街头的意大利裔司机和Ali扮演的受高等教育的黑人音乐家碰撞出令人惊喜的火花，二人从纽约一路向南巡演，然而越向南种族歧视也越来越严重。导演用一种巧妙的角度向观众展示了当时的不公以及音乐家内心的纠葛。尽管他从小就在不同的重要场合表演，然而最尽兴的一次却是在圣诞前夕的一个黑人小酒吧。他最终选择了为自己发声，不再对歧视屈服。结局温馨感人，着实是一部好电影。,2018-09-12 08:48:30
22,2,影志,推荐,“世界上孤独的人都害怕迈出第一步” 从最开始的矛盾抵触、到被迫站到一边慢慢调和、甚至最后的惺惺相惜，这不是一趟抛开歧视的旅途，而是两个孤独的人从彼此身上看到另一个世界，一个更真实的世界。纵使有太多不同，种族的、阶层的、贫富的，都可以在这一场春风化雨、淡入心灵的结伴同行中，化干戈为玉帛。“爱上你是件毫不费事的事情”、“如果我不够白，也不够gay，又不够男人，那么你告诉我，我到底是谁”…唐·谢利为托尼口述如初恋般的情书，托尼教唐接地气的吃鸡，并在小镇里彼此解围，最伟大的友谊不过如此。根据真实故事改编，可爱精致的友情小品，美国版《触不可及》，今年奥斯卡最佳影片锁定它了。“谢谢你把丈夫分享给我”,2019-01-13 22:06:44
23,2,亵渎电影,推荐,这部电影的厉害之处就是剧本扎实，在人物塑造和细节上非常出彩。这趟一路向南的旅程到最后也不能让Dr. Don Shirley证明自己在白人心中的地位，他身陷孤独境地也没人帮得了他，除非他自己跟自己和解，自己去完成一场关于自我的救赎。它并没有刻意说教的去讲什么，但每个人都能从中看到不同时代某些群体的遭遇，不仅仅是黑人和白人这么简单。这部电影的主题正如片中那句点睛的台词所说的，因为天才还不够，唯有勇气才能改变人心，而这就是一部关于勇气和改变的电影。虽然是非常套路化的公路片，拍的却是异常的温暖，剧本非常加分，应该会拿今年奥斯卡的最佳原创剧本吧。★★★★,2019-01-14 16:20:07
24,2,StarlightRiver,力荐,"Mahershala說片子里某個根本不會被人注意到的佈景里的某塊石頭或許就是V撿的。他說V在拍攝的時候，一直留心撿很漂亮的石頭，撿到了就拿給導演說：看，把這塊石頭放在背景里會有多好看
說到電影里的部分，他可能增肥了有二三十斤，從來沒見過他有那麼大的肚腩（現在似乎已經減回來了）。今天在看V表演時，大部分的時間，我忘了他是Viggo，他就是那樣一個沒文化又油滑、滿嘴跑火車的司機。
僅僅偶爾偶爾有幾個他不說話、只抽煙的鏡頭，鼻孔一噴白霧，就那麼一瞥，卻還像是十幾年前、《東方的承諾》里那個冷酷無情的殺手。
今天導演說He’s a great person before he’s a great actor. 這麼多年了，還是一直一直都沒變啊。",2018-09-12 18:49:33
25,2,外出偷狗,力荐,你知道这个故事要讲什么，你也知道这段旅程会经历什么。你明白这其中并不会触及什么过于深刻的东西，却也展示了许多直白，你明白身份是每个人无法避开的东西，也知道相互理解是多么难得。你会自然地喜欢这些描写得并不太像真实人物的角色，你会跟着那些好笑或其实并不太好笑的片段笑出声来。或许也只是将发笑作为第一反应来化解或掩藏其他的感受。你知道故事和片名说的绿皮书关系其实不算大，你也大概没有想到自己会喜欢这部影片。,2018-12-09 23:45:34
26,2,饮歌,力荐,今年看过最好的剧情片之一。剧本扎实，细节充实，表演到位。颇有《为黛西小姐开车》和《触不可及》的意味，但又因为主角角色的互换，在特定的时代和地域里散发出更强的乐趣。,2018-09-14 23:44:40
27,2,谢飞导演,推荐,完成度很高的公路喜剧片，亮点在于人物塑造完整和细节使用精彩，剧作与表演堪称杰出。创造灵感来自于真人真事，为表达主题做了艺术虚构与夸张，听说真人的后代对此有意见及争论。艺术作品不是历史，我以为无可厚非。,2019-02-07 09:43:20
28,2,larawebb,力荐,基层白人司机护送著名黑人钢琴家在美国南部巡回演出的故事。两位角色的社会阶级和教育程度的差异，让电影笑料百出，肤色的对比却又十分的讽刺，让电影充满种族平权的抗争和泪点。两位演员默契火花十足，是一个十分温暖人心的故事，影片结束之后响起经久不息的掌声，边笑着边流着眼泪鼓掌到手都疼了。,2018-09-13 10:50:27
29,2,匡轶歌,力荐,要记住：你想讲很大的东西，就必须用很小的事情。扎实的剧作，闪光的人物，充满化学反应的搭配……观影的过程中大笑了无数次，一再倒回去品味那些小小的瞬间，一个眼神，一个撇嘴里全都是戏。阿里和维果叔，都是最好最好最好的那一卦演员。 仅有天才是不够的，还需要勇气 ←——你看，就算是讲个“种族歧视”的政治正确主题，都能不仅仅停留在俗套的模板里，从更细微的角度，升华出更多东西。,2019-02-01 22:37:55
30,2,TimberNord,力荐,i'll cut my dick off if green book fails to win the best picture.,2019-02-25 05:07:56
31,3,обломов,还行,比较一般，如果男主是策划一切的人，他根本不会如此相信一个素未谋面的人,2017-03-23 21:07:40
32,3,Enigma,力荐,其实这种多重反转的电影很容易bug频出，但是这部完成度太高了，质感和小细节都相当漂亮。导演对后半程的解密把控地相当出色，直接让观感上升了一个level。西班牙的悬疑片总是给人惊喜。（猜到反转并不是多了不起的事，请不要在悬疑片短评区剧透好吗，靴靴。）,2017-03-20 19:12:01
33,3,frozenmoon,推荐,律师是假扮的这个梗其实倒是不难猜。不过这不是重点。重点在于“叙述”和“真相”的关系。在缺乏物证链条的基础上，男主的每一次叙述其实都是自洽且成立的，但或许也都不是真的。这一点才真的引人深思。我们所认定和掌握的真相，又有多少是被叙述掌控的呢？,2017-03-28 19:37:50
34,3,影志,力荐,现在能有意外结局还让人颠覆的故事，真的很难得了。结局半小时的反转再反转，能自圆其说，能刷新认识，能大呼过瘾，对一部悬疑推理片来说已经完成的相当漂亮。不会苛求太多，这样的故事和设定已经满足。,2017-03-25 23:15:50
35,3,Andrea,力荐,好看，强烈推荐。问题是如此重要的辩护人竟然不是当面引荐的。,2017-03-24 23:00:56
36,3,大島,推荐,西班牙人太热情了 在我们这房间里叫破喉咙都没人理的,2017-09-04 22:23:42
37,3,Indecent time,力荐,“男主玩家的言论真是无懈可击，可惜我是预言家，你已经被我查杀了，你自爆不自爆”,2017-04-25 23:43:43
38,3,Fornever,推荐,好看。另外建议豆瓣给「我看了七分钟就猜到结局」的观众准备彩蛋，他们是推动电影业进步的动力，值得满屏掉落大拇指。,2017-04-02 16:44:27
39,3,Panda的影音,力荐,2015年看的《罪恶之家》，2016年看的《完美陌生人》，2017年看的《看不见的客人》，共通之处就是利用剧作上的巧合和人性的叵测，将一个充满黑色悬疑的精彩故事有条不紊地讲述出来，虽然过程中猜测出女律师古德曼的身份，但劳拉却没像预测那般来个《大卫·戈尔的一生》式自我救赎……人言可畏亦难信？！—— 2017.06.22 上海 和平影都（ATMOS厅）：作为一部充满各种细节说辞的犯罪嫌疑片，本片确实编排得相当出色，但为了让故事得以顺利发展，逻辑上难免会有一些不够说服我的小不足，但整体还是编排得相当精彩……然后电影院的放映设备也更能让我注意到制作上的用心，声效够大，座椅都有震动，挺带感……,2017-03-24 23:32:21
40,3,颜落寒,推荐,剧本太精彩，处处伏笔，层层反转，虚实交错，暗潮涌动。自作聪明的往往一败涂地，不动声色的才能笑到最后。,2017-03-19 07:35:35
41,3,芦哲峰,推荐,所有爱玩反转的悬疑电影都可以用一句话来概括：你以为你以为的就是你以为的。,2017-03-27 11:31:46
42,3,天朝小蚂蚁,力荐,让观众最难忍的是，当得知自己儿子没有死并被推下湖的时候，这位妈妈忍住了,2022-10-23 19:05:39
43,3,柯里昂,推荐,看过片子后再来这个页面，发现海报上人物关系已经把结局剧透了。观影过程很享受，虽然结局并不难猜，但几段假设推理确实容易被误导，尽管每个假设都有一些经不起推敲的小细节，但是并不影响整体效果，除了老夫妻过分精明和易容的不彻底外，几乎没有大败笔。说别人脸盲的希望你在电影院也能一眼认出来。,2017-03-21 13:10:08
44,3,麻绳,推荐,作为一部连环反转的惊悚片，此片对观众心理的拿捏是教科书级别的。不难猜中结局，但这个过程还是太精彩了。,2017-03-25 20:32:09
45,3,文泽尔,力荐,调度上有种将阿加莎小说当代化的直感 谷仓之冰和密室的三重解答亦是对黄金时代的致敬 拍推理片需要的是娓娓道来 不急不缓的叙述 以及临近收尾时暴风骤雨般地揭晓真相 本片都做到了 虽然对于非脸盲症而言这个最早来自莎士比亚的诡计略显累赘 讲义系列若拍成电影 要的也是这种感觉,2017-03-29 17:54:02
46,4,有心打扰,推荐,当你不再年轻艳丽，当你的丈夫回到了身边，那么你就成了那群丑妇的朋友。,2011-05-15 20:33:31
47,4,P,,玛莲娜其实就是意大利，她最后的结局就是意大利的结局。,2006-06-12 09:59:22
48,4,熊阿姨,推荐,原来男孩子青春期是这个样子地，原来女人美丽起来是这个样子地，原来登徒子的沉默和中年妇女的疯狂是这个样子地……,2007-01-24 04:12:11
49,4,默默的蘑菇,推荐,当相貌远远高于一个人的社会地位时，所带来的伤害也会远远高于一般人。,2016-11-18 22:13:26
50,4,邪恶mango,力荐,"看到了人性的丑恶   更是看到了人性的光辉

一个性启蒙时期的少年雷纳多   爱上了成熟美艳的少妇玛莲娜

那些为了能见到她 为了能碰到她  
而骑着自行车狂奔的时刻   像是在追逐自己的幸福

那些因为看到别人诋毁   自己喜欢的女人   而去报复  的小动作

那个在教堂里   虔诚的跪在圣象面前
喃喃自语的说  在我未有能力照顾好她之前    请神一定要好好保护她   的少年

那个亲眼目睹她因为生活所迫  而被迫 出卖肉体   去换取卑微的生活用品时
看到她被那些世俗的男子拥抱在怀里   那种悲愤交加的心情 的少年
个中掺杂的辛酸和怨恨 还有嫉妒  又有谁可以明白呢     这是一个少年最初的爱啊

会记得那个女人被小镇人唾弃 侮辱  的时候   少年的眼泪哗啦啦的流着    就像那些难以言明的痛楚一样
还有在月台上  少年看着自己一直爱的女人落魄的离开小镇时  那双洋溢着不舍和爱的眼睛里  目睹着火车的渐行渐远像是在把少年的思念延续到远方一样    我想  尽管火车带走了她    但少年那份爱    是任何时间和距离都无法跨越的    这个少年就是爱的如此执着   爱的如此刻骨铭心

感谢导演托纳托雷   在最后把尊严还给了玛莲娜  这个曾被世俗所堙灭的美丽女人  在洗尽铅华过后  重返小镇  在广场上  在众人的诧异和谈论中   丈夫挽着她的手  她依靠在丈夫的怀里  目无表情的穿越过人群  那些曾垂涎并且无耻的占有过她肉体的男人们  看到她的那份淡定和从容不知他们会不会有所反思  想起片中的一句话  只有重返旧地   才能重拾尊严   这也许是对玛莲娜最好的褒奖    

不得不提的是玛莲娜那位被误以为战死于沙场的断臂丈夫   在经历了一场因狂热的民族主义而爆发的战争后  带着已有残缺的身体和疲惫不堪的心 回到他的故乡或许生命于他而言  唯一还有一点希望的是  他一直以为他的妻子还有他们的家  一直在等待着他的归来   只是当他回到那个小镇  回到他曾经的家   却再也找不到他的妻子爱人  没有人告诉他玛莲娜在他离开之后所遭受的种种不平   没有人告诉他玛莲娜的下落  只有小镇的人对他的无尽的讥讽和嘲笑    他甚至必须和难民一起拥挤在曾属于他和她的温暖小家里  会想起电影的这些镜头   在沉默的黑夜里  他背对着镜头   沉思  尽管看到他的表情  但我想  那便是关于落寞的最好诠释   还好   有雷纳多的帮助  或许说是这为丈夫对玛莲娜的爱   让他去相信自己的妻子  在是非面前   依然坚定不移的相信自己妻子的人   这才是真正的好男人   再美好的花前月下的承诺  也比不上他在黎明之前踏上列车  去远方寻找妻子的动作   因为这才是真爱   我喜欢这个男人    他让我有理由相信   男人除了所谓的好色和花心以外   还有一种所不能获缺的品质  它的名字叫责任     影片最后    这个叫黎诺的玛莲娜的丈夫  用仅存的一只手臂  挽着妻子穿越所有的人   穿越所有的舆论和诧异   穿越所有小镇的人曾对他们夫妇的伤害   表情坚定就如他对妻子的信任和爱   看到这里   若是要我以一个词来形容这个戏份并不多的男人   我想到的是绅士   优雅的绅士   真正的男人    真正的好男人

其实或许我应该把重点放在影片主角雷纳多身上   但我却不想对他做过多的评论  我相信  看这部片的每个人会以不同的角度去审视他看待他  我想说的是 在他的身上   我看到了一个少年在成为一位男人的过程里  在面对着所谓的“爱情”时  面对自己真正喜欢和爱的女人时   所有的细腻心情   包括很多看似荒诞但却真实反映人性的动作   也许这少年浓烈的感情里面   包括占有  嫉妒或许还有少年时对感情浓烈的企盼   但  请别怀疑   这个少年  对自己喜欢的女人的爱

在雷纳多最后看到那个曾深爱的女人玛莲娜时   看到她也开始老了  胖了  开始有皱纹了   不再是那个穿着丝袜身着性感的美丽女子了  但我不怀疑他的爱会因为玛莲娜的容颜逝去  而有所褪减   也许是他成熟了  懂得了真正的爱   最后的镜头里   雷纳多骑着他那辆自行车   在向前行的同时  不时回头看渐行渐远的玛莲娜   也许这个细微的动作已足以说明他所有内心的爱    “好象要逃避似的  逃避的是我对她的一段纯真之情岁月匆匆  而今我爱上过许多女人  当她们紧紧拥抱我时  问我会不会记挂她们   我相信我当时的心里是会的   但唯一我从来没忘记的   是一个从来没问过我的人    她就是玛莲娜 ”   ---雷纳多",2008-11-07 15:05:58
51,4,7酱™,力荐,有人深情的当做政治隐喻片来看，有人矫情的当做青春回忆片来看，也有人坦率的当做肉欲情色片来看。,2012-02-07 18:02:31
52,4,OnJel.,推荐,有人问我是讲什么的：一个青少年的性幻想和女人美到一个程度就会很悲惨（大概）。,2007-09-30 20:02:07
53,4,senior,力荐,关键时候男人都不出来帮他们的女神，不过如此,2012-09-01 20:41:04
54,4,草威,力荐,震撼全城的美貌，罪恶之源，情欲之源，纯真之源。这是公共意淫、诋毁、同化的典范。,2010-03-13 15:15:19
55,4,雷鬼膠囊套子啊,力荐,最喜欢一段：之前走路眼目躲闪低垂的她，在那一夜后将蓬松凌乱的头发染红，低胸黑色连衣裙，眼里全是看破之后的凌厉无畏，姿态轻佻却强韧无比，翘腿，叼一根烟于唇间，四下便倏忽忽如游鱼抢食般凑来十几只握着打火机的手。從頭到尾沒有一句臺詞。,2012-12-01 14:23:25
56,4,隆咚锵,力荐,美丽无罪，不忍心看美丽在暴民政治下低头,2007-02-26 00:58:56
57,4,快乐人生,推荐,从13岁男孩眼里看到了人性的丑陋不堪，对特别美丽，又无所依傍的玛莲娜任意伤害，把她逼到绝境，不得已成为妓女，战后更是残酷暴虐把她逼离小镇，讽刺的是当一朵鲜花零落成泥后，她再一次和丈夫回到小镇时又用友善的一面对待。她终于不再美丽，不是异类，对她们没有威胁，沦为和她们同样普通。,2018-02-13 00:06:49
58,4,眠去,力荐,“时光飞逝，我爱过许多女人，问我可否忆起她们，我说是的，我可记起你们，但唯一我不能忘怀的，是那个从未问过我的……玛莲娜”,2007-02-12 19:16:30
59,4,同志亦凡人中文站,力荐,贝鲁奇实在太美！连咪咪都美得人神共愤！男孩视角不能更动人。我们的历史总是在动荡年代，挑出一两位绝色女性，用她们的绛唇妆点狼烟，然后任之委弃风尘...,2014-03-29 10:07:19
60,4,徐小花,力荐,这女人是可以让整个城市心跳加速的,2006-10-17 03:04:49
61,5,sukida,力荐,整套哈利波特。我最爱这一部。最爱的场景是。哈利對赫敏說。你知道嗎。小天狼星剛才給我說叫我搬去和他一起住。這樣我就不用和德克思一家住了。或許我們可以住到鄉下去。那種可以看見天空的地方。我想他在經歷這麼多后會喜歡鄉下的。後來看到小天狼星死的時候。我特別的覺得絕望。 很多的時候我們覺得鄧布利多是最保護哈利。......,2009-06-26 11:21:29
62,5,流空破刃,推荐,比前两作进步多了，hp系列电影第一次走出了平铺直叙。并且居然还有了点儿dark的风格。,2011-08-02 21:12:13
63,5,劳永逸,推荐,换了个导演，电影的细节比前两部更经得起推敲，三人的感情纠葛已初见端倪，同样初见端倪的还有赫敏的胸~~~话说，卢平教授的第一节黑魔法课相当有趣啊~~~,2011-06-24 23:05:38
64,5,同志亦凡人中文站,力荐,把原著和电影对照了一遍，感觉这部才算叫作真正的原创改编：节奏感和悬疑氛围不徐不疾，小节上处处精雕细琢。卢平最后那句“mischeif managed”比原著更回味无穷，足见阿方索暗黑大师的功力。相比之下后面的五部简直只能用鸡肋来形容！,2012-07-11 21:21:40
65,5,沉歌,力荐,小天狼星殿下啊啊！《哈》里唯一一部改编得比原著小说还精彩的。,2008-01-04 17:55:26
66,5,阿迷大人,力荐,斯内普——全校唯一会用PPT上课的教授,2021-10-01 20:08:49
67,5,V,力荐,阿方索·卡隆把黑暗紧张，幽默风趣，还有机智巧妙的构思完美地融合在这一部电影中，让人意犹未尽。,2010-11-22 19:23:14
68,5,Bill,力荐,原本的故事在精彩程度上或许不如前两部 但却是最富有内涵的 一定程度上抛开了过于浓重的儿童读物气息 电影也是系列中最为优秀的 换了导演之后风格上的突破很大 特别是开头的设置 服装设计也越来越对味了 导演还执导了Children of Men 很能在影片中表达自己的思想,2007-08-13 00:01:31
69,5,Nakedself,力荐,注意到售票员韩波脸上的青春痘了吗？三层大巴里弥漫着汗和脚的味道。还有打人柳的春夏秋冬，那些都是我最喜欢的部分。墨西哥魔幻南瓜大电影，最爱。,2006-05-17 15:59:35
70,5,木由,力荐,哈利波特系列里除第一部外最喜欢这一部。虽然没有伏地魔，但却记录了哈利成长。脱离娃娃脸的哈利终于不再等待父亲的慈悲，昨日命悬一线的自己被今日的自己拯救。大有我已亭亭无忧亦无惧之态。小天狼星提议合住，卢平教授悉心传授救命咒。美好的未来画卷徐徐展开，一切未知都变得温柔。,2018-08-10 19:39:23
71,5,Panda的影音,力荐,《阿兹卡班的囚徒》虽然是《哈利·波特》系列中全球票房最低的一部，但也是极具艺术风格的一部。尽管《哈3》有些缺憾（比如，没道出活点地图的发明者，赫敏上交计时器的对话也没了……），但TA依然是我心中最爱的电影之一，我与「哈利·波特」的初次邂逅就是发生在这部《阿兹卡班的囚徒》里！→ 2013.04.20 北京 美嘉欢乐影城-三里屯店：《哈3》，3个朋友；从昨天到开始放映，我就一直告诉自己，这次不要在影院泪奔了，因为眼睛含泪肯定会影响自己观看这部我的第一部《哈利·波特》电影；然后，观影过程中全场掌声雷动，我鼓掌鼓得手都红了；可是，在时光倒流段落，朋友打来电话（手机震动），我（尽量小声）说：我真的好开心，我在影院看我最爱的《哈利·波特》，待会儿再回你电话。随后，泪如泉涌，源源不绝，无休无止，直至可爱的片尾字幕结束。~~~,2011-08-06 22:57:38
72,5,baobaodu,,best of HP movies,2008-07-04 17:05:55
73,5,独行侠杀手阿何,力荐,2024/10/29影院补看重评：时隔整整二十年，终于在大银幕看完这片！迈入青春期的唇红齿白三人组，伴随欢飞小鸟和婆娑打人柳经历霍格沃茨的春夏秋冬。小天狼星和卢平胜似老夫老妻，David Thewlis温文儒雅，Gary Oldman演绎出夹杂落魄贵族的英俊潇洒和癫狂，当场把当年12岁的我帅倒在电影院！两位从此让我深陷大叔迷情！Emma Thompson的神经质演绎颠覆又惟妙惟肖！导筒交由Alfonso Cuarón后，视听焕然一新，透满暗黑诡谲、可怖悚然的哥特风格和沁人心脾的叛逆青春气息，镜头语言精湛诗意，影像构造摄人心魄，配乐彻底大改，增加了羽管键琴、长笛、哨笛、竖琴等清越乐器和校歌、爵士、爱尔兰风音乐，最具魔幻美学、最独树一帜的HP电影！唯一不满是三人组一半时间身穿便装在校园里晃悠，违和十分。“Lumos”首尾呼应，活点地图谢幕妙不可言！[2004.9.12看的],2010-05-05 23:57:42
74,5,啊么吸溜,力荐,宿命感真的很动人。他总想着是父亲回来救了自己，其实是未来的自己救了自己。但是念念不忘的人总会相逢。😭,2022-08-09 12:15:53
75,5,大宸,推荐,好导演出好片...,2006-07-18 14:57:45
76,6,皮革业,推荐,James Cameron闭上眼，全是电影的明天。,2009-12-23 13:17:28
77,6,Menphis,力荐,钉子户 大战 城管 in 3D,2009-12-17 01:37:25
78,6,利器prost,还行,印第安在白人领导下的反白人入侵战争，可惜史实与此相反,2009-12-23 06:48:33
79,6,荔枝超人,推荐,已经不是在看电影了，是在比谁Wow的次数多，眨眼次数少。,2009-12-31 14:59:28
80,6,郭二,推荐,场面恢弘华美，情节烂俗狗血,2009-12-17 17:53:27
81,6,同志亦凡人中文站,推荐,情节水了点，想象力的世界叹为观止！,2012-07-20 20:39:43
82,6,桃桃林林,推荐,十一年之后重看改成四星吧。如今再看《阿凡达》，观影感受完全不同了。可能这些年心境太多变化了。十多年前更多执着于视觉，会认为故事很套路。现在觉得，虽然故事套路，但情感是充沛且直接的，会被感动到。此外，如今再回味本片，影响主要有两方面。一方面是让内地观众知道了IMAX，并且知道了看大片必须看IMAX。另一方面，是让观众知道了3D电影，也让《阿凡达》之后，内地掀起了一股子3D电影浪潮，到今天还没完全消退。,2010-02-08 22:19:54
83,6,不体面james,力荐,当所有美国大片都开始炫耀自己的视觉效果时，詹姆斯卡梅隆只是坐在阴暗的角落里冷笑，然后抛出这么一部让所有人感慨“操，真他妈牛逼啊！”的电影。,2009-12-18 07:42:44
84,6,圣约血镰,力荐,"抱歉，2012？在Avatar面前不过是小儿科！
只有一句话：这是史上最强科幻！
可恶的卡梅隆，你要让未来十年的所有科幻片都味同嚼蜡了！
因为所有观众的审美标准已经一口气被你提高了几个档次！
这部电影，不去剧院看绝对一辈子后悔
最后，感谢上帝赐给我们一个James Cameron",2009-12-17 00:05:47
85,6,欢乐分裂,推荐,"11年后重看多少是袪魅的——可以预料的剧情推进和转折，不无拼搭的多重主题构成，绝对政治正确的诉求，过于杂糅的科幻元素，刻板的人设；然而，这又有什么关系呢，仍为触手可及的美丽而心动，仍在肆意酣畅的奔跑飞翔中沉醉，仍被生命的纯净本真与自然的神秘幽深折服。现在回望，无论是开启的3D技术风潮还是工业标准，时至今日还是超一流的，并在后来无数作品中都可见其影子。

仿佛与他们一起踏足那片神奇的土地，目睹贪婪与愚昧最终被信仰的力量和守护家园的决心打败，感受万物有灵的能量流动，一同在无比绚烂的梦境里完成想象——这么华美的画布很容易遁入其中，即使明白这只是一场虚假的“造梦”运动。",2021-03-12 15:05:59
86,6,影志,推荐,James Cameron缔造的潘多拉星球，是一个永远也不可抵达的梦。,2010-01-04 17:15:34
87,6,清杉,力荐,"有一天,意中人会踏着飞着的大怪兽来救我.然后I see you...",2009-12-17 01:03:03
88,6,Color,力荐,刚刚看完，浑身起鸡皮疙瘩，无愧于人类电影历史上一个里程碑,2009-12-16 23:51:31
89,6,山微漾,推荐,讲的是殖民地引进殖民者的先进意识形态做武装，建立了党支部，发挥了先锋带头作用，扭转了解殖运动中的不利局面，最终印第安人打赢了朝鲜战争，干翻美帝！,2021-03-18 17:26:59
90,6,关雅荻,力荐,特效震惊，3D感一般，但够真实，故事一般，创意度一般，世界观展示一般，但呈现效果牛逼至死，战斗场面热闹和精彩，但谈不上震惊，整体只能说，整体符合预期，这是它的优点，但没有意想不到的亮点是它的遗憾之处。推荐观看。,2009-12-17 04:26:26
91,7,张天师,力荐,真希望世界像它描述的那么美好,2006-11-06 10:42:26
92,7,挽梦忆笙歌,推荐,雪绒花这首歌太熟悉了，玛利亚老师真的是一个与众不同的家教老师，她用她的爱她的音乐感染了上校一家，让原本枯燥无味的家变的活泼充满音乐和欢笑的家，真的是一部很经典的片子,2018-05-17 16:08:15
93,7,superfei,力荐,从小看到现在，大概有50遍了吧。,2006-06-05 19:39:14
94,7,2013,还行,原谅我，我真的不知道它好看在哪里。,2006-09-11 17:38:57
95,7,战国客,力荐,难以被超越的音乐剧经典~~,2009-03-13 23:21:57
96,7,白发生,力荐,温情四溢、沁人心脾的音乐电影，经典的一塌糊涂。,2012-02-25 14:15:20
97,7,影志,力荐,用音乐化解仇恨，让歌声串起美好。,2005-07-28 15:17:51
98,7,巴喆,力荐,里面的音乐剧已经载入教材，《哆唻咪》《孤独的牧羊人》《雪绒花》《音乐之声》等歌曲至今让我们耳熟能详。而更让我动容的，是隐藏在音乐背后的那博大而深沉的爱。最后特拉普带领他们逃到广袤而无限秀丽的阿尔比斯山脉，那是从专制走向了自由。9,2013-03-17 19:27:24
99,7,股神看不懂,力荐,还记得是音乐老师放给我们看的，真的好好看，真希望现实生活和剧里描写的一样和谐,2016-11-03 17:20:10
100,7,快乐人生,力荐,经典之作，其中反纳粹，追求自由，积极乐观的生活态度，至今仍打到人心，激励和鼓舞一代又一代的人。,2018-04-27 17:58:16
101,7,Panda的影音,力荐,有悦耳的音乐相随，有动人的情感相伴；有政治但没有阴谋，有战争却并不残酷；不愧是一部极佳的音乐电影！——《音乐之声》上映50周年纪念日 2015.03.02 重温：在玛利亚的身上看到好些我自己的影子，喜爱大自然、喜爱音乐、带孩子们愉快地到处玩乐、教孩子们唱歌、……，这一遍的观影真是满满的享受呀！,2011-10-10 20:41:13
102,7,Lan~die,力荐,居家旅行必备良药~,2008-03-30 17:09:24
103,7,赱馬觀♣,推荐,经典迟观，竟也分次完成。除三个小时确实太长，很重要的一点：这是一部优缺点非常突出的电影。优的部分如此之优。哆来咪雪绒花孤独的牧羊人，密集在60到90分钟时段。只要回想史上经典歌舞片留下过几首脍炙人口的歌曲？雨中曲第二首名曲叫什么？音乐之声仅用30分钟就奉献了足以同竞三甲的作品，足见伟大。可另方面，用以产生名曲的故事进程老实说有些乏味。反纳粹题材框束了某些情绪抒发是一方面。另外在角色层面上，上校的性格太硬太矜，普卢默高富帅却不够引人；玛利亚也只在与孩子相处歌唱时才显魅力（安德鲁斯的爱戏普通），俩人吸引动情的火花不够，加之竞争对手女侯爵被刻意处处下风，即使情路曲折，也无法让观众更多移情与期待。七小孩倒是展现了差异之趣，却局限在年龄和形态，性格或情感好恶上还是偏于单调——凭啥一定要“都”爱玛利亚？,2010-12-31 08:29:28
104,7,偏要勉强,力荐,音乐剧中最经典的了吧，难以超越，里面的音乐至今仍广为流传。,2018-04-25 22:03:39
105,7,石头星,力荐,风景、音乐、唱功、家庭、爱情、教育、幽默、优雅、爱国、反战、男神、女神 演技什么都有了。,2017-02-15 18:36:45
106,8,Bono,力荐,超级耐看和严重被低估的电影，看十来遍了越看越好看，我想100年后还是有很多人爱看它。,2012-07-24 23:20:59
107,8,郁程,力荐,再都不可能出现比它牛B的功夫电影了,2009-09-05 08:24:31
108,8,茜纱窗下,较差,故意耍酷装无厘头，不知所云，难看至极，感觉是周星驰电影的分水岭。不过里面的黄圣依真是颜值巅峰,2018-03-31 11:36:26
109,8,芥末小馒头,推荐,不要说烂，其实很卡通很cult,2007-02-15 18:38:00
110,8,魚山飯寬,力荐,重温星爷的功夫，猛觉得这是部无比伟大的电影！,2012-01-29 02:19:06
111,8,一夏秋凉,力荐,别装逼了，这片绝对值5星,2016-06-12 13:40:55
112,8,鱼丸粗面,推荐,华丽的夸张，情节倒是紧凑，毫不拖沓,2006-07-17 11:33:37
113,8,kingfish,力荐,"包租公,包租婆,斧头帮,冯小刚被砍,....都是经典.",2006-03-22 12:49:37
114,8,离,推荐,电影院里他说，你笑得好开心。,2008-11-20 21:24:37
115,8,杜边生,,如来神掌从此和竹蜻蜓有了联系,2007-11-17 05:20:34
116,8,时间的玫瑰,还行,不喜欢什么高科技，越来越不真诚。,2008-03-25 14:33:40
117,8,诸葛若见,力荐,哪怕里面冷眼嘲笑一切世间丑恶，依然保留一个温暖的希望。小人物逆袭，充满悲与喜，泪水几人知，初心却未变。十年之后再看功夫，无论是打斗场面，特效技术，还是笑点包袱，依然不过时，华语动作电影巅峰之作。,2015-01-16 12:35:11
118,8,恶魔奶爸Sam,力荐,功夫最后结尾所有的角色都以路人出现并不表示这是小男孩的一个幻想，而是说曾经的江湖中人和武林高手，终于都走出恩怨瞅啥，过上了幸福美满的生活，比如神雕侠侣做了普通人，火云邪神指挥起了交通——最大的证据就是，死掉的角色都没有出现，说明故事是真的，不是幻想,2015-03-15 01:34:10
119,8,bobobolao,力荐,星爷21世纪最好的电影，甚至比之前的一些电影都好，我起码看过5遍我会乱说？那些经典台词都倒背如流了,2014-03-15 20:35:17
120,8,大奇特(Grinch),力荐,重温《功夫》，改四星半。阿星认出哑女这段，身后海报是金姐与弗雷德的歌舞片《礼帽》（1935），符合时代背景。当初看时没多想，现在想想应该也有其寓意。礼帽是斧头帮成员的行头，而身后的海报是帽子飞舞，代表阿星弃恶从善，正好对应这场内心转变。ps:前面斧头舞也有弗雷德.阿斯泰尔歌舞片的意思。,2009-05-09 15:01:35
121,9,毛毛毛读作cuì,力荐,饰演魏斯乐入木三分的名演员穆荷自己，在两德统一后去察看自己的“忠诚资料”，发现有长达六年的时间，每天向秘密警察报告他的言行举止的，正是他自己的妻子。,2011-04-22 12:53:01
122,9,sogdiana,力荐,两条线，两个男人，两个故事，两个互相打捞的故事。丢了一个，彼此的人生都会沉入海底。当剧作家在街头，看到行走在人行道上的特工时，他本可以上前喊住他的。但是终于是没有。就像哈代所言，呼唤的人与被呼唤的很少能互相答应。他们最终选择了沉默地相互记录。,2007-08-01 10:49:55
123,9,南笙,力荐,最后一句，不，这是给我的。一语双关，瞬间落泪。这种利落的结尾，漂亮。,2013-01-24 23:48:34
124,9,seeme | 北北,力荐,2006年最佳奥斯卡外语提名。用自己的后半生成全了理想，沉默又坚定的男人，最后只得到“献给好人的奏鸣曲”。有时选择坚持自己的路，是用幸福去交换的。,2011-02-08 21:07:48
125,9,黑刀,力荐,结尾让人叹为观止，感慨万千。,2007-09-11 19:22:42
126,9,今天小熊不吃糖,力荐,看到结尾到底还是忍不住泪奔了,2010-09-29 07:08:38
127,9,私享史,力荐,真的很赞，尤其是演员的表演！淡化意识形态的典范之作！故事本身也很精彩！20191031重温了这部电影，说一个你们肯定没注意到的细节：本片结尾告诉魏斯曼柏林墙倒掉的那个拆信员，就是那个在餐厅里讲大领导笑话的军官！而耳机里播送柏林墙倒掉新闻的，是导演本人……,2007-02-28 00:52:22
128,9,林局,推荐,国安局血的教训：千万别请文艺青年做秘密警察～,2010-12-11 22:24:48
129,9,握不住的灵魂,推荐,东诺士马克的电影用了很多当初东德的机关大楼实地拍摄， 但是监狱博物馆的馆长却拒绝了他拍摄的请求。原因？馆长说，因为东诺士马克的剧本不符合史实:整个东德历史，像魏斯乐那样“良心发现”的秘密警察，对不起，一个都没有。,2012-02-12 14:10:03
130,9,影志,力荐,“你还站在正确的一方吗？”……惊艳于“做点变通”，惊诧于“重要的不是成绩而是成败”，惊呆于口误后的抓手动作，惊愕于搜索后可获损失赔偿，惊叹于女主的悲剧，惊奇于小人物改变的大历史，惊喜于“这是给我的！”,2015-11-15 19:07:37
131,9,萝拉,推荐,"有个大漏洞,按理第一次被搜查,无论是谁都会把打字机马上处理掉",2007-04-02 10:49:08
132,9,御姐控_光崽,力荐,你还记不记得他听歌流泪的样子，倾斜在椅子上陶醉的样子？,2009-11-15 20:37:33
133,9,小油飞,力荐,窃听普通人二十年都没感觉，窃听个艺术家没几天就被策反了……极权政府恐惧艺术还真是有道理啊……,2015-11-28 04:01:07
134,9,Ying,力荐,重看仍无比感动。为什么INTJ最适合做情报人员？因为他理性近乎无情却会被艺术和梦想打动、执行毫不犹豫却勇于质疑自己不沦为机器、孤僻独行却又珍惜与他人的温情。他是最聪明的，却是最不能被掌控的。,2011-11-26 16:01:46
135,9,大头绿豆,推荐,专制意味着有些人可以做另一些人的主人。,2007-01-10 00:27:54
136,10,老鸡｜扶立,力荐,嘛叫编剧功夫？界就叫编剧的功夫！,2008-01-10 16:58:45
137,10,任晓雯,力荐,中国多少年轻导演在学这风格,2008-11-02 14:22:24
138,10,唐小糖·,力荐,"克里斯说:""整个过程让我感动!""",2006-11-19 05:14:19
139,10,[己注销],力荐,（9/10）对于脸盲而言前半段大概会看得很痛苦，但后半部理清线索后会是各种神奇……不算入赌场BOSS，这片一共有五股主要势力在斗殴：欠50万的（买了两支大烟枪去抢劫卖白粉的）、卖白粉的（高尔夫球）、毒品供应商（黑人势力）、强盗团体、讨债父子和两个不认识赌场大BOSS的小混混……,2014-03-31 00:20:21
140,10,轻飘飘的旧时光,力荐,疯狂的石头在他面前只是浮云,2011-04-09 13:30:35
141,10,ⒹⓎ,力荐,从此开始喜欢上英伦范儿。我真的是太喜欢这部电影鸟。,2008-07-18 14:02:29
142,10,老阿飞—故园,力荐,此类多线杂糅叙事的代表作,2006-01-08 18:01:38
143,10,米姐起飞,力荐,果真没让我失望 喜欢这样能让你笑着紧张的好电影,2007-09-30 18:06:32
144,10,衣服,,周杰伦捧红了萧邦，疯狂的石头捧红了两杆大烟枪，夜宴捧红了哈姆雷特，集结号捧红了太极旗飘飘？,2008-05-11 15:42:59
145,10,大头绿豆,推荐,"结构很精细。艾德输光了钱的时候，恍惚出门，扶着墙吐，很真实。一贯老实的厨子打劫前突然说，带把刀好：Guns for show,knives for a pro.——你是不是有什么不为人知的过去？我不知道是马上要打劫可怕还是你的过去可怕。",2006-07-17 21:27:12
146,10,LORENZO 洛伦佐,力荐,浓郁的英伦范儿，搞怪的人物性格，多线交互叙事方式，无比精准多线互绕轮回归一的剧情，开放式结局，多处变速剪辑，以及精准切合的配乐，加上一帮英伦痞子的优秀表演：超值的五颗星！最喜欢的片段莫过于四人得手后庆祝的变速晃镜长镜头以及定格递推的开放式结尾，三个字：超喜欢！,2011-01-10 16:46:19
147,10,文泽尔,力荐,和be cool同类的巧合，全是喜感的巧合..黑帮的轻喜剧 两柄大烟枪作为串场道具，比钻石和石头什么的要妙得多了..当然也远强于那幅莫名其妙的画作..盖里奇越玩越糟糕，被自己造出来的黑帮多线串烧模式给彻底困住了..,2008-03-19 05:53:52
148,10,朝暮雪,力荐,多线叙事的巅峰之作，一直被模仿，从未被超越。,2012-08-07 15:50:11
149,10,Zuschauerin,推荐,我觉得这片儿里的小混混们都挺有型的.,2008-07-10 17:09:11
150,10,小耳朵图吗,推荐,貌似疯狂的石头就是在模仿这部片子。麦当娜的前夫的作品。,2008-09-01 08:33:13
151,11,海盐小圆饼干,还行,真的救命啊看得我满脸问号，我无法理解电影的展开方式，暗恋的细腻美好要从发现自己是白月光替身的这种角度来切入吗🆘,2021-02-17 22:49:08
152,11,伊卡洛斯,力荐,那些没有开口的告白，最终还是让你听见了。,2011-09-13 18:49:26
153,11,林愈静,还行,2000年，本人看得第一部文艺片，当时不知道啥是文艺片，表面上洋洋得意，认为自己算个文艺青年了，内心里无比的可惜那一块钱，因为本来是租《唐伯虎点秋香》去的。被人租走了才不得以看《情书》,2006-05-02 11:10:50
154,11,进宝,还行,生命只是一连串孤立的片刻，靠着回忆和幻想，许多意义浮现了，然后消失，消失之后又浮现。 ——普鲁斯特,2012-06-09 16:46:06
155,11,齊克斯尼力佐飛,推荐,如果知道女朋友爱上我是因为我像她曾经爱着的人，我会崩溃,2010-05-26 23:51:38
156,11,减肥书法家,力荐,"一个英语考27分的人
哪会在意什么break的过去式",2021-05-23 13:21:38
157,11,沉歌,力荐,关于藤井树的种种回忆，是你拥有的，我把它寄还给你。,2007-07-12 10:04:13
158,11,丁一,力荐,"经不住似水流年，
逃不过此间少年，
彩云易散琉璃脆，
水仙已乘鲤鱼去~",2011-01-18 20:10:55
159,11,果酱☮,力荐,无论如何都会流下热泪的电影，五星又怎么够！,2007-01-02 20:29:46
160,11,AllenGY,力荐,不好意思，这么多年了，我就靠这个活着了。,2008-05-24 11:13:53
161,11,刘嘉玲（跨年版,力荐,十年都没有第二个人借过追忆似水年华只能说这本书真的很难读,2021-05-20 15:44:15
162,11,隆咚锵,力荐,翻过来的卡片，肖像，是初恋回忆的完美情书,2007-02-26 01:07:49
163,11,陀螺凡达可,力荐,最后卡片翻过来后，我真的哭了。,2011-12-28 04:09:16
164,11,战国客,推荐,暗恋的极致,2007-07-14 09:05:26
165,11,危楼大海,还行,用一个男人的死亡、一个作为替代品的男人的包容、一个作为替身的女人的悲哀和一个女人半生的迷茫表达了一种叫做暗恋的情绪，我是不理解的，用我的三观来看，这是个悲剧，但诚然能表达清楚这样一种人类的情绪，也是不易。。。,2020-03-03 18:10:12
166,12,办公室甜心,力荐,一整场电影下来大家都很安静，几乎没有人说话，都掉进了长达十年的回忆之中，百感交集，直到结束，但是所有人都知道，它将永远不会结束，也许每个人心中都在期待着某一天自己的会收到霍格沃茨的offer然后拿着行李冲向九又四分之三站台。对于我这种脑残粉来说，给一百颗星都不够。,2011-07-14 17:31:12
167,12,楚仙,力荐,我们的童年结束了，希望下一代人的童年里还会有魔法师，还会有霍格沃茨。,2011-07-14 19:35:38
168,12,YuRAY,力荐,经历了Pt. 1的铺垫全片只有高潮. 零点首映结束后全场鼓掌很久. 于是余生就再也不会有新的Harry Potter电影了.,2011-07-13 09:08:41
169,12,🍔🥙🦪🥃🍶🍾🥂,推荐,我就想问问，年轻的格林德沃和邓布利多在哪儿？！都是坑爹的噱头啊！！,2011-07-14 04:43:27
170,12,马鹿,力荐,丹尼尔终极大叔的面庞标刻着我们的少年时代彻底完结,2011-07-13 22:45:06
171,12,UglyBerry,力荐,“你还爱着莉莉，斯内普？”“永远！”,2011-08-04 22:55:21
172,12,DizzyWhale,推荐,斯内普在里面哭，我在外面哭,2011-07-21 04:36:39
173,12,一朵潛水云,推荐,3.5★ 不談感情，這是我看完HP7.2的感受。如果你睡得朦朦朧朧的去看早場，也許會冷靜幾倍。HP7.2給我的感覺是結構很鬆散，簡略帶過、細節位少、3D失敗、配樂還算可以，有炫酷的特技、奈威和露娜的出場成亮點，說到笑位應該屬於最後成老爸、老媽那一段了。最後只能說：我們長大了，電影沒一起長大。,2011-07-14 17:22:10
174,12,愚人者,力荐,不管爱与不爱都已到尽头，即使有以后又新的哈利波特电影，也已经是另外一个世界，与我们的哈利无关。五颗星是必须的，泪流满面。,2011-06-22 18:06:00
175,12,弗朗索瓦张。,推荐,自己看完哈7，只记得斯内普对莉莉执着一生的爱。隐秘、压抑、不为人所知的爱情，永远是我的泪点。PS:心中最好的一部永远是第三部。,2011-08-05 13:07:44
176,12,桃桃林林,推荐,是时候告别了，一切都已结束。把未来留给新一代吧，再见~~(ˇˍˇ）,2011-08-04 19:10:31
177,12,同志亦凡人中文站,推荐,2颗星给罗琳阿姨，1颗星给Snape，最后1颗星给大结局。David Yates一如既往毁片不倦。,2011-08-04 22:31:30
178,12,澈黑,力荐,哈利波特最好看一部！斯内普那一段，全场寂静一点声音都没有,2011-07-13 23:06:32
179,12,BadSadMad,力荐,麦格教授挺身而出的时候我都快泪奔了~~,2011-07-14 21:57:47
180,12,バカ蓝蓝,力荐,"昨天看完后，太多的感情涌上来，以至让我不知该如何评述。看的过程中闪回很多回忆，当时的那些狂热，对霍格沃茨的的期待，以及延绵了十年的关注。我想 大概以后都不会有这么一部作品能带给我那么多的感觉了。十年一梦，终将落幕。But in our heart, it never ends.",2011-07-15 08:40:19
181,14,shu,力荐,最后他成为了穿条纹睡衣的男孩。,2009-09-09 12:53:07
182,14,Doublebitch,力荐,无论你之前是什么样的人，在穿上这件条纹睡衣之后，都会变成一样的人。这部电影主题深得我心啊，故事讲得也不错，镜头运用，结局处理都很出色，特别是结尾处那个长达数秒的长镜头发人深省。,2010-03-11 11:16:33
183,14,朝暮雪,力荐,小孩总是交友，大人总是树敌。,2013-01-01 11:28:06
184,14,tifanie,推荐,"""突然镜头换到那扇黑色大门前，慢慢拉远。 
如果你哭了。是为BRUNO对吗？ 
那么，shmul呢？""",2012-10-14 02:46:01
185,14,Sophie  Z,力荐,我一直以为会有传统电影中“最后一分钟营救”的那种结局，我一直理所当然地认为主角不死的光环会在这个男孩的身上，以至于看到最后一幕后我很久都没法接受。说到底这是一部纳粹电影。,2012-04-14 01:14:58
186,14,陆企鹅,力荐,最难过的不是布鲁诺穿条纹睡衣了，而是每一个穿条纹睡衣的人本都是布鲁诺。,2020-07-20 13:26:23
187,14,junepig,推荐,这大概是对纳粹反犹最狠毒的嘲讽了吧，通过欺骗，杀害的不仅是“敌人”，还有自己的孩子。,2009-03-03 20:50:58
188,14,眼角的花朵,力荐,看得我浑身发冷~,2009-02-08 09:40:23
189,14,不流ᝰ,力荐,感动我的是孩子的勇气，强大的勇气。,2009-03-01 23:04:35
190,14,公民奎文,力荐,你骗不了一个探险家，他必须亲眼见证才肯罢休。,2021-07-26 23:59:34
191,14,Hey Johnny,力荐,夜里安静地看这部片子，莫名的忧伤和震撼。有时候可怕的并不是罪恶本身，而是掩饰罪恶带来的后果会让人误以为罪恶是美好的。看到结局，最后的防线被击垮了，到底该为小男主无辜的死亡和其母痛失爱子而悲恸，还是要为这死成了对其父及纳粹罪行的惩罚而窃喜…（ps.Rupert Friend太妖孽。,2011-03-23 19:43:08
192,14,Ruby超人小姐,推荐,你还当这是一场游戏么？,2009-03-29 06:53:43
193,14,kissdemon,推荐,大半夜很容易走进情绪，最后的结局压抑得我说不出话。最可怕的教育是价值观的强行灌输，而最可怕的价值观是被一件条纹睡衣分割，看着姐姐满墙的贴画真是触目惊心的疼。,2010-12-10 00:26:29
194,14,Connie,推荐,母亲和奶奶的反应跟一味想要走进成人世界的Gretel姑娘形成强烈对比，不过Gretel在接受洗脑的过程中还是抽空想念起她的小伙伴和远方的家....她屋里的招贴画才是最触目惊心的吧，我比较关心这个女孩的将来,2010-01-18 11:34:18
195,14,lenlen,推荐,fuck 这么狗血的结局 看得心里好难受,2011-02-03 14:15:14
196,15,战国客,推荐,这种类型片很多，这也不是第一个讲述人格分裂题材的电影，不知为何评价很高~~,2008-03-18 13:57:12
197,15,SH&^U&^N64,推荐,邪恶与平庸蛰伏于同一个母体。在特定的时间互相对峙。,2006-08-01 16:23:02
198,15,麻木粮姜,力荐,我要带我的女朋友去看炸大楼,2008-04-15 21:53:38
199,15,Lan~die,力荐,一则极具颠覆性质的社会生活寓言.无能为力，无法改变现状，是现代生活中的癌症。虚无使人痛苦，使人希望借各种方式找回存在的真实感。然而现代人的精神悲剧就是，当他们自我搏斗、脱离了一种精神上的奴役的时候，不知不觉又进入了另一种奴役。影片自身所带有的一种不可言传的魔幻性与自我消解意味使它,2006-10-07 10:49:00
200,15,文泽尔,力荐,这就是神作！完美的镜头，丰富的特效，不可预料的情节，优秀但不装13的台词：我们还能期待从一部电影里得到什么？,2008-01-17 02:29:11
201,15,四维雨相,力荐,我看这个的时候才知道，电影可以这么牛B，一直到现在，重看最多次的电影。,2007-08-19 06:23:41
202,15,王周鹏,力荐,除了“人格分裂”，还可以从“本我、自我、超我”理论的角度理解片子，同时不要忽略单纯、不死、如影随形而又只具备原始欲望的玛拉，三者从未同时出现。“本我、自我、超我”是我们每个人的人格组成部分，三者的生存主张各不相同，相处相斗、此消彼长，影片在讲我们所有人。最后道德枪毙理想携手欲望，并窃取遗产、继续生活。,2012-10-27 14:11:42
203,15,挥雨,力荐,工作不能代表你，银行存款并不能代表你，你开的车也不能代表你，皮夹里的东西不能代表你，衣服也不能代表你，你只是平凡众生中的其中一个,2009-12-29 22:17:55
204,15,20个小明≯,推荐,之前在豆瓣被剧透了，毁了一次原本应该很精彩的观影体验…人类真是一种容易被煽动的生物啊…皮特当年真年轻，身材真是相当好，诺顿就一受，一脸被虐样儿…,2011-12-02 21:05:50
205,15,小斑,力荐,我又看了一遍，再次确认Ed同学从一开始就爱上Tyler同学鸟，经典的自攻自受啊。虽然两个都是金发，不过也就这一点不符合配对美学了，小皮跟Norton的cp还是很有爱的。尤其Norton同学那一脸禁欲小受样，典型的冰山美山啊……我要去找这两人的同人看,2007-05-12 05:03:15
206,15,毛驴哥🔒🔒🔒🔒,力荐,欢迎讨论。pitt帅成那样很不容易,2005-12-26 21:59:58
207,15,影志,力荐,抛开一切，重获自由。You met me at very strange time in my life. 天呐，今天才看完这部电影。佩服导演埋彩蛋的功力，特别那两个big nice cock，绝妙啊！,2007-05-11 13:24:01
208,15,大头绿豆,推荐,酣畅淋漓，癫狂，粗暴。一定要这样才能找回自己吗，每个人都在里边找自己吗，你们，那些在这里看到物役、生活枷锁的人，最后都如愿成为兽医了吗？,2011-06-19 23:05:39
209,15,Fantasy,力荐,"1.我看电影很少背台词,但这部片中的许多台词真是背的滚瓜烂熟. 2.我看过剧本结构最复杂的电影之一,其中情节的关联性对照性和许多彩蛋是模板级别的. 3.这部片后,大卫芬奇奠定了自己""黑暗小清新""教主地位. 4.原本大卫芬奇准备把1/24i秒一帧的布拉德皮特剪到片头24世纪福克斯处,太邪恶的念头了.可惜被否了",2011-09-04 10:06:21
210,15,海心,力荐,喜欢最后一幕，牵着爱人的手，静静看着窗外的世界轰然倒塌，而我们依然安全温暖。,2008-08-07 17:26:49
211,16,dormant,力荐,一部改变现实的电影：釜山地方法院于2014年2月13日对“釜林事件”进行了二审宣判，判决5名被告人无罪，距离一审判决时隔33年。“因为国民不富裕就不能受法律保护，就不能享受民主，这种说法我是无法接受的。”——宋佑硕,2014-03-05 22:13:55
212,16,PsychoBabble,推荐,OMG，这尽然是一部处女作。瑕不掩瑜，已经很棒了。被宋康昊那神演技弄得几度落泪，与其说是煽情，我倒觉得这就是演员发挥出来的功力见效了，入心。故事很有嚼头，真实事件改编，韩国军事独裁到宣扬民主的一个转折。结尾哭成傻逼了。另，韩影和韩剧真是出自同一个国家吗？Come on...,2014-03-16 09:21:05
213,16,zitsunari,还行,王党鞭不要看什么星星了，看这个去吧,2014-03-07 14:56:26
214,16,柏林苍穹下,力荐,“国家，证人所说的国家到底是什么？大韩民国宪法第一条第二项，大韩民国主权属于国家，所有的权力都由国民产生，国家即国民。但是证人毫无法律依据，一味强调国家安保，就把国家镇压践踏在了脚下······你是让善良无罪的国家生病的蛆虫，你是军事政权肮脏的帮手。”,2014-03-10 02:16:21
215,16,Ocap,推荐,最难忘的一幕是，在逼供处刚逮到律师的反派警官意外听到远处国歌响起，马上就地立正行礼。他的反应是那么迅速，神态是那么严肃、深情，你能看到他的举止绝对发自内心，以至旁若无人。这一幕太震撼了，完美诠释了爱国与行恶的不矛盾性。如果说主角代表了理想，那么这个人就是我们身边大多数人的写照。,2017-03-29 00:29:40
216,16,一字,力荐,不是很清楚卢武铉是个什么样的总统，不过电影是根据真实事件改编的， 至少他做过这样的事情。韩国电影一直有在自省历史，令人敬佩。大脸影帝之一的宋康昊演的太好，法庭上完全被他带入了。最后一幕特别加分，得人心者得天下！,2014-03-04 20:56:54
217,16,木卫二,推荐,只有更卖力地骂内地院线片了。原来是改编了卢武铉的故事，法庭戏倒是一般，煽情没错，但合理性和逻辑性似乎不太够，结尾超级感人。宋康昊曾用那双大小眼注视着银幕观众，如今，又是直面冷血暴力机器，非常之动情,2014-03-07 22:45:03
218,16,周沐君,推荐,法庭抗辩情节太一般了。但有一点把握得特别准确：一个生活优渥且一心想着赚钱的人，你跟他讲再多民主斗争的大道理，他都可能不为所动。突然有一天发现，哎，那个被抓进去受虐待的就是平时卖猪肉汤给我的大娘的老实巴交的儿子，认识的人。一瞬间就变民主斗士了。。。,2014-10-13 12:16:54
219,16,刘康康,力荐,法律有时候也是国家暴力机器的一部分，但法律依然是个人能够对抗国家机器唯一的武器，当国家机器想要彻底摧毁一个人的尊严和权利时，它首先想要做到的就是践踏法律。而当法律被如此践踏时，即使是最逐利的律师，也会挺身而出来维护法律。如果要问法律为什么值得信仰，这大概就是我的理由吧。,2014-03-19 14:14:30
220,16,小油飞,力荐,整个观影过程中我们都在感叹原来韩国法治最黑暗的时期也还是能公开审理和请外媒记者的。。。==,2014-06-07 10:23:50
221,16,西楼尘,力荐,七年前这里吃的酱拌饭被呕了出来，一同呕出来的还有羞耻；后来这里的乌冬面被写了出来，一同写出来的还有谎言；而今这里的汤泡饭被吞了下去，一同吞下的还有不甘。这一爿小店，收容过落魄，接纳过缅怀，原宥过屈辱；那一方法庭，钳制过自由，欺瞒过道德，背叛过国民。应声而起的辩护人们，名字叫正义。,2018-07-08 21:54:55
222,16,桃桃林林,还行,煽情部分的话，其实回忆更感人。其实韩国的八十年代是很有看点的，这些年也有多部相关影片出现，从军政府到如今，卢武铉的经历恰好也可映射出韩国的民主进程。,2014-03-04 21:47:08
223,16,囧叔,力荐,吃了《熔炉》的亏之后我长记性了，这次先看了完整的背景介绍，查了许多资料，就差连卢武铉的传记都看完了，才看这个电影，有效地防止了被窝囊死。,2014-06-06 11:48:28
224,16,叶林檎,推荐,无字幕就算了 还全片釜山方言 忍住这点痛苦看完了两个小时 电影结束后跟朋友对视 决定出字幕版时一定要再看一次 怎么说都得搞清楚自己为什么哭了两次啊。。。,2013-12-21 21:02:32
225,16,OX,力荐,韩国失去像卢武铉这样的总统... 真的是国之大丧.. 还有这个叫New的制片商真心让人眼前大亮~  去年本人觉得不错的 《新世界》、《监视者》《7号房的礼物》《捉迷藏》等电影都是New筹拍的 而且都是启用了新人做导演,2014-01-03 21:17:49
226,17,Ridden,力荐,你可以像疯狗那样对周围的一切愤愤不平， 你可以诅咒命运，但是等到最后一刻到来之时， 你还得平静的放手而去。每个人在某种程度上都对自己有不同的认识，但是我们最后都会去往同一个地方。只是走的路不同罢了。你也有属于你的道路。,2009-01-10 11:24:03
227,17,minhe,推荐,你前进，我倒退，我们爱对方整整一个曾经。,2010-05-20 22:28:38
228,17,红豆♥,推荐,最喜欢黑人妈妈了，她是天生的母亲。T T,2012-09-19 22:30:06
229,17,海心,力荐,有种莫名的伤感。我们总会失去所爱之人，要不，怎么会感到他们有多重要呢。,2009-01-06 14:52:35
230,17,晨雾鹤影,推荐,"我们像婴儿一般来到这个世上,又像婴儿般安详的离去.留下的,也许都在最后与心爱的人眼神交汇那一个瞬间,从眼前飞逝而过的所有故事吧.",2010-02-15 15:29:24
231,17,莫沂,力荐,阿甘正传+大鱼+摩托日记+罗拉快跑+千岁情人+第六感生死恋,2009-01-08 13:01:25
232,17,荔枝超人,力荐,关于时间关于爱……后40分钟忧伤到令人窒息。,2009-01-08 21:07:44
233,17,眠去,力荐,当他变成一个孩子，他开始迷惑，“我好似已经经历了一生。”他曾经的衰老，曾经的爱恋，曾经的年华，到了某一刻，只能轻轻放手，顺服地走向死亡。,2009-01-20 11:42:27
234,17,熊阿姨,力荐,“于时间的长廊上你再也不等我”,2009-01-18 10:10:14
235,17,思阳,还行,虽然明星众多，也有装逼文艺片的嫌疑，但这部片子实际有点混乱，而且似乎什么都没有说。,2009-02-22 13:42:54
236,17,西楼尘,力荐,我心目中最优秀的电影，至今无法超越。满满的都是时光的隽永、寂寞的主角和奇特的故事。影片的质感丝丝入扣，如同醇酒回味无穷。这是一个温柔的童话，黛西的女儿在母亲的病房里，读到本杰明写给她的那些不会被寄出的明信片“我想成为你的父亲，我这一生做过的所有事都没有这件有意义。”真是无比心碎。,2013-09-05 00:21:58
237,17,莫呼洛迦-屁股上的青春在歌唱,力荐,其实也是有感动，感动的点很奇妙。,2009-04-24 01:01:53
238,17,张小北,力荐,看了第二遍后，觉得是杰作。好电影就是每次看都会觉得心醉神迷。,2009-01-21 22:39:43
239,17,根,力荐,哇被两个女王睡过的男人，简直可以说是Holy cock了,2016-10-19 13:51:17
240,17,🦋,力荐,Benjamin不用上学不用上班的一生,2022-09-22 23:51:40
241,18,阿右,力荐,看似最不能守住传统和孤独的人，坚持到最后。,2012-04-21 00:38:36
242,18,花间一姐小渡边,力荐,你个杀千刀滴老朱，我以为你要勾引我，原来你是要拐走我滴女儿！,2014-03-29 10:32:04
243,18,Gabrielle,力荐,到现在才看这种基础款片子实在该打。吴倩莲的角色看得我如坐针毡。归亚蕾对小珊珊说：“小孩就嘴这么叼，长大必定嫁不出了。”镜头一扫吴，我才后迟钝地顿悟。问题或许甚至不在美貌和才情就在那份致命的骄傲。这才只是副线之一。李安这人坏到骨子里去了。,2012-02-19 21:16:23
244,18,吊诡,力荐,家倩:啥？我买的房子是违章建筑？啥？我妹妹怀孕了？啥？我大姐的苦情史是她的幻想？啥？我炮友要结婚了？（而且我真就是个炮友？）啥？我爸把锦荣拐跑了？啥？我爸做体检是为了证明他还能再生一个？这啥世道啊？这啥家庭啊？你们这么多人玩我一个确定不是串通好的吗？还有，爸，我刚决定放弃大好前程留下来陪您，您把房都卖了，合适么？,2021-03-05 01:51:53
245,18,眠去,推荐,人生不能像做菜，把所有的料都准备好了才下锅。还有就是，原来男人会一直有性欲。,2008-02-05 15:13:55
246,18,DJ Katze,力荐,看完之后我就想当一辈子的姗姗。,2013-06-10 11:50:47
247,18,太阳的倒影,推荐,李安真是个闷骚，想骚不敢说，但又骚得难耐，只好骚得若隐若现，骚得欲说还休，把他那五千年来的性压抑骚成一套吃饭故事，一如他上台领奖，本是春风得意，却把脸摆成一幅认怂的样子，但再怂也掩不住嘴角的笑意，尼玛，我从未见过如此闷骚之人！,2017-01-29 10:50:47
248,18,5只小熊,力荐,我会告诉你我反复看了五遍开头？口水留成海,2012-09-14 01:31:55
249,18,匡轶歌,力荐,李安最好的作品。太流畅了，调遣得宜，全无废句。,2006-10-19 17:00:43
250,18,张佳玮,力荐,昨天把这片子掏出来又看了遍，过去十三年看了总有三十遍了。开始是看做菜，之后看吴倩莲和赵文瑄，现在净注意杨贵媚、郎雄的小表情和归亚蕾的口音。昨天才注意到，这片平均颜值高得吓死人：三姐妹及夫婿都清爽标致，41岁的张艾嘉笑起来还有少女感。,2016-07-15 16:57:19
251,18,Q。,推荐,“其实一家人住在一个屋檐下，照样可以各过各的日子，可是从心里产生的那种顾忌，才是一个家之所以为家的意义。”极其平淡的生活细节，但无不透尽亲情与爱意。归亚蕾那口熟悉又有趣的湘音也让我开怀。有时候，生活和烹饪是一样的道理，需要用心去投入才能做出一份好味道。★★★★,2011-06-12 16:59:22
252,18,土豆泥,力荐,我也是看完这部最后笑了的人之一，两个多小时的片子却一点也不觉得长，重要的事情发生的时候都有一桌丰盛的美食，原来这就是饮食男女，我们要吃饭，我们也要生活，生活怎么能总是波澜不惊呢，必须是有着很多的问题。没有一颗细腻的心是没办法拍出这样细腻的片子的。,2012-10-06 23:01:10
253,18,镜泉,推荐,假如94年有豆瓣 着一定会是当年最精彩的一个直播贴,2012-10-03 01:11:45
254,18,艾小柯,推荐,细腻又不做作，李安的一贯风格。,2006-06-20 03:34:34
255,18,ﾐﾉﾑｼ,力荐,惜食，平淡如水余味长~想起小时候吃麦丽素特别小心，还发明好多奇怪好玩的方法。人心粗了，吃什么都不精。,2011-04-27 23:29:35
256,19,战国客,力荐,看来我要少看电影了，我的人生才是我经营的重点，电影终究只是电影啊~~,2008-10-18 15:30:06
257,19,核桃佳子,力荐,出去闯荡吧，永远不要回来，不要打电话，不要写信。我不要在这里跟你谈话，我要听别人谈论你。。。,2012-04-27 02:41:52
258,19,Ridden,力荐,生活和电影不一样，生活比电影难多了。,2008-01-20 21:45:21
259,19,老鸡｜扶立,推荐,没有结尾的热吻，这部片子就只能是还行,2008-01-10 16:57:03
260,19,托尼·王大拿,推荐,在中国电影资料馆先看了177分钟版本的导剪版，感觉后半段特别糟心；随后立刻找来124分钟国际版扫了一眼，感叹这片的制片人和国际发行商够牛逼，直接将一个狗血剧剪成了未央歌：爱情无果而终，影院坍塌解体，不完美的完美。,2014-01-05 01:08:59
261,19,海心,力荐,如此美丽，如此悲伤。那些吻戏，那些青春，都在影院的黑暗里被泪水冲刷得无比清晰。,2008-11-26 17:45:36
262,19,胡子大王,力荐,观众在电影院什么事都干,2005-09-24 01:02:14
263,19,九尾黑猫,推荐,剪掉的胶片，拼成无数爱的片段。恒久的誓言，不是100天中99夜的等待，而是第101次回望。,2008-03-19 00:36:00
264,19,单线程青年,力荐,《天堂电影院》是每个人的童年，每个人的家乡，每个人的初恋，是最后绵绵长长一直伴随到死，渗透到了血液里灵魂里的记忆和感觉。,2007-07-06 09:29:32
265,19,理想多钱一斤啊,推荐,回忆就是因为回不去才可爱，才可贵。错过多年以后let go的坦然有时比悲情的执着更能予脑海留香,2010-07-08 20:24:49
266,19,大头绿豆,力荐,几个亮点：电影院题材；缘分错过后重逢。都是很不容易的题材。恐怖电影，电影院里所有人都捂住了双眼，只有一个男人无所谓地瞪大双眼看，转过头去，楼上也有一个面无惧色的女人在对着他笑。一切停止在此时。,2007-11-27 21:30:13
267,19,Miss Lucky,力荐,接吻镜头剪辑的那段最美,2006-12-29 10:14:35
268,19,Sophie bian,力荐,真好的一部片子，关于忘年交，关于青春，关于爱情，关于真诚。三十年的时间，你会习惯多少事情而又忘了当初那些感动。当天堂电影院倒塌的一瞬间，脑中残留的画面想起了阿尔弗雷多的那句话：当你在这里待久了，你会以为这里就是世界的中心，你要离开这里。对未来的信仰和憧憬。结尾的吻戏剪辑真赞！,2011-05-28 11:49:41
269,19,大笨象騎士,力荐,如果不走出去看看，就不会知道回来的意义。回忆的美好在于经历人生种种变数之后，想起那些简单纯粹的日子，那一滴划过上扬嘴角的泪珠。,2016-12-29 18:06:49
270,19,艾小柯,推荐,感人，但平淡。,2006-12-30 19:01:08
271,20,17950,力荐,74/47th 第一部是关于神化的智慧。第二部是男人的光辉与悲哀，以及意大利的传统家族观念在美国的狗屁价值观前节节败退,2006-10-29 23:58:55
272,20,△▲凉度▲△,,再次睡著了。。。,2009-11-04 20:17:21
273,20,A-sun*,推荐,两代人的对比，Al Pacino和Robert Duvall都太帅了，不同的是，父亲拥有家庭与荣华，而Al Pacino几乎失去了所有亲人。,2010-10-08 12:08:13
274,20,九尾黑猫,力荐,帕西诺太帅了~,2008-03-19 00:25:02
275,20,Crazy Henry,力荐,多年以后，垂垂暮年的麦克将会想起父亲生日宴上，弗雷多向刚刚报名参军的他伸出手的那个遥远的下午,2021-06-20 01:04:59
276,20,有心打扰,力荐,哪怕敌人已经手无寸铁，但仍旧要处理掉，以绝后患。麦克延续了父亲的性格，唯一不同的是家庭问题的处理，是时代变了，也是麦克与父亲之间的不同。两条主线相互交错，即是对比更是互补。阿尔·帕西诺最后的眼神，那是寂寞吗？,2011-11-21 23:49:43
277,20,同志亦凡人中文站,力荐,个人感觉比1更好，可能因为格局更大的原因，导演的难度系数增加了不少。两代教父的故事以波澜壮阔的手笔呈现，一个是朝气蓬勃，一个是盛极而衰，最后却是殊途同归的孤独。经典修复的画质真是太感人了！,2017-05-19 20:14:00
278,20,fish,力荐,所以说，苟富贵 勿相忘是古今中外最难做到的六个字。仔细想了一下麦克和他爹的差别，一个是由穷到富的创业，从妻子到孩子到朋友到哥们弟兄，无一不是感恩的，跟着教父有肉吃。而麦克，只有他知道世界多危险，他一个人扛一个人摆平一个人承受，然后身边所有的人却把他看做是凶手和怪物，真可怜……,2014-06-02 02:18:39
279,20,米粒,力荐,阿尔帕西诺你敢不敢再帅一点,2010-01-01 19:09:57
280,20,U 兔,力荐,虽然有点儿长，但你会知道为什么三个小时你都坐在这里～（不明白自己2009年5月27日怎么留下了这样的短评，而且还被打了104个有用，毛用啊，对于回忆当时看完这片儿的感受一点用木有。2015.8.8重看，不如1爽，相比之下节奏氛围人物塑造都差了些，自然还有其精致所在但已经没了那种生猛，太可惜了）,2009-05-27 18:08:12
281,20,CynicDogAldaev,力荐,《教父》系列的绝顶。对时间的感知是科波拉最出色的一次,2009-02-21 20:53:58
282,20,颗颗Huier,力荐,交叉蒙太奇和结尾的闪回部分，让2的结构比1复杂了些。你是对敌人、朋友、亲人失去信心，还是对自己失去信心？想改变、想停下、想回头，却被无形的大手推着向前走的感觉，很难受吧？维多所期望的麦克的未来，是现在这个样子么？,2013-04-21 11:12:50
283,20,seeme | 北北,推荐,【720P】这部电影告诉我们，为什么“富不过三代”——因为富二代们的生活总是很混乱。,2010-10-24 19:49:29
284,20,时间的玫瑰,推荐,优雅的孤独,2010-10-21 21:02:58
285,20,Q。,推荐,既是前传，也是续集，两条线交错着叙述，一边是创业一边是奋斗。无论镜头还是画面色调的处理都一如既往的出色。作为一部续集来说，堪称完美。但作为《教父》的续集，却始终缺了点什么……★★★★,2011-02-01 17:00:16
286,21,罗弘霉素,推荐,败在“刀疤”没有反派魅力！,2010-07-08 18:09:30
287,21,影志,力荐,“太阳所能照到的地方，都是我们的国土” 随时随地、再看百遍、都会感动如初的经典。,2005-08-24 07:19:46
288,21,Kaito,力荐,hakunamatata,2006-05-13 08:01:49
289,21,铃铛,推荐,我只是在必要的时候才会勇敢，勇敢并不代表你要到处闯祸。,2018-04-25 16:06:49
290,21,嘉沐難再續.K,还行,我真的不覺得特別。,2009-05-30 04:09:24
291,21,寒  汐,力荐,动物版哈姆雷特,2008-02-02 12:03:44
292,21,伍德与夏洛蒂,力荐,最爱的迪士尼，没有之一。,2011-03-16 20:44:17
293,21,股神看不懂,力荐,经典之所以称之为经典正是因为他无法复制，狮子王就是这样的经典，每一个细节都那么出色，每个音乐都那么动听，恰到好处的搞笑和贯彻始终的感动。这样的片子不管放到什么时候都不会落伍，因为他本身就是传奇,2016-11-02 22:31:06
294,21,lostcat,力荐,经典得都烂了,2009-08-05 13:46:26
295,21,同志亦凡人中文站,推荐,现在看剧情真的好简单啊，不过拟人感实在太完美了。还有那个“哈库那莫塔塔”，好多年没听到了...Can You Feel My Love Tonight？,2012-10-28 18:47:54
296,21,TORO VAN DARKO,力荐,又是一部是属于那个年代的影迷的经典,2008-10-04 03:44:04
297,21,老鸡｜扶立,推荐,从此得知，原来动画片还可以是这样的……,2008-01-10 16:46:34
298,21,巴喆,推荐,这动画说的是龙生龙凤生凤、狮子王的孩子还是王；野心家的夺权、王子的复位，以及童年情愫、成年的炮。这动画加分都在技术项，比如使用了当时最先进的2D动画技术，现在看来极具美感渲染的画面，以及太经典的歌曲，《Can You Feel the Love Tonight》一曲足矣！8.4,2016-07-26 21:14:57
299,21,炫3D,力荐,这部动画绝对是经典，内容积极向上，音乐无可挑剔。,2017-03-22 11:18:42
300,21,[己注销],还行,现在回头来看，已经很难从这种二元化的作品中找到感动了……,2011-12-07 19:46:02
301,22,影志,力荐,赫本，无与伦比的美丽。,2006-01-08 05:14:19
302,22,Doublebitch,力荐,离开你 并不是因为不爱你,2010-07-29 11:49:03
303,22,Miss Lucky,推荐,谁不爱赫本啊,2006-12-22 20:35:26
304,22,Ocap,力荐,从他背对着走，到不自然的转身，观众和他一样，都在奢望些什么。最后整个记者会的段落，就像戏剧和现实的静谧对抗，现实赢了，却让戏剧的魅力更大。也许爱情就是，你不知道她会不会出现，但你却能肯定：她也想出现。这就够了。这样的结局不知可以完爆多少现代爱情片。,2015-08-30 10:28:13
305,22,Cherry,力荐,完美的公主，天使的笑容，魅力的男人,2005-07-12 16:57:32
306,22,战国客,还行,没觉得奥黛丽·赫本特别好看，相比更喜欢费·雯丽~~,2008-03-18 13:57:46
307,22,同志亦凡人中文站,推荐,因为罗马，所以经典。因为短暂，所以永恒。顶着锅盖说一句：其实赫本的气质大过演技～,2015-07-11 08:26:34
308,22,熊阿姨,推荐,没有看过这个的经历会显得自己太无知老土，看过了，觉得真是金童玉女啊，真是令人向往的爱情啊！真是......尽管看完了该无知还无知，老土的也没变洋气，毕竟主人公那长相那气质不是几个整容手术几部电影能成就的。,2005-07-17 14:13:25
309,22,老阿飞—故园,力荐,公主与拍小照的穷光蛋，影史上不灭的永恒瞬间,2006-01-08 17:38:20
310,22,littletwo,力荐,罗马，当然是罗马……,2007-11-11 10:06:50
311,22,安东尼,推荐,她说 我最爱罗马,2007-04-22 00:17:26
312,22,[己注销],力荐,（９／１０）大俗亦大雅。什么叫经典，看过本片后，你就知道有多少后世影片，模仿和抄袭过这部作品了……以前的影片没有特效轰炸之类，便需要加强演技来吸引观众，看过本片就会被赫本和派克的精湛演出打动。赫本的短发造型确实很酷，在那个崇尚古典优雅的年代，公主对头发的这一剪估计让很多人为之惊异吧。重看本片时，深感是不是一直以来，对男二欧文太过忽视了呢？欧文并没有像乔那样对Ann投入很强烈的感情，但当他选择把自己辛苦拍下的照片交给Ann时，他和男主就有了同样的高尚。,2012-03-31 01:11:45
313,22,W之芮,力荐,赫本一出场我真是被惊艳到了，身材高挑、五官精致、气质绝佳，无法超越的美，整个影片也拍的很好，不愧是经典，很喜欢,2018-01-13 11:53:31
314,22,犀牛,力荐,永远的奥黛丽·赫本,2006-03-08 09:58:01
315,22,梦里诗书,力荐,是一生一世还是一日之爱能更足以诠释爱的真挚？很多人会毫不犹豫的选择前者，但电影《罗马假日》无疑呈现了那刹那芳华间爱最美的形态，再难有一部电影能将如此短暂的爱情给人以洞彻心灵的动容，光影留存住了那永远的绅士和公主。,2015-01-02 17:42:40
316,23,束,推荐,一口气看完三部白金加长版，对于这样的片子，只有两个字形容：经典。相对于骇客帝国，这三部的连续性非常好，值得称赞。,2007-11-22 02:58:00
317,23,岛上的夏奈,推荐,Frodo和Sam史诗般的真爱历险记。,2013-03-04 00:32:12
318,23,阿底,还行,太长了。看得我昏昏欲睡。,2008-12-08 12:46:11
319,23,sherry Q,力荐,于我，魔戒永远是不可逾越的史诗。,2006-04-20 13:46:40
320,23,影志,力荐,甘道夫掉下桥的那一刻，真的落泪了…,2005-08-24 07:20:11
321,23,颜良辰,力荐,每次看魔戒都会被奥兰度惊艳到~,2010-03-05 00:17:22
322,23,Nakedself,力荐,在拒绝好莱坞N年后，一次意外的走入影院，我成为了LOTR的死忠，总有一个绿衣服的弓箭手在眼前晃悠，我冒着花痴般的笑容，历史就此翻开了崭新的一页。,2006-05-17 15:58:25
323,23,好天气,力荐,波洛米尔牺牲的时候，就是人类找回高尚、荣誉和希望的时刻。,2021-04-18 13:17:02
324,23,死鬼,力荐,"无限的生命并不能给精灵带来永恒的快乐 更残酷的是 让他们眼睁睁看着身边的美好一点点消逝 或许有限的生命才是命运之神对人类最大的眷顾
我宁愿和你度过凡人短暂的一生 也不愿一个人看尽这世界的沧海桑田",2018-03-14 08:40:50
325,23,庄小龙也有尾巴,推荐,场景好美！！特效好棒！！但是剧情我真的不是很感冒，差点看睡着了。,2017-08-11 13:23:09
326,23,张天师,力荐,只为~～奥兰多布鲁姆,2007-04-02 13:01:40
327,23,芳菲弥章,力荐,看过几十遍了，新西兰去过了，weta去过了，取景地去过了，正版碟买过了，周边买了一堆，原著买了三个版本，电影设计📖也买过了，20年后来补上电影票，真的好好看啊，20年也没有什么什么片子可以取代你,2021-04-18 16:49:23
328,23,眼角的花朵,力荐,人性与其他生灵都有自身的脆弱性，所以，即使是选择了善，也有可以脆弱导向其他的方向，就像森林女王。更可怕的是，用恶的手段达到善良的目的，本质上的以毒攻毒，以恶抗恶，就像人类国王贡多的儿子，都是人类信念不够坚定，内心的力量越来越弱时产生的。,2008-06-24 18:37:07
329,23,kayoo,力荐,"重映后，居然好多人说是烂片😅
这到底是《指环王》烂了，还是这个时代越来越烂了",2021-04-23 23:20:47
330,23,艾小柯,力荐,All time favorite!,2006-06-16 01:38:11
331,24,唐小万,推荐,真是沧海桑田：那时候基努-里维斯还是清瘦小嫩肉，沃卓斯基姐弟还是沃卓斯基兄弟，诺基亚还是业界老大。,2013-07-20 22:03:09
332,24,米姐起飞,力荐,果真没让我失望~频频赞叹1999年人家的思维人家的意识 而咱都2012了还是爱构思古装穿越剧。。。,2012-01-20 11:44:36
333,24,麻木粮姜,力荐,其中的哲学影响我的哲学道路,2008-04-15 21:49:44
334,24,战国客,推荐,一部蕴含丰富哲理的科幻巨制，袁和平的动作指导将东方武学艺术推向全世界，尼奥躲子弹的镜头成为经典~~,2007-06-30 22:34:56
335,24,朝暮雪,力荐,"有没有可能整个世界都是电脑模拟出来的，我们以及周围的一切只是电脑中的一串代码？
“你和所有人一样，生来就是奴隶，你生在一座自己感知不到的监狱”
这种猜想已经足够震撼，但《黑客帝国》的深度还不止于此，它还在这个基础上提出了新的问题：
你会选择蓝药丸还是红药丸？
是选择美好的虚幻还是残酷的现实？
表面上好像很好选，其实比我们想象中困难得多。
一边是未来的末日世界，被饥饿和寒冷所摧残，还要面临被机器人追杀的危险；
一边是温馨和平的年代，有蓝天白云、良辰美景，甚至还有成为成功人士的机会。
的确，所有人都知道梦境再美好也只是梦境。
但塞弗就是愿意为了区区一个梦境出卖所有人。
假如我们真的逃出矩阵，体验到现实的残酷，也许我们会做出和塞弗相同的选择。
正如当你做了美梦的时候，你宁愿继续留在梦里，不愿醒来。",2012-08-18 01:26:16
336,24,Q。,推荐,划时代的作品，Keanu Reeves成名之作。作为奠基之作，无论是故事内容，还是电影的表现手法，都十分出众。而作为商业科幻片又蕴含丰富的哲理，带来的是视觉与心灵的双重冲击。只可惜结尾为续集的铺垫而略微显得狗血。★★★★☆,2011-04-22 03:26:03
337,24,HalloZen,力荐,黑格尔的异化理论，事物发展到一定阶段会异化出与之相对的异己，异己的发展会最终替代本体，人发明机器，最终被机器所替代。,2013-01-28 10:51:37
338,24,本多,力荐,装逼哲学的开始,2007-07-08 18:00:38
339,24,艾小柯,力荐,新的哲学，开创动作片之先河,2006-06-21 01:51:50
340,24,kidultcc,还行,"想quote张潇雨的一条微博：“越是伟大的作品，在多年以后再体验越会感觉平平无奇。因为那些伟大的部分已经传承和渗透到无数的后来者里，成为了这个世界「默认设置」的一部分。换个角度讲，在实际接触到那个原始作品之前，你已经体验过它无数次了。”
而这段话就是2019年的我，对此片的观感。",2019-11-26 12:47:55
341,24,高歌,力荐,禅宗慧能说：不是幡动，不是风动，而是心动。,2011-05-01 02:57:52
342,24,影志,推荐,当时我就黑客帝国了。,2006-02-10 14:11:14
343,24,fateface,力荐,1999年的电影，脑洞大得不止一点两点。更好玩的是，好像全世界正往那个方向走。这两天看完《未来简史》后不断想到这个电影，就复习了一遍。真是毫无违和感，一点都不像18年前的电影。,2017-03-20 20:27:10
344,24,莫呼洛迦-屁股上的青春在歌唱,推荐,"你的認知決定你的選擇，你的選擇決定你是誰。

我們一直都有選擇：
選擇當一個溫良恭儉讓的良民，
也選擇當一個破壞溫良恭儉讓的暴民。

我們似乎也一直有選擇：
吞下紅藥丸，成為救世主；
或者吞下藍藥丸，繼續在母體構建的虛幻中渾渾噩噩地活下去。

我們從不真正相信「明天會更好」，
但我們卻心安理得地相信——
AI 不會在明天就把我們幹掉，
只因為它今天帶來的便利太過無往不利⋯⋯

我們選擇那些我們以為是我們自己選擇的；
我們相信那些我們以為是我們自己相信的。
因為我們堅信——
造物主不會對我們那麼殘忍，
總會有一位救世主，來拯救我們。

但誰來拯救我們的「相信」？

很難想像這部 1999 年的電影，竟然能如此同時具備——
娛樂性、哲學性、預言性。

在我目力所及之處，
至今，無人能出其右。",2010-02-04 08:16:01
345,24,原来是西门大嫂,推荐,Matrix的母体概念比盗梦牛逼啊，只不过变性兄弟在庞大的逻辑面前没有诺兰熟练的驾驭能力唉。,2010-10-08 03:15:12
346,25,Over5,力荐,堪比业界史上的两弹一星，这个猴子是我们国产动画片的骄傲，但到了今天依然得指望着它说事儿～,2007-03-17 18:46:20
347,25,有病的乃提乃,力荐,50年过去了，中国动画不进反退，还有比这更可悲的事么。技术上止步不前，创意上才思枯竭。一群羊和两只狼的故事都被反复翻炒出N部，悲矣；当年号称十年巨制制出一部宝莲灯，贻笑大方矣。现在小孩的物质条件比我们好了n倍，但是我仍然觉得当年的我们是幸福的，因为有这么多优秀的动画片陪伴成长。,2011-04-24 03:57:26
348,25,巴喆,力荐,1961年，中国大陆，全手工，此片原画历时4年，10分钟的动画镜头要画7000到1万张原画。文革时期此片被批斗为牛鬼蛇神，是流氓无赖的化身。当时运动每天都在升级，全国的“猴子戏”都被禁演了，万籁鸣也被关起来了。日本“漫画之神”，动画漫画始祖手冢治虫本人承认正是看了万氏兄弟的《铁扇公主》，他才弃医从事动漫事业，才有了后来的《阿童木》。中国的动画曾经领先亚洲，我绝对没夸张。9.5,2012-10-17 10:55:56
349,25,Odding,力荐,这个无须评论。,2006-03-26 14:03:45
350,25,老阿飞—故园,力荐,中国动画=大闹天空，虽然对很多动画来说这样很不公平，但是，你能找出其他这么有代表性的佳作？,2006-01-08 17:21:11
351,25,战国客,推荐,向中国早期的动画制作人员致敬！,2009-04-23 18:15:42
352,25,IlTrovatore,力荐,中国动画难以逾越的一部,2010-02-09 16:34:34
353,25,17950,力荐,真纯粹的中国动画,2006-10-15 14:14:05
354,25,同志亦凡人中文站,力荐,反抗，反抗，再反抗,2012-12-14 22:12:19
355,25,油漆匠,力荐,没有阉割的猴子,2008-07-23 23:15:18
356,25,私享史,力荐,【武大】从造型设计到人物动作，从脚本到到音乐，每一个镜头拿到现在仍然足以与世界好的动画相比而毫不逊色，这个腰间束着虎皮裙，手舞金箍棒，神采奕奕，勇猛矫健的猴王成人们心目中永远的孙悟空形象。,2005-10-31 16:34:35
357,25,汪金卫,推荐,要看就看影迷修复版，那是最好的版本。比官方的所谓40周年纪念版都好。玉帝的下巴上非常明显的有颗痣我会到处乱说吗？,2012-01-18 18:20:57
358,25,朝暮雪,力荐,中国最好的动画片，来自50年前。,2012-08-07 15:52:01
359,25,流空破刃,力荐,一类风格的极致，一种手法的极限与其所能趋至的完美。,2010-07-24 22:54:46
360,25,Luke,力荐,中国动画史上的一块金字招牌，当之无愧。,2012-10-01 16:26:11
361,26,米姐起飞,力荐,"当我心中的正直感逐渐淡去之时,我庆幸我看到此片.",2010-03-07 20:00:05
362,26,老鸡｜扶立,力荐,史上最美的探戈,2008-01-10 17:15:23
363,26,A-sun*,力荐,感谢在我灵魂枯竭的时候看到这部电影。,2010-03-29 20:48:29
364,26,大头绿豆,力荐,刚开始，我觉得阿尔帕西诺演得有些用力了。但是看完，我觉得他就应该这么演。甚至那个年轻人O'Donneil也被他带动出极好的水准。探戈，演说。几近完美的一部片子。,2007-12-22 23:12:00
365,26,Q。,推荐,或许是因为年代久远，会觉得故事略显老套，但并不影响影片带来的强烈感触。问题不是哪条路是对的，问题是，你敢不敢走？人即使身残，也应保持灵魂的完整，因为灵魂没有假肢。★★★★,2010-09-27 14:50:32
366,26,Lan~die,力荐,Pacino成就了这部电影，他的每次出场都使影片散发着夺目的光芒。那段震撼人心的演说，那段迷人的探戈，还有一个盲人肆无忌惮地在空旷的街道开着法拉利……当你对着镜子缅怀青春感叹年华似水时，Al让人相信，时光对他来说只是种更为炉火纯青的化妆，皱纹也可以是种性感。,2006-10-07 07:48:00
367,26,Cherry,力荐,原来讲的是男人的故事,2005-07-12 16:26:46
368,26,大島,力荐,看名字我一直以为是爱情片,2012-12-27 22:10:12
369,26,kingfish,力荐,"Al Pacino,老了也一样帅.",2006-03-22 14:26:07
370,26,20个小明≯,力荐,黑暗中，一个自责的灵魂时刻经历着生命的拷问，在它即将放弃、摆脱、抽身而去时，另一个亟待帮助的灵魂出现了…一个孤独、另一个迷茫，当两颗心碰撞在一起才发现，其实一直在相互扶持、慰藉、拯救…我的心谁能懂？当一切已无法承受，那一曲穿越灵魂的探戈告诉我们，什么样的生命才是真正的永恒！,2011-03-31 23:30:53
371,26,○,力荐,改编自一本意大利小说。个人认为电影比原著出色。主演Al Pacino演技出众。一段探戈，一篇演讲，皆令人印象深刻。,2006-08-21 16:11:53
372,26,佛罗里达乐园,推荐,美酒佳肴衣鬓香影，一曲绝世探戈，尽情绽放然后死……连自杀都这么浪漫。片名叫人没有看的欲望，看完却觉得再适合不过。你我身边都可能会有这样一位愤世嫉俗自以为是夸夸其谈的老顽固，在他身边多呆一秒都是折磨，然后某一天发现他身上的优点比你所能想象的更多。,2010-08-29 16:00:03
373,26,战国客,还行,影史闻名的标题党，无感的公认佳片,2008-04-20 11:48:20
374,26,Jocob🌊,力荐,如果这个世界上没人愿意和阿尔帕西诺上床，那么这个世界上所有的男人都他妈的不配做爱。,2021-06-22 00:04:09
375,26,🍬,推荐,本来想给五分额 结果在最后雷动的掌声里 仿佛看到了春晚……╭(╯ε╰)╮,2014-03-02 20:06:24
376,27,Lan~die,力荐,"对我们这代人影响最大的电影。寓言故事已然存在，不可避免。世界是巨大的枷锁，你不得不重复自己或是别人的生活。
台词：你看那个人的背影好奇怪，他好像条狗啊。",2006-10-07 10:48:43
377,27,UrthónaD'Mors,推荐,逢年过节必放必看的经典 我记得片子里最后一句台词是：“你看那个人，好奇怪哟，象一条狗。” 多少的唏嘘感慨啊,2011-09-29 12:40:02
378,27,罗弘霉素,力荐,一遍烂，两遍笑，三遍哭。盘丝大仙给了三颗痣，斧头帮主翻过照妖镜，看着镜中的猴子，此处的配乐足够震撼,2010-07-26 18:35:55
379,27,张苑希,推荐,虽然至尊宝的命定之爱是紫霞，可是最初遇到的是晶晶啊，穿越时空寻找你却只替他人做了嫁衣。“我找到了一个很像你的人”。,2016-11-10 00:37:01
380,27,南笙,推荐,如果一个妖有人性呢，他就是人妖。,2012-06-22 14:29:04
381,27,托尼·王大拿,力荐,这才叫旷古烁今。,2009-07-31 03:19:50
382,27,momo,力荐,那年的蓝洁瑛怎么那么好看 好看到我眼里完全没有莫女神。                                             18.11.03更新 今天瑛姑过世了，这一辈子太苦，但愿天堂里有属于你的月光宝盒。,2016-07-26 16:32:41
383,27,不错我就是神,推荐,哈哈，星爷的经典该怎么评呢？小时候看不太懂，长大了才看懂还看过好多遍，星爷的喜剧电影是唯一可以让我看3遍以上的电影。,2018-01-11 22:53:50
384,27,尼桑，都是尼桑的错,,当他奔赴一切穿越时空去拯救自己的爱人~~原来只是为了与另一个人的遇见~~,2008-09-27 21:12:29
385,27,宋阿慕,力荐,大话西游是一代人心中的经典.,2008-02-26 17:56:10
386,27,午后的玛格丽特,较差,哇 我真的没看下去…………这个经典真的太太太不对我的胃口了 我的感觉就是脏乱差…………除了周星驰一成不变的浮夸表演 几句搞笑的台词 我真的get不到任何有趣的点………果然我喜欢不起来这种奇幻动作古装片………只能说 和我的审美完全不符 ……………,2017-12-16 18:52:06
387,27,冰红深蓝,推荐,虽然很不喜欢这种恶搞西游记题材的荒诞喜剧，但确实拍得好。最有感觉的是反复穿越那一段：“为什么要说又呢？”。（8.0/10）,2015-11-25 23:09:10
388,27,Wendy Zhu,力荐,终于完整看了一遍……所以至尊宝爱的是白晶晶，白晶晶爱的是孙悟空，孙悟空爱的是紫霞仙子，紫霞仙子爱的是至尊宝……,2016-02-09 23:05:24
389,27,雨果,力荐,莫文蔚趴在地上时说了一句话让我很感动，她说，我找到了一个和你很像的人。,2016-12-28 23:45:38
390,27,老鸡｜扶立,力荐,片尾曲真的很好听,2008-01-10 17:00:24
391,28,陀螺凡达可,还行,在小男孩视角为主导的戏份中充分展示了拉巴基的执导能力，尤其是中后段小男孩和黑娃在街头的戏，高难度的拍摄环境和条件竟然拍得毫无痕迹以至于造成纪录片的错觉，的确厉害。但是剧作上又实在糟糕，法庭戏难以直视，黑人母亲视角画蛇添足，刻意的煽情戏更是把整部片往下拽了几个档次。,2018-05-21 20:07:25
392,28,西楼尘,力荐,见过游乐园女神被扒光，洗过沾了鲜血的衣服，听过蜘蛛侠变成蟑螂侠的传闻。才知道美丽会变丑陋，纯净会变脏臭，英雄泯然众人，自己却无能为力。把童贞交给世界，用匕首刺穿丑陋，靠起诉状告父母，挤笑脸嘲弄命运。赞恩把婴儿交给男人，才明白自己谁都保护不了。他就站在破败的街角，仿佛人生走到尽头。,2018-06-27 14:18:36
393,28,喂你这是,推荐,人类究竟为什么对生育有这么大的执念？,2018-06-17 20:53:58
394,28,水怪,推荐,在欧陆人民面前，中东这样的超级人道主义灾难本身就是泪点满满。这样的题材如果是纪录片会更具力量，但想想如此年纪的男主及孩童们居然可以“演绎”得如此逼近现实，女导演的确强大。另外强烈抄送国内逼婚逼生一族。,2018-05-18 04:11:38
395,28,同志亦凡人中文站,力荐,拍给生育癌看的。我就不说卖惨了，因为是真惨。善良而倔强的叙利亚小男孩，默默把全世界扛在瘦弱的肩上，拖着生活往前走。最后他露出全片唯一一个微笑我一下就泪奔了。孩子永远是我的软肋，我给你五星还不行么...,2018-08-05 13:23:07
396,28,朝暮雪,力荐,"在这里，女孩是一种商品，可以换钱；男孩是一种工具，负责养家糊口、照顾更小的小孩。
父母只管生，不管养，将孩子当做摇钱树和免费劳动力。他们不但不能给孩子带来快乐，只会给他们带来苦难和折磨。
现在做什么都要考证，做父母却不需要考证。然而并不是所有人都配当父母，也并不是生了孩子就自动成为妈妈。
他们只图一时的快活，让孩子跟着他们来到这个世界一起受苦，他们根本不配做父母。
如果不能给予孩子幸福，当初就不应该把他们生下来。
他们是你的孩子，但他们更是他们自己，他们有自己的人格和思想，不应该被虐待，更不应该被贩卖。
父母有管教孩子的义务，孩子也有权利将父母告上法庭。
赞恩什么都不要，他只要父母别再生了。
因为一个人在还没有学会如何做一名合格的父母之前，Ta不配拥有孩子，更不配当爸爸（妈妈）。",2019-03-05 14:46:00
397,28,ZAC,推荐,努力挣钱好好读书，不要穷到只会做爱生小孩（边看边骂《审判日》，比《审判日》更《审判日》）,2018-05-18 03:43:22
398,28,甦,力荐,从一句话的简介 就直击心灵 再到120分钟完整故事 一直受到着冲击与震撼。 三个看片小伙伴 开篇就哭的稀里哗啦 结束 已经泣不成声  真的是一部还没看完就想让全世界去看的电影。那句在法院上12岁的小ZEIN的发言：我要控诉父母生下我。我想让那些无法养活孩子的父母 不要生下孩子。,2018-05-14 21:42:32
399,28,喜悦之地,推荐,穷人可以生孩子，愚昧的人不要生孩子,2019-04-06 13:36:37
400,28,LORENZO 洛伦佐,推荐,这题材...这手法...锁定奥斯卡外语片提名。小男主的表演太厉害了！有点煽，可看性很高但艺术层面低些。技巧很干净，但偶见被安排的剧情。希望有更多人看到这部电影。,2018-05-18 04:44:54
401,28,麦子,力荐,十年前看Caramel开始一直关注的导演，陆续听她先生写的原声，看她演的法国电影，直到Capharnaum入围此次戛纳主竞赛，成为个人List上最期待的影片。十年不见，当初所有的灵气聪明仍在，镜头却越发冷静干净。结局处的回暖，是残酷现实里女导演留有的慈悲。,2018-05-19 02:30:52
402,28,frozenmoon,推荐,这个世界里没有对错、黑白、是非，道德是完全缺席的，法律连概念都不曾存在过，这里不过是无政府下的自生自灭，一个直立行走的动物世界。一个神明应该降临的地方，一个存在于典籍中被恩泽的地方，却全然不见一丝圣光，连超级英雄的服装到了这里都被自动降格。扎因的年纪直到最终也没人知晓，医生依靠牙齿生长大致判断出年纪，他失却一切“身份”，而始终也在找寻“身份”，他找寻的是一纸证件吗？其实，找寻的不过是尊严，那才是一个人生之为人的根底和证明。所以，他在结尾的那一笑，是这污脏中的光。,2019-04-17 10:39:07
403,28,王小能,推荐,中东小朋友长得过分美丽，黑人小朋友也太可爱。骆驼般浓密长睫下，脸蛋柔嫩而肮脏。让我想起自己有一个帆布包，大约是什么NGO慈善商品，正面书曰Live for Humanity，背面是World Change Starts With Educated Children ，令人怀揣狂妄而凄凉的颠倒梦想：世界真能因此变好吗？据说引进版本删了十分钟，不知道有什么触动了审查点，十分可笑。有评论谓之曰“卖惨”，大概是强国优势，黑户小孩，在街上打转，死生如蚊蚋，见惯不怪，不必如偶然凝视亚非拉的白男白女大惊小怪，略微变色就讥其小布尔乔亚过敏症。托尼斯塔克君的那颗钢心，比之我们实在不如。片尾字幕一出，则无言以对。只把电影当作优生优育片，也是看低了导演。,2019-05-01 15:00:28
404,28,平坦,力荐,"孩子，你做了爸爸，你做了妈妈，你也做了替万千与你一样的人鸣不平的英雄，但你唯独没有做过你的本分——一个孩子。
孩子，于你，这世界是该享乐的，生活之苦，是该被那个叫父母的人默默承受，不该像现在这样颠倒着的，你太小，除了哭，你没有与这世界对抗的武器，但，分明连上天都哭了，你为什么从不愿使出这个武器呢？
孩子，你是上帝派来的上帝吧，你头戴光环，普照苦难，渡人却无法渡己，而你的表现却令人揪心：你好像早都知道才故意来的。
孩子，我刚刚知道，迦百农是圣经中耶稣曾传道的地方，你不用害怕，到达这里的凭证是要经历这世上最痛的苦难，而你，其实早已获得了这个资格……God Bless every child",2019-03-02 01:06:34
405,28,影志,力荐,“你儿子一出生就死了…他并不存在，连番茄酱都有日期和保质期，你儿子什么都没有。”人生就像狗屎，比鞋还脏。“上帝夺走我们一部分，必会还给我们另外一部分”。2018版《乌龟也会飞》+《佛罗里达乐园》+《无人知晓》…“- 你弟弟皮肤为什么这么黑？- 我妈妈怀孕时咖啡喝多了” 冷漠的生活无法欢愉。“土耳其和瑞典哪个好呢？是我的话，想送你去月球” #豆瓣标记第4000部电影#,2018-06-18 15:31:38
406,29,有心打扰,推荐,开场精彩，中场尽显疲态，结局来了个绝杀，最后终于反败为胜，深入我心。凶手毋庸置疑是那个“船长”，他教会了学生追求快乐，但是却没有教会他们反抗，他教学生成为一个理想主义的诗人，却没有教会他们现实的残酷。充满理想的开篇却以悲剧性的事件结尾，理想终归要回到现实，并一直被现实压制。,2012-01-04 03:51:33
407,29,Ocap,还行,3.5。对传统教育做教育、激情多于思辨的电影。Neil自杀显然引出更尖锐的问题：当自由理想遭遇现实阻力的冲击，如何避免惨剧发生？这是源于电影本身极为重要且漂亮的自问，却没有自答、没有探索，甚至没有企图抛给观众。这或许仍不失为理想主义的悲歌，但同时也是电影作者“自设台阶不敢踩”的不负责。,2017-03-12 00:50:48
408,29,传奇☂,力荐,看这部电影才知道，原来自己已经死去了好久，从某个不经意间被打破的清晨开始。,2007-02-27 10:39:27
409,29,胡如隐,力荐,“金融，工程，建筑，计算，固然很重要，那是我们生存的条件；但诗歌，浪漫，爱，是我们生而为人的原因。”,2016-05-01 22:09:33
410,29,珍妮的肖像🦤,力荐,哦！船长！我的船长！,2008-09-07 08:55:48
411,29,鱼丸粗面,推荐,"选择和别人不一样的路走的人,虽然会感觉孤独甚至会招致歧视,但并不意味着那就是过错——相反,一个真正的英雄往往会选择一条很少人会走的路.大多数的人都在平静的绝望着",2007-03-28 21:22:29
412,29,海心,力荐,最后大家还是屈服了，但是永远不会忘记seize the day.,2009-05-08 16:16:49
413,29,私享史,力荐,《死亡诗社》最后安德森爬上课桌那一幕哭得我稀里哗啦的，一个刚到口的龙眼就活生生地吞下去了。它和《孩子王》有一个同样的情境设定，但立意确实不同的。《孩子王》里“从前有座山”那段也是让我唏嘘呀。另外，《死亡诗社》的中文配音配得很好，不知道出自哪儿。,2008-01-01 11:15:24
414,29,樹一,力荐,我和Nill有个一样的父亲，却从来没有遇见过像Mr. Keating那样的老师。所以我哭了。,2010-09-19 15:48:18
415,29,路人X,推荐,如果能遇到这样的老师，要积累多少的rp?,2005-07-08 18:37:38
416,29,理想多钱一斤啊,力荐,深刻并不来自死亡，而来自那对心爱姑娘眸上的深深一吻，岩洞里的昂扬青春，还有生命陨落前那最后璀璨。Carpe diem -- 换个角度，换个心态，不再一样。,2009-10-16 17:10:50
417,29,Yolanda,推荐,这个时候他该怎么办我想，只能去死了。没想到他真去死了。sb一样的父母,2008-11-03 20:17:14
418,29,九月五的酒,力荐,"后来，多年以后，追姑娘被揍的他成了律师合伙人，继续暗恋过去的女人，被双亲寄予厚望的他终究还是“妥协”成了医生，洒脱不羁胸前刺字的他消失匿迹在茫茫人海，那个羞涩腼腆外柔内刚的文艺青年，一步步蜕变成了文艺中年。光阴飞逝，诗社不朽，Captain, Oh Captain",2012-02-26 15:15:25
419,29,kingfish,力荐,"明明不是悲剧,就是不停的被感动着",2006-03-23 08:23:34
420,29,宋小君,力荐,站在课桌上看到的世界是不一样的。成长的路上一定要打破所谓规矩，抓住当下，及时行乐，即使在别人眼里，此刻你像个白痴。,2012-01-08 16:20:27
421,30,眼角的花朵,力荐,LOTR都有意或无意地削弱魔法的存在。因为LOTR所要传达的是：即使是平凡人也能改变事情的发展趋势，即使是最微不足道的角色也能改变许多人的命运，而魔法对事物进程的影响，却在演员们本色的表演中渐渐被淡化，这也是为什么在三部曲中魔法仅仅以渲染人物心理变化作为某种基调存在，而非针对某样事物的实体了。FOTR的行云如水可称为“公路电影”，而TTT与其说是魔幻篇章还不如说是战争史诗。,2008-06-24 16:56:46
422,30,朝暮雪,推荐,你能想象吗，彼得·杰克逊总共只花了2.8亿美元，就把《指环王》三部曲拍出来了，最后全球票房29亿美元，三部曲通通获得奥斯卡最佳视觉效果，还有一部拿了奥斯卡最佳影片。,2014-01-08 04:01:45
423,30,撒旦的表妹,力荐,树人开闸放水之后，有一个着了火了树人颠儿颠儿跑进水里灭火的那段戳中笑点，哈哈哈哈哈～～～莱戈拉斯无敌了，简直就是完美的化身！,2013-03-30 18:08:18
424,30,可爱猫猫头,推荐,比第一部有意思，树人开闸放水冲毁艾辛格的时候，其中一个着火的树人赶紧把头伸进水里笑死我了，好萌啊。假如一开始魔戒就被丢到末日火焰哪来这么多战争和死亡，和异形一样，都是人类的贪欲，自作孽。,2012-11-04 10:00:01
425,30,影志,力荐,“这个世上一定有某种善良，值得我们奋战到底。” 其实最喜欢这个第二部。第一部刚开始，很多故事还没展开，也没有大场面的决战；第三部大场面战斗又太过饱和，容易疲劳。所以第二部末尾的圣盔谷大战，承前启后，来的刚刚好，“各路神仙”先后登场对付萨撸曼军队，也看得最酣畅淋漓。,2005-09-04 18:47:54
426,30,颜良辰,力荐,每次看魔戒都会被奥兰度惊艳到~,2010-03-05 00:17:11
427,30,颜小兽,力荐,第二部，树精很萌，甘道夫升级了，〔尊敬的用户甘道夫，恭喜你升级为vip1白袍巫师！〕→_→精灵王子吕秀才越来越帅了！,2012-12-17 01:01:45
428,30,错乱天堂,推荐,莱格拉斯无敌帅~,2008-11-19 18:31:28
429,30,Ocap,推荐,4.5。蓝光加长版。其实根本找不到一点讨巧的地方，就像某些老派的歌手唱歌，不收只放，每个桥段都要倾心倾力去讲。高潮会持续到麻木，心灵被施以重压，放到任何时刻抑或时代都是空前绝后的观感；以够真挚的心态用挺笨拙的手段造最豪华的制作，这就是彼得·杰克逊。,2015-02-07 21:52:28
430,30,大头绿豆,推荐,跟书一样壮观。,2005-09-11 17:24:26
431,30,17950,力荐,"作为3步曲,比教父3部更完美!!",2006-10-12 13:11:32
432,30,Elk,力荐,"如果在今天晚上九点十三分十九秒准时打开双塔奇兵加长版 ，你跨年的那一刻将恰好就是希奥顿说出 So it begins 的那一刻！
寓意大概是，祝大家面对如同半兽人大军一般的2019年，都有像希奥顿王一样的勇气！
这个跨年真感动(•̥́ˍ•̀ू)",2019-01-01 00:05:37
433,30,大佑,还行,我對電腦特技真的不那么熱衷...真的........真的.......,2010-02-20 20:52:20
434,30,束,力荐,一口气看完三部白金加长版，对于这样的片子，只有两个字形容：经典。相对于骇客帝国，这三部的连续性非常好，值得称赞。,2007-11-22 02:58:57
435,30,波吕许尼亚,推荐,曾经看到一个影评说，第一次看的时候最喜欢帅气的精灵射手，威武的剑士，神奇的法师等，但是第二次开始对Frodo着迷，注意着他的一言一行，一举一动，感触着他的内心，为他深受感动。”我估计按照这个节奏第三次会最喜欢咕噜哈哈哈……我倒是比较喜欢Sam，Frodo虽然卑微，但也是个天选之子，而Sam则更加卑微。Frodo的任务多少是别人安在他身上的，Sam则出于自己的选择。Frodo多次想放弃同伴单干，Sam则始终选择同伴互相扶持。Frodo几次想要放弃，Sam却从不动摇。除此之外，老国王的侄女与矮人谈话时，发出的笑声美好极了。,2019-10-16 02:55:27
436,31,海棠,力荐,语言匮乏。就想搬个板凳坐电影院门口跟行人说：来嘛~,2012-11-22 13:54:42
437,31,木卫二,还行,不得不承认，跟要讲的漂流故事一样，电影有个挺吸引人的3D开头。中间开始乏力，大段大段重复的明信片场景，呼唤神灵喊妈妈。至于所谓的黑暗版，这种流于表面、直接扔给倾听者（观众）去选择的方法，真的很独到吗？信哪个会提升你的人生感悟么？？,2012-11-22 21:03:03
438,31,高压电,还行,3D是一项恶心的发明。世界信仰大团结，人与动物一家亲，欢迎李安来导演中国春节联欢晚会，谢谢。,2012-11-23 16:47:48
439,31,fish哥,力荐,【狐獴】，艺名丁满，出道时因自身面部表情傻不被业内看好，一直无名，早期作品有《狐獴大宅门》、《狐獴国度》。94年因参演《狮子王》名声大噪，后与疣猪彭彭发行单曲《哈库拉·马塔塔》，并出演电视剧《彭彭丁满历险记》，全球热播。近期，它又在《少年派的奇幻漂流》有着出色表演被更多观众熟知。,2012-11-24 01:20:47
440,31,Obtson,推荐,深邃阔海，浩缈星空，绝境谕旨接踵而来，漩流深处响起弥撒之音。李安从来都不会纵情，他只是个温柔的人，腼腆着讲述内心的哲学。,2012-11-22 05:13:45
441,31,psycho DC,力荐,整座岛上都是丁满！！！,2012-11-22 03:30:54
442,31,柏林苍穹下,力荐,“我心里有猛虎，在细嗅着蔷薇，审视我的心灵吧，亲爱的朋友，你应战栗，因为那里才是你本来的面目。”——西格夫里·萨松,2012-11-23 00:06:34
443,31,Run Girl Run,力荐,"「我的父母 我的兄弟 理查帕克
最後都離我而去了
到頭來我相信人生就是不斷地放下
然而痛心的是
我都沒能好好的與他們道別」
All of life is an act of letting go but what hurts the most is not taking a moment to say goodbye.


李安今天到達現場　驚喜至極",2012-11-10 23:37:06
444,31,绊倒大象,力荐,李安的片子越来越有得道升仙的感觉。。。把奇幻的世界也拍的太美了/见证上帝的说辞是真是让人羡慕有信仰真好/男主角π说人生虽然要放开一些事物，但是放开的时候还是要好好的道别呀。然后我就哭了。。。,2012-11-11 00:00:00
445,31,叶子阿姨,力荐,我以为它会回头，但它只是朝着森林深处望去，然后永远消失了。也许父亲说得对，它根本没有把我当成朋友，但我非常确定，我在它眼中看到的，绝对不只是我自己目光投射的倒影。它就那么头也不回的走了，但在我内心深处，它永远与我同在。,2012-11-22 13:07:58
446,31,朝暮雪,推荐,"1884年木犀草号沉没，4名船员被困在南大西洋。
被困20天后，船员A、B表示，以17岁男仆理查德·帕克的的死换取其他人的生存才是明智的选择，而船员C反对。
A杀了理查德·帕克，三人分食了他的肉，得以生还。
法庭依法判处A和B死刑，但英国女王将刑期减至6个月监禁，因为她认为A和B是吃了理查德·帕克的尸体才活下来，如果把他们判处死刑，那么理查德·帕克就白死了。
英国女王最终确立了一个普通法的先例——危急状态无法构成对谋杀指控的合理抗辩。
《少年派》就是以此为原型，派吃掉了其它三个人得以存活，并对人们说了另一个版本的故事，是老虎（老虎的名字正是理查德·帕克）吃了斑马、狗、猩猩。
其实老虎就是派分裂出去的人格，派就是老虎。
现实中是理查德·帕克被三位船员吃掉了，李安则是让理查德·帕克吃了三位船员。",2013-02-11 19:25:28
447,31,米粒,力荐,五星献给自己看到的最好的3D电影。李安自己也说，拍这电影是不可能完成的任务，但他自己辛苦努力四年终究做到了。第一次如此感受到3D是一部电影不可分割的一部分，以及变换的画幅比例、层层交替的剪辑，一切都是为了故事本身。故事从冒险到有些奇幻，PI其实没有很多内心表达的镜头，但我可以感受到它,2012-09-29 10:55:21
448,31,同志亦凡人中文站,推荐,基督在旷野修炼，魔鬼要求他展示奇迹将石头变成面包。但基督拒绝了，因为奇迹就是魔鬼的诱惑。故事出现第二个版本正是印证了这一点。它让电影主旨反转：不再是关于信仰的确立，而是它的缺失——信仰不能建立在奇迹之上，但假如你面对一个奇迹，却选择拒绝去相信，这就是没有信仰的悲哀了。,2012-11-22 23:36:20
449,31,白发生,力荐,每个人内心深处都渴望美好的事物，却总是无力改变现实的残酷，唯有调整自身的态度，方能为生活寻得一条出路。派将穿透漫天乌云的一线曙光视为神迹，我们又何尝不是因为对光明的憧憬而找到前行的勇气。人生就是不断放下的过程，终有一天能够坦然面对生命中那些遗憾的如影随形。,2012-11-22 11:25:03
450,31,花花,力荐,在纽约电影节开幕上看了首映，唯一的感觉就是画面真的太！屌￼！了！！！！情节非常紧凑，高潮叠起，3D的效果也不是盖的！！！再说一遍，真的太屌了！！！,2012-09-29 11:20:29
451,32,Zia,力荐,最刺痛的是那被直接丢出阳台的坐轮椅的老人,2009-12-23 21:56:24
452,32,今天小熊不吃糖,力荐,影片的结尾让整个故事的基调上升了几个层次，这并不是一部简单的反映二战反映犹太人与纳粹的影片。人性是很美的，当然，人生的际遇变幻各有轮回,2010-01-31 10:13:21
453,32,Doublebitch,力荐,“你为什么穿着德国人的衣服？”“因为冷”,2011-11-13 21:42:51
454,32,次非,力荐,你叫什么名字？ 斯皮尔曼。斯皮尔曼，一个好钢琴家的名字。,2008-10-25 23:31:09
455,32,youngman,力荐,谢谢上帝不用谢我，他让我们死里逃生，,2009-09-08 16:50:00
456,32,朝暮雪,推荐,波兰斯基凭借此片获得奥斯卡最佳导演，却因遭到通缉而没去领奖。生活不像电影，生活残酷多了。,2017-03-16 07:34:01
457,32,银河系吐槽指南,很差,除了述说苦难，我什么也没看到。还有一点也不喜欢男主角软弱的性格，别人的死才能让他能有继续躺钢琴的机会，从头到尾被他恶心死了。,2016-06-22 01:30:23
458,32,影志,力荐,某种程度上可以媲美《辛德勒名单》,2005-12-28 01:21:42
459,32,A-sun*,力荐,那个耳鸣太震撼了。,2010-06-12 22:15:45
460,32,大島,力荐,男主的幸运值已经达到MAX，但是每一个经过二战活下来的犹太人应该都像男主一般幸运才可以。,2015-12-22 14:54:11
461,32,野次馬,力荐,"好难过好难过。仿佛就连呼吸的功能的丧失了。

战争来时。任何人的意志都受到扭曲。毫无例外。

从拒绝佩戴袖章到拉着德国军官的裤子求情。

人就这样一步步在战争之中沦丧。

 

幸好还有音乐。还有艺术的伟大。伟大的艺术。",2007-12-12 14:55:19
462,32,寂地,推荐,可能因为刚看了拯救大兵，所以难免的觉得这里描述的世界太干净了．是的，即使你已经觉得很残忍了，它还是太干净漂亮了一点．但是我还是非常喜欢这部电影，．只要那些温暖的东西在，就好了，尽管战争的事实，实际上是要残酷得多的．,2006-01-03 16:37:22
463,32,Eudemonia,力荐,这片子，跟男主角那两抹气质超群的眉毛一样耐看！哈哈,2007-03-18 00:06:40
464,32,LORENZO 洛伦佐,力荐,我偏向认为这是一种全世界对于艺术的无私保护，大音希声，恐怕只有面对艺术人们才难得在价值观上达到类似的趋同。,2011-01-16 10:35:47
465,32,小墨MO,推荐,不要嘲笑他的苟延残喘 为了活下去 他放弃的那些尊严 坚持 和 希望 在战后又重新披回到他的身上 战争所造就的废墟 已经把他的心碾成残渣 他始终活动着的手指 在每一次命运交接时暗暗弹奏着命运的主题曲 Adrien Brody把他的挣扎和优雅都演活了 面对死亡和恐惧 我们都一样渺小 最艰难的 其实是坚持,2012-06-05 06:34:49
466,33,同志亦凡人中文站,推荐,根据真人真事改编，讲述印度一块女子摔跤金牌的诞生。剧情热血逗乐，竞技惊心动魄，挑不出什么毛病的宝莱坞电影，父女情尽在不言中。阿米尔·汗太敬业了，为了一闪而过的几秒就把自己的身材从肥胖练成魔鬼，好演员都是用生命在演戏啊～,2016-12-23 17:50:46
467,33,有点迷人,力荐,阿米尔一人饰演男主角19、29、55岁三个人生段。他首先完成了19岁的戏，然后疯狂增肥，一个月时间变成了体重194斤的55胖大爷，拍完老年戏后，又用5个月的时间疯狂减肥，回去拍29的戏！所以：为什么要这么折腾自己？直接拍完29再拍55不就好了？阿米尔说：那样我就没有动力瘦回去了！,2017-01-04 21:54:29
468,33,JJ社畜版,力荐,关于本片价值观－不看社会背景就评判三观就是耍流氓。在印度的社会状况下，女性是没有自由选择职业的氛围的，先破才能立。就像片中父亲对女儿说的－你不是在为你一个人战斗，你要让千千万万的女性看到女生并不是只能相夫教子。最后，这场斗争的意义早已超脱出父亲一己的梦想，升华了呀。,2017-04-16 17:24:12
469,33,Tilda Li,推荐,豆瓣文青们可能已经成功被白左的西方政治正确洗脑了：不放在具体语境下，以西方女权衡量一切本来就是一种偏见和武断。在整体状况还不如中国的印度，本片已经适当地展现了一种进步的女性生活方式，即便在父权的引导之下。让符号化的解读蒙蔽影片传达的真情实感，令人感到可悲。,2017-01-18 00:46:54
470,33,仰望星空の派,力荐,这么好的一部电影。。弄得这踏马什么破译名。。听起来像儿童片似的。。,2016-12-24 07:02:54
471,33,Mona Lishark,力荐,好看死了。拜托大家认真看完电影再做评论。爸爸有约定一年为期，不行就不勉强。吉塔在赢得了第一场摔跤比赛之后，也主动请爸爸带自己参赛。她们已经自己选择了自己的道路，被父母逼着选了专业还怂着不敢转型的朋友，你跟人家根本没有半点共鸣的好吧。另外，脱离印度实际环境谈女不女权根本没有意义。,2017-04-11 14:21:49
472,33,caj,力荐,就凭电影，谁也没资格叫人家阿x,2016-12-31 18:07:42
473,33,豆丁,力荐,印度排名第一的电影，全球口碑已炸裂,2016-12-31 11:44:40
474,33,延延,力荐,#北京电影节#我不觉得这个片子囿于父权的藩篱，父亲虽然有在女儿身上圆梦的渴望，但也建立在发现女儿的天分的前提上。摔跤让两个女孩子挣脱了偏见和无止境的家务，挣脱了14岁嫁人的命运，踏入更广阔的世界。说直男癌都是怎么想的？,2017-04-16 17:32:01
475,33,大奇特(Grinch),力荐,（看的完整版）取材真实，剧作扎实，用体育竞技片来拍父女情节剧，并改写了上到封建礼数、下到官僚制度的不变法则。有人提出片中受父权压制的价值观导向，请站在印度国男尊女卑的角度去看待吧，它明明是在拥护女性。另外结尾父亲的缺席，也暗示了女性的独立。另外，套路也是路，不要排斥套路。,2017-04-16 17:50:39
476,33,Mr.猫,力荐,阿米尔汗就是印度电影的金字招牌，而且他每部电影都反映了印度方方面的问题，从《三傻》反映的教育，《我神》反映的信仰，到这部《摔跤》前一半反映了印度女权问题，后一半更像是父爱家庭人生的混合体，但这部电影的动作戏真是帅爆了，很精彩，没得说，8.5分应该不过分！！,2016-12-24 08:44:27
477,33,严箫玉,力荐,当查到两个女儿的演员并不是职业摔跤手时我惊呆了，这是一部市场经济主导的天朝电影界永远拍不出来的电影，女演员根本没有档期练什么摔跤，也不可能真的剪短发，更不可能有一线巨星为了演发福真的去增重，再为了一两场戏花五个月的时间减掉50斤。我们只有白百何的假头套和刘德华的大块头套装。,2017-05-07 07:55:23
478,33,咖啡只喝速溶,推荐,这片也能被女权主义者黑，我也真是无语了。黑之前先去了解下印度女性的社会地位吧。这明明是在倡导女权才对。猪队友太多了，心疼阿米尔汗。,2017-04-30 00:46:29
479,33,@sniper,力荐,最惊讶的是放印度国歌的时候电影院几乎所有人都站起来了。。,2016-12-27 09:19:56
480,33,七姐Clau☁dia,力荐,我的印度女同事说:I wonder -- why didn't my father bring me up this way.,2017-01-19 01:47:35
481,34,影志,力荐,从此，“大哥大嫂过年好” 在耳边经久回荡……,2005-12-16 03:07:42
482,34,Sundance小千,力荐,一刀刘、二脖子、马大三、四表姐夫、五舅姥爷、六旺、七爷、八婶子、小碌碡...,2008-09-19 09:12:22
483,34,有心打扰,推荐,中国农民是善良的，是好人。同时却也是愚笨的，是软弱的。软弱往往导致善良变质成为受欺。,2011-06-17 00:15:46
484,34,Ocap,力荐,姜文：“我拍《鬼子来了》就是试图让观众明白，如果想避免我们大家都知道的那段不愉快的历史，除了过嘴瘾还有什么办法。我不敢说这部电影给出了这个结论，事实上我一个导演和一部影片也做不到，最高的理想也就是有个方向吧！”结果，这是一部能在日本公映的内地禁片。我觉得这基本就说明一切了。→19.2 二刷,2016-09-24 16:44:09
485,34,Guide,推荐,结尾那颗唯一上色的人头,2006-03-17 23:34:37
486,34,蛋蛋,推荐,“你是我的爷，我是你的儿！”这辈份够乱的,2007-09-23 09:41:39
487,34,P,力荐,大哥大嫂过年好~~~~AND 姜文这个人是个天分极高的家伙。,2006-06-12 10:31:48
488,34,南 瓜 子,力荐,国产片最高境界!,2008-03-11 13:11:08
489,34,drunkdoggy,力荐,我有个朋友说他一共看了３０多遍……,2006-02-26 21:41:35
490,34,莫呼洛迦-屁股上的青春在歌唱,力荐,太他妈深刻了,2008-12-24 04:21:57
491,34,裸踝,力荐,中国最好的电影。,2009-05-30 13:27:53
492,34,唐喜乐,,音乐有崔健 摄影有顾长卫,2007-12-09 15:49:26
493,34,Q。,推荐,“大哥大嫂过年好” 这是另外一种视角审视战争。姜文通过影片含而不露的揭示了人性的悲凉，黑白以及最后的那一抹彩色的处理都显得别有用意。只有敢于去批判和自省的人，才会有前途，很可惜，我们只有这么一个姜文。★★★★☆,2011-01-07 06:07:08
494,34,大头绿豆,推荐,姜文确实聪明。,2005-11-16 22:32:51
495,34,深红,力荐,就让我一手一个，掐吧死俩！,2010-09-18 15:06:59
496,35,海心,力荐,事实证明，聪明的头脑永远可以赚钱。,2009-02-05 13:02:25
497,35,罗弘霉素,力荐,我只想说，02年小李还是尖脸呢。,2012-02-18 05:39:05
498,35,高歌,力荐,简直就是《华尔街之狼》的前传。PS：K两礼拜书就能从小白考到各种执照，跪服....这样的天才，为非作歹必为大盗，秉公执法必为大侠，无论怎样人生都是闪亮亮的，再次跪服......PS：结尾说的是--人生难得好基友，何必天涯胜旅。,2014-07-16 00:17:05
499,35,彌張,力荐,这结局还真是没想到！绝不浪费一个人才！疏忽+牛B this is all,2010-07-10 23:09:34
500,35,danyboy,力荐,为什么我看的很难过呢。。,2012-10-06 23:59:27
501,35,同志亦凡人中文站,力荐,诚实的人最自信，所以——我会尽量让自己不那么害怕。精彩绝伦的猫鼠游戏，现实比电影还牛叉闪闪，斯皮尔伯格真是拍传记片的天才！,2013-01-01 19:36:46
502,35,竹叶卷心,力荐,非常好看，里面有很多有意思的经典桥段，看到小李子装同行骗过汤姆非常刺激，李子的美貌在这部电影中还是表现的挺淋漓尽致的，尤其是穿机长服时，简直帅爆,2016-09-23 10:20:55
503,35,十二,推荐,他也只是一个伤心的孩子,2012-04-17 15:04:31
504,35,JulyChan,力荐,其实是描述了一个孤独的人，他的透彻的孤独。,2009-06-08 16:03:45
505,35,momo,力荐,最悲伤的是，Frank一直在努力修复父母的关系，想让生活回到原来的样子。不过幸运的是，Frank碰上了卡尔。,2021-02-09 18:54:23
506,35,你看起来很美味,推荐,他离家出走，说谎，制造不同的身份开始光鲜亮丽的生活。他是智商超群的罪犯，但是他只是个孤独的孩子。在平安夜的时候打电话给抓他的警探，在平安夜被捕的时候拥抱着他说圣诞快乐，在听到父亲的死讯以后失声痛哭，看到妈妈的新家庭以后对来抓他的警察说你们带我走吧。他终究只是个孩子。,2012-05-15 20:11:53
507,35,说给山风听,力荐,“弗兰克和卡尔到今天一直是好朋友。”,2021-02-18 22:48:07
508,35,[己注销],推荐,（8/10）卡尔警官是虚构人物，但伪造犯弗兰克却真人真事，因其出色的鉴伪技术为FBI戴罪立功。必须一提的是现实中弗兰克的父母婚姻问题主要责任在父亲一方，但影片却把责任推给母亲。他的确有律师执照，但花了八周而不是两周。维基百科说弗兰克本尊在片中演一法国警察，但我没认出来。,2014-06-24 23:56:46
509,35,桃桃林林,还行,艾米·亚当斯演了一个牙套妹,2012-02-04 12:38:13
510,35,战国客,推荐,很难想象是根据真人真事改编的，很牛，不过在中国估计出不了这种人吧...除非，中国也有个FBI？很好莱坞的片子~~,2008-05-12 08:55:29
511,36,seeme | 北北,力荐,我看这部一直会哭，看了几次哭了几次，也不知道为了什么。总之，一看到手臂长长的铁皮人寂寥的站在那座城中，就控制不住了。,2006-12-02 21:45:58
512,36,莫呼洛迦-屁股上的青春在歌唱,力荐,多年后重看天空之城才能更加明白，宫崎骏对细节的处理的用心不仅仅是一时的感动你，宫崎骏能通过他的作品来让你逐渐明白生活的可贵，来明白爱与和平的作用。但就……还是早恋！,2010-09-05 03:28:47
513,36,同志亦凡人中文站,力荐,人类历史上昙花一现的飞艇时代竟然衍生出了这么波澜壮阔的故事，尽管早期画风有点幼稚，但想象力就是让人叹为观止。我最敬佩的，是当初决定离开天空之城的先人，因为那需要太多的勇气！,2012-12-22 20:41:51
514,36,Tuna Bento,推荐,时隔十年重新看这部动画片，被海盗老婆婆那句“头发被剪掉了才是大事”感动得乱七八糟。对于一个女孩子来说，什么金钱散尽啊什么历经苦难啊都被这几个字淡淡抹掉，小小一句话简直就是箴言。,2008-10-22 21:20:39
515,36,布宜諾斯,还行,剧情无甚佳，但天空之城的景象忘不掉，尤其是废墟中布满杂草的死掉机器人出现的时候,2009-04-14 13:35:03
516,36,寂地,力荐,不看人生不圆满!!!宫爷爷的所有电影都是!,2006-01-01 17:25:51
517,36,城南草木生,力荐,还是觉得这是宫崎骏最好的一部——“我会像傻瓜那样去保护她”,2010-11-27 10:17:15
518,36,Vini_Kazma,力荐,如果说自然赐予文明以生命力的话，那么贪欲则会夺取文明的生命力，直至文明毁灭。植根厚土，沐浴清风。和种子一起过冬，一起在春天里生长；和鸟儿一起在春天里歌唱；和春风一起在大地上舞动。只为追寻那最质朴的生活。“巴鲁斯”与其说他是让拉普达毁灭，还不如说是让拉普达文明涅磐重生。,2011-09-19 15:02:02
519,36,朝暮雪,推荐,可惜1986年奥斯卡还没有最佳动画长片奖。,2012-08-07 16:01:03
520,36,Arch-Murder,力荐,我愿意给10颗星！！！！！！！！！！,2009-10-12 19:36:44
521,36,单线程青年,力荐,喜欢工业革命时期笨拙又功能性的全机械化的东西，觉得发明家很了不起,2007-05-12 09:18:29
522,36,Mr.Táo,力荐,每一个女孩最后是不是都会变成妈打啊,2010-07-29 14:16:51
523,36,大宸,力荐,很美 无法忘记配乐,2006-07-18 13:48:28
524,36,Q。,力荐,好电影从来都不会因为岁月的流逝而失去它的味道，反而会越来越香醇，一如地窖里的酒。久石让的音乐堪称完美，画面虽是手绘，但亲切感十足，故事背景细节丰富，人物刻画生动，还有区别于一般动画的深刻主题。★★★★☆,2008-09-01 09:45:42
525,36,隆咚锵,力荐,突然好想哭……,2007-02-28 01:31:34
526,37,影志,力荐,"""最孤独的人最亲切，受过伤的人总是笑的最灿烂，因为他们不愿让身边的人承受一样的痛苦"" 从素媛到素望，生活有阳光才有希望，可可梦是全片最治愈点，哭成傻逼。“我总想睡一觉就能回到过去，可早上起来发现，还是没有任何变化，太伤心了...以前奶奶说，哎哟要死要死了，这大概就是人活在世的意义”",2013-12-27 00:15:44
527,37,桃桃林林,还行,看前面的惨剧其实会略反感，总觉得在消费别人的苦难。好在故事的重心在治愈与亲情，这也是最感人的部分，尤其父亲第二次扮人偶，太催泪了。,2013-12-26 22:04:01
528,37,呱呱,力荐,爸爸知道女儿介意排便器的塑料声为她准备装满塑料包装纸的糖果小包，女儿知道一直跟着身后的可可梦是爸爸。,2013-12-29 19:27:21
529,37,慈,推荐,“受过伤害的人总是笑得最开心的，因为他们不愿意让身边的人承受一样的痛苦。”,2013-10-09 20:24:49
530,37,Never-land,推荐,太催泪了，素媛和爸爸之间的很多细节都特别感人，素媛住院时，爸爸笨拙的在电脑上搜索“如何和女儿交流”；出院后爸爸悄悄在她床头放上装满糖的小包让她背着来掩盖便袋的声音；还有素媛不再和爸爸亲近，他只能扮成可可梦哄她开心，每次想到笑嘻嘻的可可梦背后是一个无奈的父亲就会觉得特别心酸。,2013-12-30 23:38:24
531,37,bird,力荐,1，现实还是那么恶心，家人和童话让我们活下去。2，如果心灵得不到安慰，再公正的判决也终是悲剧。,2013-12-31 07:04:00
532,37,PsychoBabble,力荐,难得的是没有利用亲情过度煽情，也没有过分纠缠于法律漏洞，避开了韩影最爱用的两个梗，而是更多的聚焦在创伤之后一家人的心理状态变化。重创之后生活始终继续，但你能选择如何面对。此片的所有感动点是来源于细节中和一家人共同努力渡过难关表现出来的积极心态，感动之余，倍感欣慰。有几处台词真心好,2013-12-29 18:10:01
533,37,风雨骑老师,推荐,自认为很难被韩国电影感动，但本片爸爸第一次在女儿面前脱下卡通头套那里真是止不住地掉眼泪。跟之前的《熔炉》题材很接近，但是没有借此来过多抨击司法或者人性，更多地还是表现苦难过后对于心灵的疗伤，工厂和家长的捐款，孩子们的贴画，包括最后第二个孩子出世，都象征了生命的不屈与永恒,2013-12-31 13:56:17
534,37,兔子小i,力荐,爸爸和小女孩演的都太好了，爸爸的基友一家人真不错，这样的人在世上少有了。还好孩子没有受到欺负，能有人正确的引导她，帮助她。人渣们都该死~！我哭死了,2013-12-27 14:51:48
535,37,Doublebitch,力荐,最感人的是素媛回家时那一墙的小纸条。,2014-01-02 23:05:57
536,37,赵金鍂,力荐,负能量正能量负能量正能量负能量正能量负能量正能量负能量正能量，已虐哭…,2013-12-26 23:17:35
537,37,的确良少,力荐,电影《素媛》原型罪犯，2020年12月正式出狱的赵斗淳，于2021年12月17号被非法闯入的男子A先生用钝器爆揍了一顿，虽然没有受致命伤，但69岁的他还是被打进了医院，目前还在接受治疗。,2021-12-18 09:30:33
538,37,贝塔先生,力荐,泪流满面。,2013-12-26 00:14:48
539,37,东篱,力荐,韩国电影在对人性方面的表达一直都很好，这部电影我看一次哭一次，很压抑，我们国家对这种事件的关注太少了，每次都是不了了之。,2018-02-11 09:14:04
540,37,momo,力荐,再也不敢看这种类型的电影了，犯人死刑n次都不够,2016-09-10 21:35:08
541,38,Ck,推荐,人老了，由頭哭到尾。,2016-06-27 17:48:41
542,38,怂囧小赫,力荐,人至善，景至美，故事细腻，淳朴动人，人生本该如此，温情永存，何惧苦难？,2016-09-14 20:22:29
543,38,左佐,力荐,成功之处在于每个角色都很立体，都有优点缺点，海蒂不守规矩却天真可爱，克劳拉自私骄纵却优雅美丽，皮特淘气却耿直，爷爷脾气古怪却默默付出，女管家严厉却谨慎。山里的人没有那么朴实无华，“宫殿”里的人也没那么惟利是图。,2016-08-31 12:54:35
544,38,小小斌,力荐,小姑娘很有灵气，给人的感觉就好像天生属于大山，光着脚奔跑在花草山峦中，风般轻盈，鸟儿般欢乐。电影中的感情都很真挚，也很友善，没有绝对的坏人，而且大家到最后都得到了所希望的幸福，这种幸福让观众看着也幸福。,2016-08-14 01:46:34
545,38,Panda的影音,力荐,难怪片名让我有种莫名的熟悉感，看正片后才知道这与高畑勋导演、宫崎骏担任场面设定的动画剧集《阿尔卑斯山的少女》都改编自小说《海蒂》，真是太惊喜了。……故事温情脉脉，风景怡情养目，一段醉我心脾的观影历程。……有时，我以为看过几千部电影会审美疲劳，可当碰到心仪之作依然能看得身心愉悦。→ 2019.05.23：去看自己喜爱的电影有时就像是去赴重要的约会，要特地挑选影院、时间、座位，然后放映前要好好养精蓄锐以便看片时能有充沛的精力，循环原声配乐能让观影过程更有带入感更能沉浸在电影的世界里，没有琐事分心烦心以及同场观众能不吵不闹看电影则是小幸运……就这样，一次开心愉悦、享受至极的《海蒂和爷爷》重温之旅存进了我的脑海！,2016-08-19 11:40:02
546,38,ほこり,推荐,“大家都笑我，因为我想写故事”“那是因为大家知道的太少，而你看过更大的世界。如果你觉得这个世界有那些东西会让你快乐，就去做，无论别人说什么”,2016-09-15 01:12:53
547,38,朝暮雪,力荐,"海蒂失去了父母，于力失去了孩子，他们是两个被抛弃的人，恰好填补了对方缺失的部分。
来到克拉拉家，海蒂有了新衣服、新鞋子，有了食物，有了温暖的大床，她什么都有了，可是没有了爷爷、雪山和羊群。
你给了她物质生活，其实她要的是精神生活，要的是亲情和自由。
无数的规矩和礼仪把克拉拉压得喘不过气，让她产生了心病。不仅身体寸步难行，心理也被牢牢困住。
你以为你给了她一切，其实你根本不知道她想要的是什么。
正是蓝天和白云，青草和蝴蝶，让她打开心扉，融化了她内心的病魔。
当然，城里也有柔软的面包，山里也有人没有见识。城里并非一无是处，山里的人也不一定都是对的。
电影还有一条暗线，老师强迫海蒂认字，然而欲速则不达；
奶奶鼓励她自己看故事，从而培养了她的兴趣。果然没有教不会的学生，只有不会教的老师。",2019-05-12 19:26:29
548,38,🐌蜗牛然小九,力荐,看完了想去瑞士，看的时候一度害怕克拉拉被坏人骗，害怕外婆嫌弃海蒂，害怕克拉拉嫌弃山里的日子，害怕她和海蒂因为什么争吵，看来我真的已经如履薄冰太久，不敢去相信在童话的世界里一切都是美好了，这是成长的代价嘛？真的可悲,2021-04-26 12:08:31
549,38,耳东某,力荐,寄养的地方就像[唐顿庄园]，睿智的老祖母，故作姿态又可爱的管家，优雅不落灰尘的大宅子，可海蒂最后离开了这里，她回到了祖父的小屋里，那里有鹰和雪山，那里有第一个真正疼爱她的人，那里有自然的怀抱。人类走出山野为了进步，人类回到山野，为了放置一颗不安的心。,2016-09-24 23:11:05
550,38,万物静默如初,力荐,想说的是：这才是人生中最美好的童年时光。,2016-09-18 17:34:00
551,38,私～川流,推荐,这是一部被翻拍多次的剧本。小的时候看过秀兰邓波的版本，只记得阿尔卑斯的山景。不知为何，看过这部电影，仿佛回到了上个世纪，简单地剧本，没有特效，专注于人物的情感与内心。这才是艺术真正动人的地方。,2016-07-15 19:35:00
552,38,yolanta,,有生之年不去瑞士还有啥可活？,2016-08-04 13:39:05
553,38,我是大皮哥,还行,"愿意穷尽这一生，去守护海蒂洁白无瑕的笑容。Peter失手推下山的轮椅，反而成了帮助Klara重新站起来的助力，真的给人一种生命的美好会创造无限miracle的感觉。“If something in life brings you joy, then you simply have to do it, regardless of what people say.”",2016-08-20 12:05:56
554,38,许多许光汉,力荐,喜欢 很温馨 我泪点有点低,2016-08-16 10:54:41
555,38,王xx,力荐,5颗星完全不够用,2016-09-04 17:57:55
556,39,süden,推荐,"情节展开的不错，但是戴维斯主张的部分都只是模棱两可的推测，实际上挨个求证这些东西之后，孩子有可能是凶手，也有可能不是。只是控方的初期工作没有做好，辩方的交叉质询没有做好，案子应该重新调查，而不是简单的判决无罪。

看到有公众号截屏引用这个十一年前短评做庸俗群众代表我很荣幸。

权利机关的失职是一回事，合理质疑没有毛病，但结局判决无罪是有毛病的。文艺青年批评我追求真相庸俗，只有追求概念正义才高贵。可是我认为，法律和人权，都不应该成为知识分子自恋的工具，无论概念有多好，只要结果不能实现对被害人的公平公正，就不是完美的应用。其实法律上，陪审员可以利用分歧制度使案件失审而不是匆匆结案，可以保留补充侦查择日再审的机会。现实的程序正义是互相牵制互为补充的各种条款制度，而不是单一概念无限运用",2008-12-31 18:37:11
557,39,Q。,力荐,“我们会来这里，不是来吵架的。我们肩负着重责大任。我一直觉得这就是民主社会的优点。我们收到信，被通知要来这里，决定一个跟我们素昧平生的人到底有没有罪，不论做出什么样的判决，我们都拿不到好处，也没有损失，那就是我们的国家能这么强大的原因。”精采！剧本、导演、演员个个出色★★★★★,2011-07-18 02:03:48
558,39,一湄,力荐,偏见，合理的怀疑。任何时候都要保持怀疑的能力。最后，当意见终于统一，每个人默默地穿上外套，离开，桌子上是刚刚一个半小时内发生的巨大震荡留下的痕迹，烟灰缸，纸团，凌乱的纸张，笔，还有那把刀。经过这些震荡后的十二个男人，不管之前是多么的抱着偏见不放，此刻都闪着光。这是人类进步的光芒。,2010-11-07 01:12:20
559,39,NullPointer,力荐,投票不管用，意见领袖也没用，你得让每个人都说个够。然后明智的共识才会产生。,2013-07-18 01:49:47
560,39,bornfreeyolo,推荐,法学狗看了真的深有体会，什么是民主什么是正义，一环扣一环，你心中会有自己的答案。,2017-03-25 23:51:47
561,39,kissdemon,力荐,知道这是一部牛片，只是没想到居然这么牛。,2010-04-17 18:42:19
562,39,根,力荐,看着五十年代的饮水机电风扇和豪华厕所只想感叹“万恶的资本主义”！,2017-04-01 22:32:00
563,39,solate,力荐,罗生门，只有阐释，没有真相,2009-09-19 11:49:45
564,39,亚比煞,力荐,人是说谎者，人是连自己也会欺骗的说谎者。因为冷漠，成见，因为麻木，可笑的自尊，或者甚至不需要任何理由的去坚持一个谎言。一个没有理智的社会，往往同时也是一个没有感情的社会。强烈推荐，精采绝伦。,2010-05-29 22:24:31
565,39,艾小柯,力荐,精湛的表演，恰到好处的对话与矛盾设计。,2006-06-16 01:24:39
566,39,狷介有乌青,力荐,美国之所以能够标榜民主，正是因为这种陪审团制度所映射出来的倾听每一个声音，尊重每一个个体。提出你的“合理怀疑”，大家来讨论，来表决，来投票。但是，并不是每一个陪审团里都有这样一个8号陪审员，而偏见永远存在,2012-08-19 01:17:52
567,39,省登宇,推荐,这就是美国强大的原因。美国爱国教育片，建议本朝以二会为背景拍一个，意义深远。,2010-11-09 09:27:49
568,39,鱼丸粗面,力荐,民主、人性、理智、原则。合理怀疑。,2007-04-18 20:09:08
569,39,jiyun,力荐,一个人在与11个人持对立观点的情况下如何一一说服众人并反败为胜！,2009-09-07 09:42:22
570,39,扭腰客,力荐,意见领袖在电影中的上佳诠释,2010-04-03 14:55:31
571,40,一粒煞白,力荐,目前为止觉得哈尔是宫崎骏作品里最帅的男角,2010-05-30 20:39:40
572,40,2ya,力荐,看了这个电影就想要一个家。擦地板，在阳光下面放上铺着干净桌布的餐桌，还有照顾小火苗，就如同守护爱人的心一般。,2006-01-18 12:01:31
573,40,小耳朵图吗,推荐,宫崎骏的片子里。老奶奶都很丑。但都是好老奶奶。,2007-08-17 19:11:24
574,40,伍德与夏洛蒂,力荐,虽然它确实不如宫崎骏的很多作品，也不是最受欢迎的，但却是我最爱。每次响起俩人初遇时在屋顶跳跃的那段音乐，都觉得莫名的悲伤。也正是因为这种感觉，它才是最爱。,2011-03-16 20:55:33
575,40,A L E X,力荐,染发剂事件之后，形象崩塌暴露屁孩本质萌到吐血！哈尔一定是宫崎骏作品最帅男主了，配音还是木 村 拓 哉，简直不给活路,2017-01-01 22:38:17
576,40,littletwo,力荐,"你的头发染上了星光的颜色……
爱的颜色……",2007-11-09 22:56:14
577,40,笒庐闲话Asuraa,力荐,爱，就是替爱人找回自己的心。,2009-07-30 15:46:22
578,40,王老虎,力荐,宫老唯一采用的美男主~~千年一见,2008-06-19 20:08:55
579,40,肖恩恩恩恩肖,力荐,因为有爱的能力和欲望，我们才年轻。如果太自卑与屈服现实，会像苏菲一样瞬间苍老。,2016-06-11 01:08:01
580,40,海心,力荐,爱给了苏菲勇气，哈尔爱苏菲的勇气。,2008-11-21 22:08:29
581,40,根,力荐,木村拓哉的声音真是亚萨西啊……,2012-07-18 21:50:33
582,40,大鲤鱼（丹AI）,力荐,这是一个关于爱与拯救的故事，从最初喜欢你超高的颜值、酷炫的技能、王子一般的出场，到最后爱你内心孤独又傲娇、脆弱又勇敢、蠢萌又理想主义的小男孩。爱就是逐渐靠近、了解、懂得，接纳你真实的样子，依然不离不弃。,2016-05-30 21:36:30
583,40,寂地,力荐,"比起宫爷爷以前的电影,这电影的主题更轻松.但是依然有一如既往的温暖.另外,哈尔那种小屁孩的性格实在太可爱了!",2006-01-01 17:57:35
584,40,同志亦凡人中文站,推荐,人不漂亮活着还有什么意思...哈哈哈哈太可爱了哈尔...,2012-04-25 20:17:50
585,40,影志,推荐,腾空徒步的那一段，最浪漫,2006-02-12 21:56:47
586,41,花继续开,力荐,“有人问中国最伟大的人是谁？人民说是他，他说是人民。正确答案是人民，但他若不曾出现，是不会有这个答案的。”,2020-10-14 02:51:39
587,41,朝暮雪,力荐,要是姜文拍完这部电影就宣布退休，他会被封神。,2012-08-13 11:03:47
588,41,弗朗索瓦张。,力荐,说姜文用力过猛的  那只能说明您受功不够 受用不起！,2010-12-17 02:04:49
589,41,大奇特(Grinch),推荐,开篇大四喜，尾声单钓将；麻筒子连七对，汤混子全不靠，四万字无番和；大三元影帝，清一色男配，花牌周韵，自摸姜文。,2010-12-16 03:19:43
590,41,shawnj,推荐,并不是所说的那么出色，被过誉了。横向比很棒，纵向比是姜文几部作品中最差的,2010-12-16 14:41:24
591,41,欣欣向荣,推荐,这个电影很好玩，重复看会发现很多隐藏线索，麻将面具也很有意思，最后还有惊喜，挺好看的,2018-02-20 10:28:27
592,41,Q。,推荐,“走路不要太快，会扯着蛋。”这是一部溢满荷尔蒙的火药桶，这是一部会带来核动力反应的影片，震撼所有人，并且持续许久。130分钟的影片满是高潮，全场观众从头沸腾到结尾，不断的笑声、不断的掌声。无论哪个演员都表现的十分出彩，台词幽默精致，结构紧凑、首尾呼应，唯独缺少一丝控制。★★★★☆,2010-12-16 16:01:38
593,41,顾盼,力荐,姜文说，我想站着把钱挣了。他做到了。结尾处的那句 没有你，对我很重要。怎么解读都不为过。,2018-02-08 17:53:21
594,41,Touma,力荐,拍个虎虎生风，拍个一日千里，拍个恍若隔世！,2010-12-16 17:15:11
595,41,于少,力荐,牛着逼！,2010-11-27 00:54:12
596,41,cornmeal,力荐,谁赢他们帮谁，但是他们不明白，他们帮谁，谁就赢。人类不感谢罗辑，同样的，人民也不感激牧之。,2022-03-19 19:06:05
597,41,琦殿,力荐,行了，装逼一次，继段奕宏，姜文再一次满足了我对男人所有的幻想。操，嫉妒周韵。,2010-12-17 20:46:01
598,41,溴化雞,力荐,20210315改五星，当年是真的没看懂，很隐晦，现在回看越来越觉得我不适合生活在现在这社会上了。哦对，为什么回看？因为发现现在很多社会事件拿里面的对白都可以解释。。。。,2021-03-15 11:07:35
599,41,接十分钟的吻,推荐,三四年前看的，只记得全班人一起笑得跟傻子一样，挺不错的电影,2018-01-24 18:08:53
600,41,momo,力荐,姜文这种黑色幽默式搞笑时不时会出现在他的作品中，这部尤甚。,2018-03-06 08:34:08
601,42,海心,力荐,请上帝保佑那个真正爱你的人吧，你把他的心都揉碎了。,2008-01-17 07:36:57
602,42,寂地,力荐,"一定要看啊,我喜欢斯加丽那种几乎有点蛮横的可爱感觉.甚至可以为了达到目的不责手段,要么爱她,要么讨厌她.她在贫瘠的大地上拿着一根萝卜说(这个,好象很搞笑)""我对上帝发誓,我再也不要挨饿!""我爱上她了!",2006-01-03 17:44:58
603,42,影志,力荐,Tomorrow is another day. 又一句该死的经典台词。,2005-08-24 07:21:29
604,42,沈书君,推荐,也许每个女孩子心中都有一个艾希礼，只有经过时光才发现真爱原来是班瑞德。,2008-10-06 09:38:02
605,42,funny_vee,力荐,那么早期的电影居然到现在也看不出瑕疵，太崇拜那个导演了。,2006-11-28 17:15:22
606,42,小霸王,力荐,看完斯嘉丽那么瘦小的身躯，却承受着那么大的压力，都能顶的住。真的感觉不到什么叫困难了，第二天去考试奇迹般的过了。。,2012-10-27 00:20:28
607,42,小爱,力荐,Clark Gable你真是每一个女人都会梦想得到的男人,2010-04-02 00:14:18
608,42,呵哈呼嘻嗨嘿嘤,力荐,郝思佳不算是个“好女人”，但她身上有着或许很多男人都没有的韧性，仿佛什么都无法打倒她，她永远能找到支点，重新站起来，正如她一直记在心里的“tomorrow is another day”。,2016-12-02 20:01:37
609,42,沉歌,推荐,至今记得亚特兰大的战火中她奔走的背影，裙裾摆动。她的野性和骄傲，坚强与倔强，不甘弱示或屈服，瑞德与她是相似的。如果瑞德爱上的不是郝思嘉，一定不会掉进那个自掘的陷阱里。对于郝思嘉佩服之极，对于瑞德，感动了，且唏嘘而惋惜。,2008-03-03 11:20:49
610,42,朝暮雪,推荐,原来80年前斯嘉丽就当了黑寡妇。,2017-03-15 02:49:32
611,42,艾小柯,力荐,永远的经典，永不被打倒的勇气。,2006-06-16 03:16:04
612,42,同志亦凡人中文站,力荐,乱世只是背景，更多是跌宕起伏的女性画卷。费雯丽塑造了大银幕上绝无仅有的佳人形象：斯嘉丽任性而深情、虚荣而善良、软弱而坚强，爱得情天恨海而又愚蠢天真......在电影院如痴如醉的坐了4个小时~~~,2018-05-13 15:44:44
613,42,货拉拉拉布拉多,力荐,将近４个钟头却还是让人意犹未尽．淋漓尽致了～,2008-06-10 21:54:30
614,42,雨果,力荐,"斯佳丽很有个性的一个女人，瑞特巴特勒船长也让人难忘，费雯丽身上体现了那个时代女性独立自强的性格。

瑞特巴特勒船长太有魅力，笑着说“那是你的事情，亲爱的”。对于斯嘉丽，巴特勒船长真的是尽力了，斯嘉丽醒悟得太晚了，“tomorrow is another day”是最真实的谎言。",2016-12-02 13:00:07
615,42,胖胖小君君,力荐,费雯丽在这部电影里真的是美爆了，绝对的美艳感。看完感觉斯嘉丽漂泊的一生里没有真正的爱上过别人，她最爱的是自己吧，最终也只能依靠自己。,2017-02-10 15:56:53
616,43,Orchid,推荐,“我总是记得那些无聊的小事情……”“感谢你给了我精彩的一生”，简单并深情着,2009-05-13 21:55:23
617,43,汽车大师,推荐,"去掉小孩，坏蛋，狗，鸟的话，这会是部完美的短片，but......;
那段夫妻蒙太奇应该是我迄今最喜欢的pixar段落了;
有一点不得不佩服pixar，拍的第一部3D就能完全摒弃滥斛噱头；而片头前那个“国内首部真人3D电影”的三分钟预告片，足以列入反面教材的经典了",2009-08-04 20:35:26
618,43,萨萨,力荐,最后那些最无聊的事情，才是我最怀念的。,2009-07-24 23:40:51
619,43,momo,力荐,最让我感动的是电影开头，这对夫妻志趣相投、相濡以沫，我想自己能不能找到这样的另一半呢,2016-09-10 21:25:01
620,43,Mr.王™,力荐,有史以来最强壮的老爷爷和最轻便的房屋~一群最不靠谱的狗和一只引人发笑的怪鸟~外加一位惹人喜爱却戏份不多的老奶奶，组成了一部我大爱的好片！,2009-07-23 17:19:08
621,43,昏金暗玉,力荐,从头哭到尾,2009-08-05 14:13:27
622,43,文泽尔,推荐,基本是儿童剧，最感人的部分一直到屋子初飞起的那一刻，之后就一直在梦游了..=。= 原本以为一切奇想不过是卡尔在再遇女孩那晚所做的一场梦，并且第二天天亮她还会来找他的…对男孩子气的艾莉的印象实在是太深了，这片要是只选取到艾莉死时，卡尔飞起气球，就是满分。皮克斯的技术没得说，因此4星,2009-08-09 14:42:05
623,43,阿北,力荐,史上第二彪悍钉子户的离奇拆迁故事。Pixar完美地成熟了。,2009-08-07 23:48:54
624,43,后天的雨,力荐,在影片最开头对老夫妻一生的回顾无疑是最大泪点，他们过了很好很幸福的一生，当垂垂老矣，他们仍深爱着对方，就算你已不在，也要带着他们曾经共同的梦想在生命的最终冒险一把，就像小朋友不畏惧一切的好奇心，对生活对梦想，再大的年纪都不是阻碍,2016-11-03 22:28:31
625,43,Doublebitch,力荐,几十年的夫妻生活浓缩成几分钟那段美好死了。,2009-10-26 19:23:03
626,43,木卫二,推荐,为爱妻遗愿，老钉子户一飞冲天，远赴南美寻梦,2009-08-06 00:40:44
627,43,hanahana,力荐,爱和梦想，勇气和希望,2009-08-05 09:40:24
628,43,胤祥,推荐,前12分钟完美，后面剧作不及技术好。,2010-02-17 23:51:18
629,43,岚,力荐,近乎无可挑剔..,2009-08-05 10:34:11
630,43,米粒,力荐,PIXAR总是这么perfect.原来和爱人相守一生是最大的冒险,2009-10-31 18:49:25
631,44,沐子荒,力荐,"王传君所有不被外人理解的坚持，都在这一刻得到了完美释放。他不是关谷神奇，他是王传君。
你看，即使依旧烂片如云，只要还有哪怕极少的人坚持，中国影视也终于还是从中生出了茁壮的根。
我不是药神，治不好这世界。但能改变一点，总归是会好的。",2018-07-03 22:37:38
632,44,朝暮雪,力荐,这不是“中国版《达拉斯买家俱乐部》”，这是中国的真实事件改编的中国电影，是属于我们自己的电影，不知道就去百度一下“陆勇”。,2018-06-30 17:40:18
633,44,开开kerguelen,力荐,小时候路过一家药店，门口的对联写着“只愿世间无疾病，何愁架上药染尘”,2018-07-04 21:00:31
634,44,七海,力荐,文牧野眼睛太毒了，观众的笑点、泪点、痛点被他牢牢抓住，徐峥现在不拼演技开始掏心炸肺放脱自我了，药物在中国绝对是个“不可说”，但这个电影说了它能说的，也不显山不漏水的说了它所不能说的，讲的是现实，但看过电影之后才会明白其实是超现实，2018最佳!,2018-06-30 19:28:36
635,44,大島,力荐,你的一个举动可能会改变别人的一生，酒吧领班从此爱上了钢管舞。,2018-07-05 21:39:15
636,44,Noodles,力荐,人生建议：别买零食，吃不下的。,2018-07-03 23:58:30
637,44,喝可乐的鸟,力荐,炸裂，哭成狗，从观影体验上看，比达拉斯买家俱乐部好，之间隔了差不多五个《动物世界》，导演处女作就这完成度，只能说剧本实在太好。我爸爸也是药神的受益者之一，否则我应该房子也没了。感谢他们🙏。,2018-07-03 22:01:56
638,44,谢飞导演,力荐,祝贺学院硕士毕业生文牧野出手不凡，导演了这样一部扎实、感人、有见地的处女作！看片中常在想：在疾病、死亡面前，一些常规的道义、是非怎么都成了反意？先人说过“合情合理才是好法。”那么实践证明已经不合情理的法律规章就应该改掉它！直面现实，促人思索，这样的作品值得夸赞！,2018-07-10 15:44:56
639,44,袁牧,推荐,看了一下差评，基本是自诩为独立专业的几个影评人给的吧，果然又要说电影语言，商业媚俗之类，固然把这个题材拍成侯孝贤、蔡明亮那样，影评人会有高潮，但你们其实喜欢的是影院里就坐着你们两三个人那种感觉不是吗？没有这种电影，电影人在时代急速抛弃弱势群体的巨变中，就是完全失语的。,2018-07-06 16:58:09
640,44,姨妈的鸭,力荐,特效是真实人性，特技是上映成功。,2018-06-30 16:06:18
641,44,麻辣香,力荐,为一句“谁家还没个病人”泪流满面 感叹生命在“穷病”面前无药可救 感慨中国终于有了属于我们自己的有力量的电影 所有演员都非常出色 近年最好的群像表演 请记住这些电影人 宁浩 文牧野 徐峥 周一围 王传君 谭卓 章宇 杨新铭 王砚辉 咱们电影还是有希望的 愿中国的电影越来越好 谢谢,2018-07-04 10:58:44
642,44,亵渎电影,推荐,我就是想实名表扬一下王传君，内地青年演员里竟然也有这种会演戏并且很卖力的实力派演员，这要是搁在好莱坞，他能拿下一座奥斯卡最佳男配。像这样的现实主义题材电影，如果编剧不是韩家女，它可能连拍摄许可证都拿不到，过审更没戏，它在国内的审查制度下没有可复制性，像这样的电影，且看且珍惜吧！,2018-07-07 20:43:27
643,44,小夕克莱尔,力荐,“他才20岁，想活命有什么罪”,2018-07-04 11:06:09
644,44,阿北,力荐,好电影,2018-07-16 11:54:44
645,44,德川咪咪,力荐,"《我不是药神》看到后半段，纽太普疯狂地啜泣起来，声音超大，以至于前后左右都开始看我们。
情急之下，我从裤子口袋里拉出一个口罩帮他戴上。顿时大家露出了了然又理解的表情。",2018-07-07 23:40:23
646,45,bayer04,力荐,诺兰接手后蝙蝠侠和其它漫画英雄片完全不是一个等级了,2008-08-29 22:07:30
647,45,Lan~die,力荐,蝙蝠侠、双面人和小丑这三个形象把人在善恶两面的矛盾及选择映射得淋漓尽致，于是成就了史上最佳漫画和英雄电影。时光网：“诺兰让关于艺术片和商业片的讨论变得毫无价值。《黑暗骑士》不但拍出了古典悲剧的感觉，还探讨了恐怖主义、越界权力等美国当代的热点话题。最关键的是，电影好看得无懈可击。”,2008-09-05 00:00:06
648,45,fishlee,力荐,大片中很有内涵的一部，不管是人们心中暗自涌动的对小丑疯狂灭世主义的不安的共鸣，还是对蝙蝠侠孤独暗夜行走的英雄惜英雄般同情，其实都是人们对这个世界失望的一种情绪释放。其实小丑说的很对，他和蝙蝠侠很像，都是异类，只不过蝙蝠侠把痛苦留给自己，顽固地去坚守一丝信仰，而小丑把痛苦还给世界。,2009-07-28 10:21:42
649,45,evonne||芝士命,力荐,好到一秒钟都不曾浪费,2009-05-16 11:12:11
650,45,云倾,力荐,小丑把该说的不该说的都说了 蝙蝠侠把该做的不该做的都做了 生命在于抉择 英雄的时代已经逝去了,2008-09-10 11:56:30
651,45,飞刀员外,还行,没感觉出彩在哪……,2009-07-07 23:07:40
652,45,粟熙,推荐,赞誉众口一致夸上了天，百闻不如一见，这种连环画超级英雄故事居然能扯到第六集真是要把编剧逼跳楼了，最后呈现的暗夜骑士全然超越了原著，悲怆到迷人的境界，着实是个奇迹。剧本确实很卓越，导演确实很出色，还有演技真是不得不叹服一下太tmd震撼,2008-11-21 12:41:29
653,45,穆玉修,力荐,Christopher Nolan太厉害了，好莱坞漫画类型片居然能拍到这样的高度...,2008-10-17 18:46:13
654,45,根,推荐,一直在搜索“为什么还有人想住在哥谭市”,2017-08-28 22:47:39
655,45,小M,力荐,光明与黑暗是同一个人的两张脸,2008-09-29 21:32:44
656,45,Jin,力荐,对于这么优秀的电影来说，再多的赞美都是多余的。,2008-09-15 12:48:37
657,45,五色全味,推荐,诺兰的叙事能力不但在于结构上。。他总有一个与众不同的主题,2008-12-02 00:05:09
658,45,影志,力荐,“有些人并不喜欢那些常人偏爱的东西，比如金钱，他们不被收买、不会被恐吓、不可理喻、更不接受谈判，有些人就想看人间地狱。” 也只有蝙蝠侠，才能让小丑变得完整。无尽的黑暗。,2008-12-14 15:32:12
659,45,荔枝超人,力荐,Batman是最不漫画的漫画英雄，也正因为这一点，使之最有可能成为跨越犯罪剧情片和漫画英雄片界限的特例。而这一次，编导精准的抓到了这一点，把这部电影打造得丰富严谨又酷劲十足，无论是满足视听还是人性复杂层面的挖掘上都做到了堪称完美！,2008-11-29 16:36:15
660,45,苏仁,推荐,剧情很诱人，总体很赞。不过，坏人的形象太完美而不真实，在智商情商上都是超一流，远胜主角。漏洞太多，哪有那么快就能搞到详尽的内幕信息？哪有说请了一帮小匪徒却跟受过严格训练的军人一样恪尽职守按时按点执行计划没有分毫不到位的？要搬运大量的汽油桶这种事怎么能在不引起官方注意的情况下实现？,2012-05-08 19:36:09
661,46,如小果,力荐,即使在一起喝过多少次酒，逛过多少次街，掏过多少次心窝，共度过多少时光，许多人还是没能拥有一个能背起你从地狱走向天堂的朋友——山姆。,2011-09-07 22:24:43
662,46,草威,力荐,最服的就是山姆了，走了那么长的路，路上吃得那么少，一点儿没瘦。,2017-01-09 22:13:52
663,46,饭夫斯基,力荐,骑白马的不一定是王子，是甘道夫；精灵战斗的时候，导演不会毁了他的美貌，别提莱戈拉斯了；裹着蜘蛛丝的弗罗多就像埃及艳后克娄巴特拉；胖子是重要的，他们可以背你；俩人被困在末日火山上，我说要有鹰，于是有鹰了；我差点以为阿拉贡要迎娶莱戈拉斯；弗罗多和山姆是真爱，绝逼的真爱。我要再看原著。,2011-10-16 21:29:18
664,46,无所谓,推荐,我就不明白甘道夫升级为白袍巫师了怎么不爱使魔法，改成肉搏战士了。一直期待他使一招毁天灭地……,2010-06-21 23:33:10
665,46,眼角的花朵,力荐,与咕鲁相比，弗罗多是幸运的。他具有别人无可比拟的强大的纯真力量。但他毁灭了魔戒，却无法清除内心被唤醒的邪恶。谁能说在故事最后他远渡海外，不是一种高傲的自我放逐？也许在索伦被消灭的那一刻，他也明白了邪恶的不可战胜。只是不得不与之抗争是英雄的使命。,2008-06-24 16:55:45
666,46,susu/苏酱,力荐,要是让peter jackson来拍西游记，会怎样？？,2006-01-16 21:43:15
667,46,颜良辰,力荐,每次看魔戒都会被奥兰度惊艳到~,2010-03-05 00:18:50
668,46,格子,力荐,终于结束了，一切如常，我却回不去了,2008-11-17 19:03:15
669,46,jj73浅之,力荐,原来真的可以被友情、信念和正义给感动。。。,2010-10-24 12:29:54
670,46,Qing,推荐,不知为何很不喜欢霍比特人那条线……拖沓啰嗦 但又不能不要 人皇那条线最喜欢了 真正的气势磅礴（P.S.从冰火追过来发现魔戒当真是真善美极了（P.P.S.甘道夫升级之后为什么还是用法杖打人 一直在等着他念咒语发大招荡平敌军来着,2017-04-07 13:34:56
671,46,雪後寒,力荐,阿拉贡20年没洗头了，还是帅得一如既往；我只要2天不洗头，就跟咕噜一样[苦涩][苦涩][苦涩],2021-05-16 21:12:28
672,46,螺丝இ,力荐,巨制就是巨制魔幻这题材少了美刀那不是人玩的感想如下：幽灵大军战斗力堪称最强阿拉贡你早调人马来省事好多 就是看着像清鼻涕 甘道夫你这个白袍儿怎么灰头土脸没有人家萨鲁曼当得有气势捏？精灵弓箭手萌~萌~萌~一大笑点是矮人金利 四个霍比特人就数弗罗多不讨喜这是角色设定没有办法 嫁人就嫁阿拉贡介样的人不过丽芙你脸也太长了我设定成宽屏还盛不下你的脸 有人说山姆和弗罗多其实是断背我看很有根据 所谓那会心一笑一切都明了 那额头一吻你别再敲打我心门 额我又腐了 最后压轴凯特你粲然一笑我瞬间倾倒！总结：60块收这6张D9值,2009-06-28 02:46:16
673,46,束,力荐,一口气看完三部白金加长版，对于这样的片子，只有两个字形容：经典。相对于骇客帝国，这三部的连续性非常好，值得称赞。,2007-11-22 02:59:49
674,46,A-sun*,推荐,亡灵奔涌那里很帅••••••,2012-04-04 13:28:15
675,46,根,力荐,书都看完了还怕你四个小时的屌电影……,2012-07-16 19:47:02
676,47,胡克,推荐,某山渣树怎么好意思说自己是史上最纯？？！！！！！ 这个真打动我了。。。女孩是第二眼美女！！！！！！！！！！,2010-12-07 00:25:43
677,47,不流ᝰ,推荐,上学的时候早恋，父母反对；上班了不恋爱，父母反对。你真是羡慕人家老外啊。,2010-12-18 12:27:04
678,47,鹿 卡,力荐,外公说的话：有些人浅薄，有些人金玉其外败絮其中，但是总有一天，你会遇到一个绚丽的人，她让你觉得你以前遇到过的所有人都只是浮云。片尾曲Everly brothers的Let it be me很好听。,2010-11-28 22:39:46
679,47,图灵莉莎,力荐,我看完后也对这女孩感触特别深，她独立而勤劳，恪守自尊但又不敏感到浑身长刺，正像邦妮另外一条说的，没有那个男孩，她也会生长得很好。对于成长电影来说，它对孩子和家长都很有教育意义，不论面对挫折还是爱，它都有非常正向的可贵的价值观。,2010-12-02 10:41:07
680,47,Esse,力荐,当你喜欢我的时候，我不喜欢你；当你爱上我的时候，我喜欢上你；当你离开我的时候，我却爱上你；是你走得太快，还是我跟不上你的脚步……,2010-12-03 21:13:45
681,47,熊大柚小內內,力荐,………………我能給十星嗎！,2010-12-01 10:49:29
682,47,❤yone.小米,推荐,篮子男孩，好萌的活动，怎么我们学校以前没有啊！,2010-11-28 21:09:59
683,47,Mono,推荐,一连看了两遍《怦然心动》，真的是怦然心动。一对小孩，一棵树，特别简单的故事，讲得荡气回肠。我感触最深的 一点是：女生十来岁就有超脱的自省意识，审视自己爱的人到底值不值得爱。一旦触及她的自尊，立刻决定放弃这个男生。我们文化里的“爱”，似乎都要低到尘埃 里，舍弃自尊才叫爱，犯贱当真爱,2018-01-31 10:48:17
684,47,桃色響尾蛇,力荐,萌死我算了，男主太帅了吧！,2010-11-24 13:08:03
685,47,黄青蕉,推荐,斯人若彩虹，遇上方知有,2012-11-18 22:07:57
686,47,狷介有乌青,力荐,当她在他身边蹦跶乱窜，他始终不屑一顾。当他意识到原来自己的眼神早已无法离开她时，她已优雅、自信、美丽得如同女神一般。,2010-12-12 16:52:05
687,47,刘一涵,还行,事实证明，很多人还是喜欢绣花枕头的,2010-12-16 18:40:10
688,47,浅。,力荐,"Some of us get dipped in flat, some in satin, some in gloss. But every once in a while, you find someone who's iridescent. And when you do, nothing will ever compare.有些人浅薄，有些人金玉其外而败絮其中。有天你会遇到一个彩虹般绚丽的人，当你遇到这个人后，会觉得其他人只是浮云而已。",2010-12-18 16:39:03
689,47,Doublebitch,推荐,赤果果的早恋啊！在天朝肯定要被禁！,2010-11-26 14:00:57
690,47,Phyllis,力荐,Flipped，怦然心动，喜欢这个翻译的片名，就像第一次看到那棵树上的美景，就像第一次看到你闪亮的眼睛，那一瞬，就莫名心动了,2010-11-25 14:30:55
691,48,西楼尘,力荐,国家走了一小段弯路，对于一代人就是蹉跎了一辈子。生活不易，还是得这么活着。笑中带泪，死人堆里暗暗许下活着的誓约，可谁也不曾想大环境下生活的艰辛。国师在第五代导演最好的时期奉献了极其有温度的作品。经年以后，鹤发的富贵摇着蒲扇回想那天不让有庆上学，少买几个馒头就好了，可生活不曾回头。,2015-06-23 22:22:35
692,48,沉歌,推荐,长太息以掩涕兮，哀民生之多艰,2014-03-24 17:13:09
693,48,艾小柯,力荐,个人认为是张义谋最好的电影。,2006-06-16 01:33:13
694,48,Lan~die,力荐,"活着就是受罪 活着就是劳累 
活着就是互相折磨 活着就是不对 
活着就是受罪 活着就是劳累 
活着还得互相安慰 活着就会憔悴 
活着就是受罪 活着就是劳累 
活着就得拼命挣扎 活着就得干脆
——尹吾 你笑着流出了泪",2009-01-25 17:28:31
695,48,余小岛,推荐,活着就是他妈遭罪，可死了又不甘心。,2013-04-28 18:18:47
696,48,momo,力荐,演员选得很好，巩俐演啥像啥。但整体没有小说感人，可能小说太残酷了吧。兴，百姓苦；亡，百姓苦。活到最后的人，往往最痛苦。,2016-10-23 09:48:39
697,48,巴喆,力荐,（短评已多次被删）,2012-06-28 12:41:16
698,48,柠檬海盐,推荐,历史背景太严肃 总觉得下一秒就会是悲剧 一路想着这么看完 反倒有点释然,2017-05-02 19:52:29
699,48,狷介有乌青,力荐,一个时代有一个时代的悲哀和可笑，你能在别人心酸的故事中读出些许温情，也能从自己的平凡中领会些许荡气回肠。电影少了原著的惨烈，但那种好死不如赖活着的悲凉还是存在的。,2011-11-27 00:04:27
700,48,朝暮雪,推荐,如果你觉得自己很惨，那就去看看《活着》。,2012-08-07 16:04:10
701,48,影志,力荐,活着就是一切！戛纳评委会大奖，老谋子最好的电影。,2005-07-22 01:47:20
702,48,王喝冰,力荐,说真的，任何一个国家把这样一部伟大的电影禁掉都是这个国家的耻辱。,2020-12-21 14:39:41
703,48,小耳朵图吗,力荐,改编自余华的小说【活着】。很好看。书和电影都好看。活着的人比死了的人还痛苦。我觉得是的。,2008-09-02 23:13:25
704,48,暖鱼,力荐,看一次骂一次,2006-03-03 17:05:24
705,48,shu,力荐,从一开始不可能让人哭，我就哭得一塌糊涂，因为这部片，又不全是。,2008-01-13 09:39:00
706,49,Zia,力荐,如果能让自己不再为光阴被虚度，才华被耗尽而流泪，如果能让自己坚定，“我不要似是而非的人生，我要自己做的每一件事都刻骨铭心”，那么这场狂热便是得其所，记住这永远不是最差的人生。,2009-08-09 19:33:17
707,49,囍夭夭,推荐,看到开头就知道结局，不过这并不重要，重要的是过程。。。最感人的不是赢得职位，而是在厕所里捂住儿子的耳朵。。。作为一名容易感情用事的中国观众，感动比励志对我来说更重要=。=,2009-04-06 20:40:29
708,49,水木丁,力荐,虽然是个好莱坞励志片，但真正让我感慨的其实是，穷人想要翻身，真是太难太难了，他们大多数不是不努力工作，但确实是一根绳子勒在脖子上，压根没有喘息的机会，而且他们的孩子从出生下来就没有，毕竟不是每个穷人家的孩子，都足够幸运能有这么顽强，比别人聪明十倍的爸爸啊。,2015-03-08 15:31:34
709,49,疤疤爸爸,力荐,为毛不去天桥上乞讨？为毛不去地铁里乞讨？在我们这儿是这么办的。,2009-08-23 12:15:59
710,49,半袖,力荐,"孩子母亲颤抖着说你会照顾好他；
装扮成时光机器来安抚孩子，子夜洗手间中独自哭泣；
“你是个好爸爸”，孩子说。
看电影的时候，我的手经常不自觉的紧握着，为那揪心的困窘。
幸福在这里敲门了，可是那些没有被敲门的人呢？",2007-01-28 00:42:12
711,49,天亮天黑,力荐,生活时常会让我们感到艰辛，并会让我们无数次目睹生命在各种重压下的扭曲与变形。——《生命不可承受之轻》,2010-11-10 20:38:55
712,49,小没,推荐,我一直记得，有人对我说：当你迈过这个坎之后，你会发现，还会有什么不可以面对的困难。,2008-02-12 19:07:33
713,49,小海,力荐,想起来徐本禹说的那句话：”你穷，别人会同情你，但你一直穷，别人不会一直同情你的。“《幸福来敲门》虽然算不上是完美的励志片，但它至少教会我一点，不要把自己经历过的事儿当个事儿，即使能感动他人，这些也什么都不是。把这些扔在脑后，让生命爆发出战斗力，去击败一切，才是真正动人的感人故事。,2012-04-04 18:24:29
714,49,曾经,推荐,有点失望...感觉是为了励志而励志......要不是导演和演员功力，就沦落成俗套励志片了......,2010-01-22 23:46:32
715,49,青猫,力荐,除了幸福 什么都能放弃 一定要幸福 和自己喜欢的人在一起 做自己喜欢的事,2008-02-17 16:59:01
716,49,冲浪小子Z,力荐,老爸走了10年了，还是会常常想起他,2018-06-17 14:00:30
717,49,lynn,力荐,"You got a dream, you gotta protect it. Don't let your dreams be dreams.",2016-12-31 13:32:56
718,49,今天也没有猫,力荐,以前的英语老师推荐给我的，非常励志感人的一部影片，父子俩睡在厕所那一段至今印象深刻，逆境中的依偎和成长很打动人。,2018-02-05 14:56:42
719,49,树木希凉,推荐,"失业时候看的,简直是催泪弹,WILL的儿子将来一定是块料,奥斯卡上看他跟小美女打闹,忒逗.",2007-04-28 19:30:46
720,49,shield,推荐,就算身在阶级底层，父亲也极力让儿子相信世界并不是那么残酷无情，故事非常感人。,2017-01-05 18:11:19
721,50,mjxian,推荐,如果你在下雨天的车站，遇到被淋湿的妖怪，请把雨伞借给它，你会得到森林的通行证哦,2012-09-19 22:16:47
722,50,寂地,力荐,那音乐壮丽的响起的时候，觉得心里被一种温暖充满，然后实在控制不住眼泪了，不是因为伤心，而是因为，它给人的感觉，实在美好到无法表达了．,2006-01-03 17:44:39
723,50,苏比,推荐,原来龙猫的戏份这么少啊。,2011-01-20 22:48:17
724,50,Lan~die,力荐,"龙猫，好烂漫的幻想。
消失的乡下风景、慈祥的爷爷奶奶、嬉笑追逐的儿时玩伴，是童年最纯真美好的回忆。",2007-02-10 09:19:52
725,50,Q。,力荐,"人人心中都有个龙猫，童年就永远不会消失，爱是最美的拥有～

★★★★★",2008-09-01 09:45:33
726,50,沉歌,力荐,我要告诉你，纯真是一种财富。,2007-10-03 15:06:29
727,50,吴花果,推荐,日本的动画总是能触碰心灵和温情,2006-12-28 01:05:27
728,50,赫恩曼尼,力荐,宫崎骏真是个内心柔软的天才。能给这个残酷的世界这么多温暖。龙猫真像童年时的一场梦，长大之后似乎忘记了，突然看见它毛茸茸的身躯，就想起了所有的奢望。这大概就是我们得以在孤独中相互告慰的东西吧。无论怎样，成熟都是一场病，而能够治愈它的，大概只有对这个世界最温存的渴望。,2013-08-08 00:28:36
729,50,宅蘑菇Moku,力荐,摸摸龙猫的鼻子胡须就会颤动起来哦=w=……看见斜眼偷瞄逃跑的小白一定要跟上去！ 童话总是在相信它的人心中真实的存在着，想起来的时候心中就会充满温暖守护的力量,2011-10-12 23:04:14
730,50,芦哲峰,推荐,宫崎骏最感人的一部，初看平平无奇，回味一下痛彻肺腑。,2011-01-31 12:43:18
731,50,玉木大河,推荐,不知道有没有人注意过，需要独自照顾孩子的爸爸带着两个女孩一起泡澡……我有点不太适应……其他的地方，还是挺温馨的。,2023-07-23 16:59:35
732,50,欢乐分裂,推荐,#重看#4.5；历经整12年的回温依然感动满怀，经典作品无惧时光的损耗，历久弥新。年初《千与千寻》，年尾《龙猫》，于是一年就这样结束了，电影定义、标注、界定了我们的生活。满目苍翠的山居岁月，一派静谧悠然，蝉鸣林静，蛙声鼓噪，童年天性得到尽情释放，灵动美妙的配乐响起，在璀璨星空下翱翔于家园上方，简直是最梦幻最美好的事；日常细节铺设得温暖而真切自然，雨滴落在鼻子的滴答声，窗台上摆满的花，远远望见父母言笑晏晏，恻然而泪目。跨越人类现实界限的龙猫是童真与良善的守护者，唯有不带尘俗杂念的纯良心灵才有机会与之相遇，精灵与人类共生恰是宫崎骏一以贯之的核心理念，在这片如桃花源般的理想净土上，亲情与友情焕发着纯粹的光芒，即使生活长河多遇艰难险阻，他们凭着爱与希望，向善与坚强，走出黑暗泥淖，迎向新生的太阳。,2018-12-14 13:23:57
733,50,大头绿豆,力荐,我好像看到小月和小梅坐在那棵松树上对我们笑。“搞不好真是她们呢。”,2006-09-23 13:07:18
734,50,战国客,还行,这个情节也太简单点了吧……,2008-11-21 18:30:02
735,50,Lycidas,力荐,下雨天龙猫撑着伞，突然有树梢积累的大颗水珠滴下来发出砰的声响，它很开心，很喜欢那个声音，就跳起来震得树上雨水纷纷落下。20181215 和妈妈一起进影院重看。30年过去，这个永恒的夏日童话依然纯真得令人泪下，提醒着无忧无虑的日子已经一去不返，如今的我，想必已经再也看不到龙猫和猫巴士了吧。,2010-12-16 18:13:38
736,51,tavico,推荐,花了8年才看完这部电影....,2009-07-18 11:57:39
737,51,墨语悠然,推荐,这部电影是刚上中学过最后一个六一的时候，学校给放的，太久远的记忆了。作者天马行空的想象力，电影精妙绝伦的现，让我第一次对想象中的“魔法”，有了一个具象的观感。虽然那是一个虚拟的世界，但是我不会忘记那份感动和震撼。九又四分之三站台，分院帽，格兰芬多，魁地奇，都是最精彩的记忆！,2016-12-15 18:44:45
738,51,根,力荐,一整个世界被打开了的感觉啊。,2012-01-12 13:48:27
739,51,宅蘑菇Moku,力荐,还是第一部最可爱了，正太是正太萝莉是萝莉的,2007-09-27 00:04:51
740,51,遇见彩虹🌈,推荐,当年还是在电影院看的，波特的魔法世界惊艳展开，风靡全球。,2018-03-01 13:42:04
741,51,如小果,力荐,演员最好看的一部。,2010-12-15 16:42:40
742,51,Morning,还行,作为HP系列的开篇，算是合格完成任务，对人物的交代都很清晰，在许多分裂的HP其他几部，这一部是最忠实表达魔法世界的异彩纷呈的，在交待情节的同时仍不忘学院里的幽灵，会动的画像和楼梯，这在后来几部都几乎没有了。,2011-07-14 15:17:45
743,51,同志亦凡人中文站,力荐,忠实原著有时候未必就不能打造惊喜。,2012-07-20 19:53:40
744,51,麦垄风来翠浪斜,推荐,哈利波特系列的电影与小说，我能感受他们的喜怒哀乐，一同烦恼学生时代的“难熬”，当这一系列结束时，再回头看这第一部，有一种“曾当年”的感受，我私以为作者以后再写出什么样的故事也不能如当年那样打动人心，毕竟这已成了我心中的白月光，不是吗,2017-12-18 17:40:12
745,51,无源水,推荐,结尾邓布利多太偏心了，我是其他院的就掀桌子了,2024-10-13 17:48:37
746,51,猫语猫寻,力荐,我觉得这仍然是这个系列里最好看的一集吧，第一次看的时候真的惊喜死了，整体设定的展开和铺陈都让人激动，重点是哈利在这个时候是最萌最可爱的时候了，第二集开始就慢慢的长开了！对！长！开！了！,2009-09-11 03:07:38
747,51,44口口,力荐,那时候是有多可爱啊，刚接触魔法的种种新鲜和刺激，比起后面的黑暗剧情以及丹尼尔越来越大叔的模样，真是怀念这里啊。,2010-10-09 00:58:11
748,51,AshtrayGem,力荐,第一部是最忠于原著的~而且第一次接触魔幻世界很受震撼~,2008-05-15 19:58:34
749,51,Nakedself,力荐,你信不信，我也养了一只猫头鹰^^,2006-05-17 15:59:21
750,51,Griet,还行,雖說電影永遠比不上原著吧，但英國人做事總是靠譜的。,2010-03-25 05:26:40
751,52,桃桃林林,推荐,音乐真棒，看到最后有些意犹未尽。很舒服的电影，故事有趣又会带些感动。两个完全不同世界的人，因为教育、知识、习惯等各种不同造成情节冲突及笑料；而彼此的影响和同化则是感动的部分。对于菲利普来说，有时需要的未必是小心翼翼的服侍，而是像对待普通人一样的无歧视对待。,2012-02-13 22:37:33
752,52,张天翼,力荐,对残障人士最大的尊重，就是不要把他们当做残障人士。尊重比爱和同情心更高等级,2012-02-27 22:33:01
753,52,匡轶歌,推荐,开怀大笑一整场，最后却蓦然飙泪。身份、地位、财富、性格、教养、爱好、年龄，各方面皆如此悬殊的两人，磁场却契合完美。无论爱情友情，所谓好的、有爱的关系，是两个人都在关系里感到开心融合、自由释放、并因而成长。什么是灵魂伴侣？这，就是传说中的，灵魂伴侣。,2012-02-18 00:41:41
754,52,LORENZO 洛伦佐,力荐,我想每个人都至少有这么一个挚友，你和他/她在人生的拐点遇到，惊叹于彼此的不同或者相似，有过不少平淡无奇却值得纪念的时光，ta会将心比心，为你的哀伤扼腕，为你的快慰击节，更会在ta的心里，为你留下那么一块永恒的位置，任白云苍狗，风云变幻。,2012-02-16 21:05:30
755,52,浅苍,推荐,毫不基情的友情片！,2012-02-15 09:32:14
756,52,Dr希鲁鲁克,力荐,给领导做一万件好事不如陪他做一件坏事,2012-07-23 22:35:48
757,52,Q。,推荐,去年的法国票房冠军，来自于一个真实故事的改编。少有的不刻意煽情，原声很棒，一个老套的故事竟能讲的如此有趣，还总能时不时惹人发笑，让人感动。最后字幕拉起时，仍在回味并享受那种喋喋不休与法式优雅情怀。有时，也许你给我的，是所有人都无法触及到的。★★★★,2012-02-14 20:43:03
758,52,jiyun,力荐,今年看的第二部佳片。茫茫人海，两个截然不同的人相遇，你改变了我，我改变了你，相逢的人会再相逢。关于社会的贫富差距、青少年犯罪、种族歧视这些虽没有明说却在暗中映射，以此来烘托角色。富豪有钱却残疾不快乐，黑人贫穷却有一颗善良乐观的心。ps:Ludovico Einaudi的配乐很加分！,2012-02-16 18:57:55
759,52,饭团,力荐,原声实在是棒！两个演员都很精彩 完全是笑声和泪水齐飞的电影！！！,2011-11-05 03:26:36
760,52,晚安好运©️,力荐,某个人在不经意间走进你的生活，他和你不同阶层，不完美，甚至有不少讨人厌的毛病，但是长期的相互信任和理解成就了一段真挚友情，也给两个人的生活都带来了阳光。把德瑞斯的原型改成黑人使对比更强烈情节更戏剧化，也让这段超越种族的友情更感人。影片里乘着滑翔伞在山谷中翱翔那幕太美了……,2012-02-16 21:51:04
761,52,思考的猫,力荐,乐而不淫，哀而不伤，碰到达到这种境界的生活喜剧是件幸事。,2012-04-03 17:29:35
762,52,psycho DC,力荐,黑&白，老&少，超越种族和阶级的友情，感人至深的温情，细腻动人的剧情，以及极赞的电影配乐，不禁让人想再次回味...,2012-02-20 03:32:33
763,52,Nothing,力荐,“铁生，踢球去！”,2023-06-13 11:28:36
764,52,司令,力荐,残疾高帅富与乐观男屌丝的旷世友情。,2012-05-29 20:06:40
765,52,铃铛,力荐,有时，你必须进入别人的世界去发现自己的世界缺少什么。,2018-03-29 07:56:28
766,53,大头绿豆,力荐,"男人。
千万不要记恨你的对手，这样会让你失去理智。",2005-09-12 20:08:33
767,53,账号弃用,力荐,"""Because a man who doesn't spend time with his family can never be a real man.""",2009-07-24 17:06:54
768,53,刘康康,力荐,科波拉是有厌女症吧？这片子里的女人要么圣母得让人恶心，要么就傻逼得遭人烦，除了哭哭啼啼就是无理取闹。最后一个镜头，麦克成为新的教父，一道门隔开他的妻子，不是没有理由的。这是一个男人的世界。相对来说我最喜欢医院里那场戏，拍得相当有张力，第一场婚礼戏也喜欢。,2014-05-26 02:33:29
769,53,Kaito,力荐,讲述的是一个好孩子怎么变成老大的过程,2006-06-01 00:25:27
770,53,伍德与夏洛蒂,力荐,无论阿尔帕西诺多卖力，教父也只有一个，那就是永远的马龙白兰度。时代不一样，要走的路不一样，所以那个黄金时代，讲义气重家庭谈承诺的时代，永远回不去了。,2014-06-28 11:10:46
771,53,布宜諾斯,力荐,男性电影，没有打动我,2007-12-15 14:41:14
772,53,夏休,力荐,聪明的女人不会去揭穿男人的谎言，聪明的男人不会让女人知道自己在说谎。,2013-11-14 14:44:32
773,53,同志亦凡人中文站,力荐,N年前看过英文原著，只记得是个血腥暴力的故事，想不到电影可以如此沉稳和大气，有一种史诗气质。大银幕上看马龙·白兰度，感觉膝盖好疼...,2017-05-12 19:46:58
774,53,deepwhite2333,力荐,这男人。。。牛逼又孤独吧。。,2008-12-08 20:51:18
775,53,私享史,推荐,当一个新生儿在教堂接受教父的洗礼时，教堂之外的死亡正在蔓延……,2005-11-25 16:11:11
776,53,裸踝,还行,完了，不喜欢这个电影一定是我自己有问题，不必安慰我。,2010-02-17 19:29:22
777,53,╯^╰,推荐,生活是这样的美丽。剧情什么的都很不错，但有一句话我不喜欢，好像是说男人需要考虑很多，承担很多，但小孩和女人不用。用觉得有点性别歧视的意味。,2017-02-24 09:18:19
778,53,bayer04,力荐,当全世界都告诉你某片特好，不去看是：不对的,2010-07-22 16:00:54
779,53,闻人林,力荐,年纪越大，这个片打分越高,2016-11-10 07:19:43
780,53,欢乐分裂,力荐,#SIFF2014#三小时内群像毕现，人物笔墨浓淡均匀，无闲笔；很多场面的调度堪称伟大，环境、声音、布光、道具浑然一体，如医院换房间那段，剪辑得太好，百忙之中不忘特写教父眼角泪珠，动静相宜；如洗礼与杀戮并行那段剪辑，可谓惊心动魄，在喜悦和冷血交错中教父二代逐渐升华定格。,2014-06-17 08:10:31
781,54,桃桃林林,推荐,我们愤怒的不仅是禽兽的行径，更是禽兽逍遥法外，正义无处伸张，无能为力才是最痛苦和绝望的。一个非常容易感动观众的题材，尤其还是真实事件改编。其实电影还有很多提升空间，包括对犯罪场面的描述太刻意未也太多了。但仍喜欢这样的电影，这才是电影应有的立场。这就是我们和韩影的差距。3星半,2011-12-30 21:04:54
782,54,C°,力荐,他们至少有电影的力量在支撑着弱势群体，而我们呢？因为【熔炉】的上映，一部关于【性暴力犯罪处罚特别法部分修订法律案】目前已通过韩国国会正式颁布，当时的嫌疑人也已被警方逮捕，【熔炉】让我们看到一部现实题材影片所蕴含的巨大能量。有时候一部电影真的可以改变一个世界！,2012-01-03 07:16:41
783,54,茱湮河,力荐,想起一级恐惧的片头台词来：想找公平就到妓院，想被人干才到法庭。深雾中到处是颤栗的呻吟。,2011-12-28 03:27:03
784,54,握不住的灵魂,推荐,《内咸》--鲁迅,2012-06-09 20:12:08
785,54,又又,力荐,這個世界的絕望在於，眼睜睜地看著那麼多的不公不平每天都在身邊發生，自己再怎麼努力卻依舊無可奈何；而這個世界的希望也在於，明知是蚍蜉撼大樹，卻還是有那麼一群人執著地選擇了這一條艱難而幾近不可能的路。,2011-12-30 13:13:27
786,54,qw-p,力荐,我们无法改变世界，但我们可以选择不被世界改变...,2011-12-30 20:48:57
787,54,Doublebitch,力荐,当邪恶的力量已经渗透至社会的每个角落尤其是当权者手中，我们还他妈向谁去央求公平和自由,2012-01-03 12:43:01
788,54,落大雨了,推荐,我在想演戏的小孩子会不会有心理阴影,2012-01-03 15:13:50
789,54,白发生,力荐,大概只有套用《让子弹飞》里的一句经典台词才能略为表达我看完本片时的心情——震撼！震撼！！还是TMD震撼！！！我可以理解部分人站在纯粹艺术的角度对这部电影技法上的乏善可陈评头论足，但是我无法相信有人面对它由始至终散发出的那股震撼人心的力量时居然能做到完全无动于衷。,2012-04-26 10:50:11
790,54,阿巴厮,力荐,不说别的，光电影那股正义的力量，就足以让人沸腾。,2012-01-02 22:48:12
791,54,齊克斯尼力佐飛,力荐,不能用电影的标准来评判它，因为这事件本身已经震撼得出一身冷汗，能拍出来就是已经了不起的事。,2012-03-27 22:42:27
792,54,niania兔,力荐,孔侑在里面对自己的母亲说：我在她被性暴行的时候来不及去阻止，现在这些孩子需要我的时候，我怎么能袖手旁观呢？如果这样都做不到，我又怎么能当一名合格称职的父亲~,2011-09-27 22:22:34
793,54,大鼻先森,力荐,我有一个长长的望远镜，一直能伸到你的家里，你说什么做什么我都能看得到。,2017-11-24 08:20:43
794,54,刘康康,力荐,韩国电影总是有本事让我能痛痛快快哭一下。影片最后的信里，问孩子们这件事发生后对他们而言最大的变化是什么？孩子们说，知道了自己也是有人关心的。我一下子就泪崩了。,2013-01-06 20:17:56
795,54,维城乱马,力荐,又一部没有大场面的五星级韩国大片，值得鼓掌叫好。 电影里说“我们一路奋战不是为了改变世界，而是为了不让世界改变我们”，网友说“他们有改变国家的电影，我们有改变电影的国家。 ”,2013-10-30 16:51:06
796,55,仲楚,推荐,"紫霞仙子眨眼的一瞬惊艳，无忧无虑的至尊宝。
至尊宝面对现实的两条路:
不成大圣，我无法救你。成了大圣，我无法爱你。",2018-01-30 23:44:02
797,55,罗弘霉素,力荐,一遍烂，两遍笑，三遍哭,2010-07-26 18:41:26
798,55,woodYA!!en,推荐,鲜花虽会凋谢，但会再开。一生所爱，隐约在白云外。苦海翻起爱恨，在世间难逃避命运。相亲竟不可接近，或我应该相信是命运。,2011-03-17 23:03:33
799,55,Mona Lishark,力荐,有人跟我比赛背台词么,2008-01-01 19:41:02
800,55,眠去,力荐,为什么越看越觉得悲伤,2007-02-13 12:55:20
801,55,Lan~die,力荐,"经历过和正在经历着悟空式的命运和紫霞式的爱情，才发现生命的本质是以最低的姿态出现的。英雄？你为什么不问问做英雄的代价？  
“想不到经过这五百年，我要找的并不是她，而是你。”人生际遇真是难以言喻。",2006-10-07 10:48:36
802,55,游牧人,推荐,#电影院#  第二部就这样活生生地把周星驰塑造成了千古情圣，句句台词都催泪。反应了初恋之后男人遇到真爱（挚爱）的复杂心理。至尊宝其实真的很心软也很善良，怎能因为紫霞流了一滴眼泪就爱上了她，我到现在都还喜欢白晶晶啊。,2010-10-06 23:17:37
803,55,小锡兵,力荐,我猜中了开头，却猜不到这结局。/ 20141024 在影院哭死,2009-02-03 05:27:31
804,55,Miss Lucky,推荐,其实很伤感,2006-12-22 20:41:27
805,55,快乐人生,推荐,曾经有份真挚的感情摆在我面前，我不懂得珍惜，直到失去了才追悔莫及。人世间最痛苦的事莫过于此。如果上天给我一个再来一次的机会，我会对那个女孩说三个字: 我爱你，如果非要在这份爱上面加个期限，我希望是  ...一万年。,2018-03-18 20:22:00
806,55,影志,力荐,任何时候任何场合都可以再看一遍的电影,2006-02-05 18:31:34
807,55,欣欣向荣,推荐,大圣去取经了，城楼上的和自己长得一样的人类和一样的紫霞仙子，过着愉快的生活，有点悲伤。,2018-03-09 21:05:06
808,55,猫咪.萌萌,推荐,这表面看起来像喜剧，实际上就是个悲剧，紫霞仙子和齐天大圣之间隔着500年，500年前的齐天大圣和紫霞仙子的爱情，500年后至尊宝和白晶晶的爱情，那么多的纷纷扰扰，到最后不过是一场梦，真真假假各自体会，,2018-01-15 17:22:52
809,55,康报虹,力荐,坐我旁边的那个年近四十、西装革履的男人从电影刚开始就止不住眼泪，有些地方哭着笑出声。而他的年轻女伴从开头就一直低头玩手机、到经典场景就煞有介事地拍张照片、不到一半时一直嚷嚷着无聊，硬是把那个男人拉走了。,2017-04-14 21:41:11
810,55,凉水,力荐,紫霞飘向太阳时、齐天大圣离开城门时，都哭成了傻逼。有多庆幸能踩着五彩祥云做你的盖世英雄，就有多遗憾没办法与你守护终身。喜欢的是五百年前的晶晶、还是给了自己三颗痣的紫霞；喜欢无拘无束敢爱敢恨的至尊宝、还是套上紧箍咒背影像狗的孙悟空？爱的命题究竟太空泛，恐怕还是要交给月光宝盒。,2012-10-26 20:49:43
811,56,丁一,推荐,律师三寸舌，妇人宫心计，两者皆不敌，最坏男人心，花心郎算尽太聪明，反算了戚戚性命,2009-11-30 09:10:01
812,56,沉歌,力荐,男人贪心，女人贪爱,2012-02-08 13:29:42
813,56,又烧包小队长,力荐,这片最大的反转不是影片末尾的谜底揭晓，而是看完影片后我查到女主角拍摄时已经五十六岁了。昏迷。,2016-06-06 08:54:25
814,56,般若死火,力荐,好片遇上好字幕~爽,2010-02-22 01:22:58
815,56,XA™,力荐,五星级结局，难以置信这是1958年的黑白电影！,2010-06-18 20:27:23
816,56,黄青蕉,力荐,比利怀德真的是各种意义上的领先时代五十年，连防剧透声明都领先了,2017-04-26 22:23:35
817,56,大奇特(Grinch),力荐,查尔斯劳顿简直是戏精！比利怀德的电影和阿加莎克里斯蒂的小说都是在结尾峰回路转，此片简直是两位大师珠联璧合的杰作！,2009-01-24 11:59:21
818,56,桃桃林林,力荐,阿加莎·克里斯蒂的精妙情节配上比利·怀德的风趣对白，以及查尔斯·劳顿、玛琳·黛德丽、泰隆·鲍华等人的精彩表演，几近完美的电影。不老的玛琳·黛德丽，又被感动了，真棒。,2011-07-10 11:36:22
819,56,花儿果果,力荐,又是让我尖叫打滚的经典佳片！绅士又纯青的表演，奇妙而精巧的情节推进，幽默且风趣的细节，当然还有巧夺天工的结局！尽管后来的电影常常窥见模仿此处环节之处，但查尔斯劳顿、玛德琳黛德丽和比利怀尔德终究是无法复制的！,2010-08-11 17:12:15
820,56,jiyun,力荐,诙谐的对白，严谨的思路，一心要把观众往沟里带的情节。ps:我觉得那个女仆的表演也很不错！,2012-01-10 00:33:54
821,56,影志,力荐,抱着对法庭题材的偏见去看，没想到竟是一部够回味好几天的片子，不仅仅因为惊艳的结尾，整部戏就像让观者身临其境一样，思其所思、忧其所忧，黑洞一样的剧情吸引着人，最后把你完全裹住、迅速吞噬。演技、导演、编剧真是惊为天人。第一部怀德片。,2013-05-06 15:25:13
822,56,沉舟侧畔luu,力荐,最后Christine精准打击渣男一刀致命，真是比那些只知道揍小三然后原谅渣男的女人高了不知道多少级👊,2020-10-12 16:10:37
823,56,da,力荐,我就猜到一个反转，就是他妻子可能故意做假证，结果最后十分钟又反转了一下，而且和之前的那些真正的证词全部对应起来了，从那个年轻女子坐在旁听席上哭起来说自己第一次碰到这种庭审，结果那个年轻女子果然和被告有一腿，结果正当我在想法律可能结果不了一个畜生了，这时候他妻子爽快的给了一刀。,2016-12-28 01:35:56
824,56,贝果在唱歌,力荐,当我翻看古代先贤们的著作的时候，我就已经意识到了，今天文明所达到的高度只是积累的结果，但从智力而言，这几千年来，人类其实没有什么变化。同样的道理，抛开所有技术的更新，从智力的层面看，这部六十多年前的电影，仍然是登峰造极的作品啊。。。,2013-12-11 02:27:17
825,56,gift,力荐,电影结束我回想了一下，全程女主竟然没有做过一句伪证。然后去查询了女主的生平，心情只有结尾大律师的一句话可以概括：“What a remarkable woman!”,2021-07-31 08:08:29
826,57,下雪了没有,力荐,广州试片会。主持人在现场透露：Coco原本涉及到亡灵题材，是不能引进的。但是在过审时，当场看哭了所有广电审查人员，so破例让过了。。。,2017-11-20 13:30:34
827,57,西楼尘,力荐,供奉的遗像是牵引家人回家的通道，驻留的记忆是保持亡灵存续的神力，热闹的音乐是唤醒思念启封的药引。我为你写了首歌，穿越浩瀚的岁月烟尘，捱过冰冷的孤独冬季，横跨漫长的天人之路，在你老去的时候，唱给你听。这瑰丽的灯火万家，摇曳的烛光千盏，不如你梳着麻花辫坐在床头时，眼里闪烁的星光璀璨。,2017-11-20 23:01:54
828,57,小站,力荐,邻座的女孩哭倒在我怀里啊电影多么美妙！,2017-11-17 16:21:08
829,57,shininglove,推荐,老人不图儿女为家做多大贡献呀，一辈子不容易就图个团团圆圆。皮克斯替蔡国庆唱了回春晚。,2017-11-26 19:25:14
830,57,美嘉.rar,力荐,我们是人类的一分子，而人类是充满激情的。医学、法律、商业、科技，这些都是崇高的追求，足以支撑人的一生。但音乐、诗歌、梦想、情感，这些才是我们活着的意义。,2017-11-16 16:09:05
831,57,小九儿,力荐,11月1日亡灵节当天，墨西哥城的影院里，隔壁座儿的小男孩画着鬼脸儿穿着骷髅服，老奶奶抱着万寿菊，举家一起看coco。生活与动画交叠而映，感慨又感动，炫目又泪目。这才叫文化输出，好羡慕，好嫉妒。（ps：盖尔加西亚~不枉爱了你十余年）（pps：开场前送了20分钟冰雪奇缘番外 ，以为走错片场）,2017-11-02 07:28:41
832,57,Kirara酱,力荐,"人有三次死亡。第一次是生物学的死亡；第二次是社会宣布你死亡；第三次是最后一个记得你的人离开这个世界。
想念上个月去世的外婆，想念老爸，想念所有离我而去的人们。
后悔没带纸，平复了半天情绪最后离开放映厅。。。",2017-11-24 09:56:06
833,57,桃桃林林,推荐,亲情催泪弹。所以，动画会不会好看，除了技术，更重要的还是如何讲好故事，把感情放进去，借作品把情感传递开，包括这部以及头脑特工队等很多能成功，皆是如此。不过，有些人似乎总是搞不懂这件事。,2017-11-25 14:25:22
834,57,白井黑子阿尼娅,力荐,第一次觉得死后世界通往人间的万寿菊之桥和七夕鹊桥是一样的原理，爱不分种类是共通的，相见是因为想念，存在是因为记忆的力量。而只有墨西哥人能有欢乐的能力把悼念先人的节日过得如此五彩斑斓。欢迎有女儿的爸爸来影院哭一哭。亡灵节海关大厅井井有条，效率极佳!拒绝寂静的死后世界，我们要喧嚣!,2017-11-16 21:07:36
835,57,你虎哥,力荐,满分。毕竟我已经很久没有看个电影哭得像个小孩子了 似乎大家又要说起那句老话：电影是绝佳的造梦机器。那些回不去的家乡 没能守护的家人也只有在梦里相见。,2017-11-20 16:38:20
836,57,眠去,推荐,1、对不起，梦想和亲情永远不该对立。男孩最后怎么就能主动放弃了呢？2、我爱这个死亡和分离的故事，感谢皮克斯，将墨西哥的亡灵节变成了温馨的生之欢喜。3、依然催泪，但你流泪了，不代表这就是一个好故事。泪水不该廉价。,2017-11-28 09:59:03
837,57,阿德,力荐,不得不服皮克斯，一边和你探讨梦想、成功、家庭的意义；一边用各种充满想象力的情节、画面、音乐，让你叹为观止；这样的电影，怎能不爱。（家长指导：6岁以上推荐看，虽然有亡灵情节，但这可是一个关于爱的故事。）,2017-11-16 22:42:52
838,57,影志,力荐,皮克斯保持原创的又一巅峰，回忆与遗忘的情感核心，在家庭、音乐、梦想、冒险的故事线下饱满溢出银幕，最后只能以泪洗面。2017年度Top3,2017-11-16 23:21:45
839,57,北溟鱼,推荐,散场时候一个人坐在位子上哭成一两百斤的狗子 电影里误会能解除 欺世盗名的会得到惩罚 家人会不论生死在另一个世界团聚 但那是电影了 电影有个好结局 但人生没有这样的好事情,2017-11-26 11:07:27
840,57,张小北,力荐,不算皮克斯史上最佳，但在今年这个格外寒冷的冬天，它足够温暖。,2017-11-26 16:28:02
841,58,隆咚锵,力荐,牛就牛在，他让所有演员都达到了巅峰,2007-03-03 02:07:09
842,58,XAr,力荐,当年我深刻的爱上了梁朝伟同学,2008-02-15 00:48:21
843,58,刘小姜,力荐,最后那一下爆头，刘德华和梁朝伟的眼神里都是震惊，他死在电梯里，电梯门来回的开关，我们也从震惊中恢复，觉得残酷，谁说的，好人有好报，那些为民除害的，都死了。会有人惦记着他们吗？把他们视为英雄吗？又有什么用呢，这个社会还不都是恶人当道。,2012-09-14 19:42:32
844,58,momo,推荐,刘嘉玲说：当年拍无间道的时候梁朝伟每天只开工三四个点就回家，拍了二十多天就拍完了，之后就是获奖无数。演戏这种事，不得不承认是有天赋的。,2016-12-27 22:15:16
845,58,掀桌超人,推荐,看了美版的，才知道港版有多好看~55555555,2006-04-27 17:09:20
846,58,白开水,推荐,“《无间道》拍得相当好，但是再好也已经没有当年港片热气腾腾的生命力了。不知是拍的人变了，还是看的人倦了。《无间道》的前传后续也声势闹猛，它似乎可以打破港片沉沦的僵局。但是，它更像一具艳尸，妆扮得精美绝色，但终究是死物。”网上的这段评论深得我心。,2008-02-11 00:27:01
847,58,小罗伯特唐寅,力荐,现在看来，无间道一部电梯里挤了三个影帝，这部电梯也算是前无古人后无来者了。,2017-04-11 13:25:40
848,58,影志,力荐,“出来混，迟早要还的。” 别说，这种港片老爸老妈们已经欣赏不了了，就连弟弟一起看都没坚持看完，哎，我说，片子都这么牛逼了，对你们来说却成不了经典，叹息。,2006-02-16 22:18:21
849,58,伊豆,推荐,梁朝伟已经无与伦比了，那忧郁的眼神，欧~~,2008-12-09 14:47:36
850,58,意闲,推荐,看刘德华演戏好累,2009-02-28 05:39:29
851,58,曾于里,力荐,怎么形容梁朝伟的分量呢？就我个人来看，影坛少了一个梁朝伟，就等于少了一百个刘德华。,2012-01-18 13:49:18
852,58,熊阿姨,,百年不遇的经典,2007-01-18 17:27:40
853,58,kt,推荐,开头音响店收据日期是2002年11月28日 结尾墓碑上的日期是2002年11月27日 无间地狱 轮回之苦,2016-12-28 00:57:16
854,58,顾俏乜,推荐,陈永仁的人生好比他上级手里的风筝，当他上级撒手人寰时，他的警察生涯也可说随风而逝。,2017-05-03 19:15:15
855,58,老鸡｜扶立,推荐,我最喜欢是它的色调,2008-01-10 16:32:57
856,59,高歌,力荐,纸飞机+挥动的小手——那一刻，什么都值了,2008-08-01 23:04:18
857,59,沈书君,力荐,一个孩子在启蒙时期，能够遇到一位好的老师，真的是一件非常幸运的事情。,2008-10-06 09:33:32
858,59,亂馬2/1,推荐,那漫天飘扬的纸飞机是我对你最诚挚的敬意。,2010-07-17 21:29:31
859,59,Jumpingtigger,力荐,星期六，贝贝抱着小熊跟马修老师回家了！QwQ,2012-07-05 23:46:31
860,59,Kaito,还行,不知道为什么，没多大感触。,2008-07-03 13:47:09
861,59,A-sun*,力荐,莫翰奇每一次独唱我都热泪盈眶.,2010-05-15 21:02:20
862,59,大头绿豆,力荐,体育和音乐是促进国家团结的要素。可是俺都不会哈哈。,2006-08-24 21:18:47
863,59,木由,力荐,所以我一直坚信最好的教育人才应该放在学前教育和初等教育。小学老师对孩子的未来产生的影响远大于大学老师。可现状却是，大批自己都没学会怎么做人的人被随随便便扔到了小学、初中做老师，放纵霸凌，根据权势财势“因材施教”，惩罚性教育，把孩子逼上绝路就让天性不良背锅，呸。,2016-12-18 18:09:46
864,59,Q。,推荐,这是一次心灵的洗礼，没人生本向恶，只是无情的手把人推向了无尽的深渊。Morhange每一次天使般的独唱，总让我感动的浑身直起鸡皮疙瘩，特别是那纸飞机从窗口飞出，“感谢、再见”的小手一挥，那份感动，不言而喻。而最重要的，看这部电影不仅是好“看”，天籁的童声更是听觉的享受。★★★★☆,2008-05-18 09:04:13
865,59,Doublebitch,力荐,歌真好听，为什么我上学内会儿参加合唱队唱的都是《黄河大合唱》之类的,2011-02-08 02:07:46
866,59,小米=qdmimi,力荐,看到激动地直起鸡皮疙瘩，看来总有那么一种类型的东西能感动本人,2009-05-09 00:56:32
867,59,松如,力荐,马修先生好可爱。,2008-02-13 16:27:21
868,59,老鸡｜扶立,推荐,男孩的声音真是好听……,2008-01-10 16:38:49
869,59,赫恩曼尼,力荐,一位影评人：“不同于一般的运用悲情拼命煽情的悲情电影，或极尽夸张搞怪的爆笑喜剧，《放牛班的春天》是一部让人因为喜悦而泪流满面的电影。这也创造了法国电影新概念——阳光情感电影。这部没有美女、暴力；没有动作、凶杀和商业元素的好电影成为了本年度法国人的心灵鸡汤”,2012-06-29 15:22:55
870,59,WildHunt,力荐,那一天刚好是星期六。他等到了他的爸爸,2022-12-02 20:29:41
871,60,私喜,力荐,看了这部电影是我2010年最幸运的一件事 力荐！,2010-08-07 00:00:41
872,60,少年 遊,力荐,这几个月来看过的最好的片——”做自己“，也许才是人生终极的成功。别总嘲笑印度人”阿三“，他们已经追上来了，无论经济、科技还是我们一贯认为只会跳舞唱歌的宝莱坞电影。盛赞！5+1星！,2010-08-05 11:44:57
873,60,Piper,推荐,"【温馨提示：请忽略这傻逼名字.不然你会错过一部好电影】1、病毒的鸟巢飞来了一只自由之鸟；2、Ta有没有告诉你,朋友就是给你一枚硬币教你自己独立做出选择的那个人.这个人才是你最大的财富 ：）",2010-08-06 00:06:27
874,60,玲珑,力荐,当你不断追求卓越，成功就会不知不觉追赶你。害怕明天，怎能过好今天呢？心很脆弱，我们要学会哄它。鸡不会知道蛋的前程。学习是为了完善人生，而非享乐人生。只为生命而感激。朋友失败，你难过，朋友成功，你更难过。一切顺利。,2010-08-04 18:46:54
875,60,Lan~die,推荐,如果有一天你变成了奇怪的家伙，生活于恐惧和虚假之中，就念重生的咒语“All is well”，狠狠地给这个世界一脚！对鼓励别样人生价值和给人梦想的片子我是举双手赞成，何况从头到尾都拍得这么欢乐。台词：“朋友是男人最大的胸部”、“你这么害怕明天，又怎么能过好今天”。,2010-08-08 22:45:01
876,60,顾盼,推荐,兰彻和他的朋友成功了，做了自己喜欢做的事情。反派同学也完成了世俗上的成功。第一次看的时候我不喜欢反派同学，觉得他自私，愚蠢。重温了一遍之后，发现他其实也很努力。,2018-02-10 14:55:13
877,60,张小强,推荐,印度人大概是被应试教育憋疯了，才有这么夸张的小宇宙,2010-08-15 01:47:31
878,60,七,推荐,"其實bollywood 是很好看的, 尤其是整個電影院都跟你一樣enjoy~",2010-04-05 00:30:10
879,60,妖灵妖,力荐,它又吵又闹、又臭又长，但我想不出什么理由不给它五颗星。,2010-08-31 13:20:42
880,60,桃桃林林,还行,虽然收入不多，但一直在做自己想做的事情，所以我也很快乐,2010-08-15 12:29:46
881,60,卫西谛,推荐,俗，但好看,2010-08-21 15:44:48
882,60,婷婷爱八卦,推荐,印度的电影拍得还是很实诚的。国内多数电影拍得比较浮夸，这点得学韩国印度，只要诚心努力有什么不可以做好呢，毕竟中国人很聪明的！,2018-01-02 11:00:37
883,60,恶魔奶爸Sam,还行,你以为这是一部励志片，你以为这是一部教育片，你以为这部电影探讨了友情，教育和社会，其实这是一个玛丽苏的故事，龙傲天一般的男主，遇到的都是老派抗战片里面的敌人，轻松的念着咒语all is well，当上科学家，迎娶白富美，走向人生巅峰。套用人民日报的话，连三傻这种电影都觉得好，这人得多没见识,2014-09-22 16:17:34
884,60,Q。,力荐,一部讽刺社会现象的电影都可以拍的这么轻松，喜剧里还可以有这么多闪光的慧言慧语。情节确实太过随意，下一秒的夸张总是来的让人啼笑皆非，无可奈何中却仍旧乐呵呵的接着看下去。 末了的那段风光让我无比钟情！★★★★★,2010-08-09 10:30:55
885,60,艾小柯,推荐,非常完整的商业电影，十分cute,2010-08-20 02:31:35
886,61,SWX,力荐,这是一只安卓和苹果的故事么。。,2012-10-08 23:40:20
887,61,徐小花,力荐,把所有的好东西都给eva,2008-12-27 22:33:27
888,61,Ragdoll™,推荐,乡下文艺小伙儿追求都市女精英的故事……以及……,2009-01-23 15:00:46
889,61,岛上的夏奈,力荐,浪漫得一塌糊涂，像废墟中开出的花，像牵手散步的下午，像世上所有伟大的爱情。,2015-12-17 07:17:48
890,61,junepig,推荐,清纯乡下少男与前卫暴力冰美人的爱情故事啊～xixi,2008-09-15 16:46:41
891,61,眼角的花朵,推荐,人类在这个片子里面是处于完全被嘲笑的位置。（其实应该说美国人？）片中的超大型连锁企业BNL在未来已经统一了所有的商业领域。而人类堕落成完全依靠电脑的帮助才能吃喝拉撒的胖子们。而且从小就接受电脑的教育要消费消费再快点消费。这个世界虽然没有Matrix的灰暗，但是其实相差不远。好在人类并非丧失了本性，只是“遗忘”了而已。而Wall E和Eva的出现就提醒了他们还有一个“家”，虽然已经满目疮痍，在等待着他们的回归。,2008-07-10 11:35:55
892,61,眠去,推荐,没有引进真是太遗憾了。,2008-11-03 08:21:09
893,61,Connie,还行,機器人談戀愛也避免不了男女搭配的窠臼(叫Eva倒有夠諷刺)，就更不用説亙古不變的雙眼雙手擬人造型...人類的想象力其實很貧瘠,2008-08-29 13:40:35
894,61,海心,力荐,很久没看过这么可爱的动画片了。瓦力什么都不会说，除了那一声声执拗的：Eve！他们在星空画出美丽的弧线，他们无意间守候了一份真正的爱情。,2008-11-14 22:54:45
895,61,lenlen,力荐,我看哭了。。。,2008-09-12 09:37:55
896,61,影志,力荐,再也没有比《瓦力》更美的动画片了！谈到Wall·E的来源，导演安德鲁·斯坦顿否认了“ET”或者“霹雳五号”的说法（尽管外形很像），他只承认自己创造Wall·E受到了“小台灯”（Luxo）、双筒望远镜、R2-D2、迪士尼乐园“星空之旅”的机器人、卓别林以及伍迪·艾伦的影响。,2008-11-16 00:30:29
897,61,美丽新世界,推荐,地球上最后一個收納歸類狂walle應該是巨蟹座吧。。,2009-02-01 00:15:49
898,61,Doublebitch,力荐,陈奕迅都为你唱歌了,2008-10-28 02:52:41
899,61,🌞娘卷卷🌙,力荐,到底有多少人是因为《机器人总动员》这个烂译名错过它的！太出色的一部动画了，你找不到替代品的。默片，看似简单又非常复杂的设计，怎么那么棒，那么感人。,2015-03-07 11:13:00
900,61,陀螺凡达可,力荐,堪称完美的动画作品。,2011-12-28 05:12:35
901,62,悄悄,力荐,看过了这一部，我好像能够更坚定地说我会当迪士尼一辈子的粉丝。迪士尼给我们营造的乌托邦就是这样，永远善良勇敢，永远出乎意料。,2016-03-01 16:55:31
902,62,黄青蕉,推荐,港真，面对人家动画片里连一把椅子扶手上的铝合金划痕都做得活灵活现的态度，咱们就默默低头学就好，不要一天到晚吹“国产视效大片”这个概念了，略尴尬,2016-03-07 20:47:43
903,62,桃桃林林,推荐,不仅是个小孩子玩玩闹闹的喜剧动画，成年人同样可以很享受这个故事。一个动物的乌托邦，理想与现实。有一个有趣的案件，又有很多关于人类世界的暗喻与指涉，还有教父或毒师这样的小梗。以及狐狸和兔子都那么可爱，那么搭。,2016-03-04 17:41:25
904,62,Digit Fungi,力荐,无论是人设，世界观，动画制作，还是剧本，都挑不出毛病来啊啊啊！！细节多到爆！！好幸福！！！！>w< 最难能可贵的是配角们的人物性格和形象设置都非常饱满（教父梗好惊喜>< ） 虽然是动画，但是剧本还是隐射很多人类社会的种族问题，以及政治两党上位之争的问题。另外我狐Nick的眼神是在太苏了TwT...,2016-02-26 04:20:45
905,62,影评终结者,力荐,完爆冰雪超能头脑，动物再次证明了动画片不止是给小朋友看的，而是全年龄段和世界级的，尖端数码特技、新意剧情、老梗新用搭配萌Q画风，乌托励志、搞笑温情、自然销魂、阴谋反转，用动物来映射人类，涉及种族歧视和两党斗争，无论从制作技术还是政治倾向或是社会意义来说，基本锁定今年奥斯卡最佳动画,2016-02-26 10:28:40
906,62,羚羊的灵魂,力荐,做冰棍那机智的不像话！！！全片最爱！！！想吃！！！,2016-02-23 22:03:30
907,62,云淡风轻,力荐,不要看任何影评，如果可以预告片都别看，直接买票就好了。你要啥这电影里有啥！,2016-03-04 03:40:45
908,62,tina,力荐,赞 看完赶脚世界都美好了,2016-03-01 16:29:52
909,62,诗人橙子,力荐,绝对的好片子 裂墙推荐。实在是因为另一场满了…随手挑了这个片子。真是5分钟一小笑 10分钟哄堂大笑。看那个又懒又慢树獭简直要锤墙了。旁边法国妹子精辟的吐槽！看！这是我们法国人。我要憋到内伤了。最后散场大家都静坐着等着整首歌放完…五星好评。2016年度十佳。,2016-02-15 07:14:40
910,62,方形月亮🌙,力荐,"想嫁给又吊儿郎当又酷得不像话的狐狸先生。
自认为是奥斯卡长篇动画的有力候选。
啊啊啊，真的好好看，我要去二刷。",2016-02-28 16:31:09
911,62,Marcus,力荐,赞到惊人，大迪斯尼动画一年比一年精彩！朱迪只身去陌生的大城市追梦，让我又追忆起自己那美好而充实的留学生活了。Sloth们的每次出场自己都要笑到面瘫了！而朱迪跟尼克哭着道歉的那段我也跟着哭了，朋友之间有时候就应该这样把脸拉下来好好道歉！总体反映的各种社会现象以及政治问题都很贴切到位。,2016-03-04 02:41:17
912,62,北极熊,还行,最精彩的动画是用想象力拍出真实世界难以实现的故事，而不是用动物化填充一段如果是真人就普通到不能再普通的烂俗故事。笑料有，萌趣有，但更有的是莫名其妙的主旋律和政治正确，恐怕没有评分所体现的那么出色。,2016-03-04 21:02:44
913,62,小斑,推荐,故事流程对小盆友来说不艰深对大盆友也不无聊。树懒那段，跟法国公务员打过交道的都会心一笑。兔子的微表情做得很棒。然而对所有的群体标签统一嘲讽的结果就是下意识也贴了标签（比如狐狸必然聪明却捞偏门，兔子一定是繁殖癌，猛兽全是雄性，etc）。最后，可惜世界不是一部迪斯尼出品的动画片。,2016-03-02 07:45:03
914,62,CharlesChou,推荐,"对比Frozen又是一次进步，但迪士尼家的反转还是太好猜，在最明显的线索被披露前真反派其实就已让人隐隐有种感觉。但抛去这点不看整部电影的主题和执行都堪称模范，还顺带早早地贡献出了今年最佳CP。""You know you love me.""(整个人在椅子上被苏晕",2016-03-04 15:12:21
915,62,✿Suda✿,力荐,超~~~~~~~~~~可爱的。大眼睛看得我都化了。一想到未来狐狸跟兔子可能有感情戏，我就hhhhhhhh。那只长耳朵的狐狸和那群二哈狼是我的笑点！！！,2016-02-28 21:18:36
916,63,隆咚锵,力荐,某一天我突然明白，他不能离开的不是那艘船，而是那片养育他的精神家园,2007-02-26 00:54:43
917,63,杜边生,力荐,如果我把吉他练熟了，就可以不用买打火机啦,2007-11-17 03:00:33
918,63,杜扬Seatory,力荐,每个人的心里都有自己的一艘船 一个近乎偏执的小归宿 只是因为它让我们感到实实在在的安全 不致无枝可依。,2006-10-20 22:58:33
919,63,明珠一颗孙小美,力荐,最喜欢的电影，喜欢，不是之一，而是唯一,2005-09-01 22:36:02
920,63,寂地,力荐,又是一定该看的，只在自己的世界里坚持自己的人．哪怕生命就这样消逝．只留下一点声音的碎片，１９００，也许我们都一样害怕脚踏实地的生活，害怕乌烟瘴气的世界．,2006-01-03 16:34:09
921,63,眠去,力荐,我就爱他说，fuck the regulations!!,2008-12-19 19:10:57
922,63,幕天席地,力荐,键盘有始有终，你确切知道 88 个键就在那儿，错不了。它并不是无限的，而你，才是无限的。你能在键盘上表现的音乐是无限的，我喜欢这样，我能轻松应对，而你现在让我走过跳板，走到城市里，等着我的是一个没有尽头的键盘，我又怎能在这样的键盘上弹奏呢？那是上帝的键盘啊！,2017-03-17 08:52:27
923,63,诸葛若见,力荐,每天睁眼，去面对这个世界都需要勇气。,2011-12-18 16:31:54
924,63,Zuschauerin,推荐,我总觉得这是一个真实的故事，因为他的懦弱，懦弱得真实。,2007-03-12 18:11:47
925,63,岁月如歌,力荐,当一个人习惯了孤独，那么让他融入人群等于杀死他,2015-09-25 18:25:49
926,63,朝暮雪,推荐,"生于汽笛哀鸣的烟雾，葬于钢铁悲歌的烈焰，弗吉尼亚号邮轮见证了一个从未被尘世记录的名字。
第一次放弃下船，他在舷梯中央折断追梦的脚步，任咸涩海风卷走唾手可得的财富与盛名。第二次放弃下船，他拒绝命运的赦免，让灼热火焰吞噬血肉之躯。
当世人把音乐锻造成竞技场的刀剑，琴键间翻涌的浪涛早已淹没世俗的评判标准；
当投机者企图将他的才华锻造成金币，他宁愿折断音符也不让音乐沦为欲望的囚徒。
在无限延伸的钢铁森林里，他选择固守有限的琴键——唯有在方寸之间，才能弹奏出真正的永恒。
当邮轮化作废墟沉入海底，他终于拥抱了永恒的宁静。生于海，葬于海，他用八十八个琴键丈量出生命的辽阔。
人可以离开甲板，却永远走不出心中的汪洋。在那片蔚蓝深处，有钢琴在歌唱，有月光在流淌，还有未曾拆封的情书在时光里轻轻摇晃......",2012-08-07 15:43:51
927,63,石头星,推荐,尤记得男主在船舱里弹琴，望着甲板上的姑娘，画面、音乐、意境如梦如幻，还有斗琴那一段。但是明明进一步就可以海阔天空，非要退一步万劫不复，孤独着自闭着，害怕离开旧时的生活，无论如何不支持这样的选择。,2017-02-08 17:43:50
928,63,夏小暖,力荐,很多年前看的时候怎么都不懂1900为什么不下船，今天下午重新再看了一遍，居然特别感同身受。其实，我也从来没有下过船。,2015-02-24 17:11:05
929,63,白日梦小姐,力荐,我想有些东西只是能在特定的环境下生长。当环境变了，其他的一切都会变。,2007-12-19 17:26:48
930,63,#天籁💤#⛓️,力荐,时空三部曲之2. 孤独的最高境界是繁华，是人类精神美丽的原因。许多人觉得斗琴那场戏是高潮也是全片最出彩部分，我却不以为意，我喜欢暴风雨中孤独的自娱自乐的waltz，我喜欢他第一次看到窗口心仪姑娘时手指下微妙的变调，我喜欢他挣扎久久依然选择依恋始终没有下这艘船。（重映，陪我妈二刷，突然觉得这并不像一个legend，因为1900的怯懦如此真实）后来我终于知道我为什么这么喜欢1900，他也是个INFJ啊,2012-05-25 17:46:56
931,64,malingcat,力荐,八公的主人，也在天堂的门口等了它很久吧。,2010-10-30 00:12:19
932,64,汪拾叁,力荐,这真是漫长的一生啊，八公。,2010-02-06 20:02:14
933,64,shu,力荐,Hachi就是爱一个人过一生了。,2010-02-14 23:07:02
934,64,倪娜,推荐,被狗狗的一往情深击倒，和老公两个哭得稀里哗啦。今天抱着家里的狗亲了一天。,2010-02-06 19:55:52
935,64,farmyra,力荐,动物是我的死穴...从头哭到尾..,2010-02-05 14:36:08
936,64,神迦乐小舞,力荐,这是我所看过的关于狗狗电影最感人的一部，我想它的成功之处就在于将重点正确放至在了对Hachi内心的刻画上，而没有像其他一些影片文不对题，偏偏喜欢渲染一些多余人物的情感，很显然，主题对了，观影者自然而然会买单。,2010-02-06 13:48:18
937,64,浑浊儿,推荐,"你要养狗,就不能当它是guest,十年可是一只狗的一辈子",2010-02-09 17:36:57
938,64,影志,力荐,“永远都不能忘记你所爱的人” 狗尚如此，人何以堪？5星给动情的真实故事。,2010-02-10 23:56:48
939,64,城南草木生,推荐,你和我在一起两年，你走之后，我剩下的人生都留给你了。。。,2010-03-31 23:12:47
940,64,Y,力荐,“等有一天它会给你捡球的时候，一定有什么特殊的理由” 八公用这种方式来告别了他的主人....,2010-02-17 02:49:17
941,64,Jiong,推荐,所以说，与人打交道越多，就会越喜欢狗,2010-02-21 06:06:59
942,64,玉米鸡蛋小笼包,力荐,纸巾抽到还剩最后一张,2010-02-06 00:11:23
943,64,Kelly光。,力荐,"哭死啦...想去涉谷看看那尊雕像...by the way,那个帅老头我好喜欢...!!!",2010-02-07 01:55:37
944,64,战国客,还行,感动你们的是电影，还是故事本身？,2010-02-28 00:51:04
945,64,塔塔,力荐,这次不是拉布拉多，不是金毛，是默默无闻的秋田犬~在电影的最后部分我哭的稀里哗啦，意气风发的八公老了，脏了，以前不怎么喜欢他的女主人抱着它感动的流泪，大雪纷飞的夜里因为有火车来了八公又在等，似乎是回光返照般的看见男主人一如从前那样从火车站里走出来张开双臂要拥抱他~其实狗狗什么都知道,2010-02-21 10:51:04
946,65,2013,推荐,印象很深刻的是黑白画面中的红色。,2006-09-11 17:44:34
947,65,宝塔糖,力荐,有钱才能保护喜欢的人,2011-07-09 02:37:35
948,65,西梨,力荐,出门的时候，看到灯火辉煌的城市，会觉得一切幸福美好都是罪恶。。。,2008-06-29 23:14:08
949,65,文泽尔,力荐,这不止是剧情，更是技术、镜头、剪辑、演技和配乐的综合胜利。表达是一出技巧活，不以剧本和背景定优劣，这一切都是导演的功力和运气造成，不可求，但可遇——《辛德勒的名单》可谓厚积薄发。而实论背景，辛德勒本人之事尚存争议，电影却已在全世界人面前诠释并且定性了，由此可见媒体的影响之大,2007-10-12 07:32:32
950,65,老鸡｜扶立,还行,导演很清楚观众会喜欢什么，而这正是我不喜欢的地方,2008-01-10 16:18:52
951,65,veronique,力荐,请看一部没有笑容的电影吧,2006-06-15 18:59:41
952,65,珍妮的肖像🦤,力荐,不仅仅是犹太人，而是整个人类的悲剧。,2006-11-13 08:39:25
953,65,Ying,力荐,“你从来不喝醉，那是绝佳的自制力。自制力就是权力。” “权力是当我们有绝对的理由去杀一个人的时候，我们却不那样做。那是古代帝王风范。那才是权力。”,2015-02-15 22:31:59
954,65,朝暮雪,力荐,连姆·尼森后来又演了《通勤营救》《空中营救》《飓风营救》，成为营救专业户。幸亏《辛德拉的名单》当年没引进，不然可能会被翻译成《辛德勒营救》。,2012-08-07 15:42:09
955,65,巴乌,力荐,我哭死算了我,2006-04-25 22:11:28
956,65,雨果,力荐,辛德勒犹太人献给辛德勒的指环上写着：“凡救人一命，即救全世界。”当1100这个数字具化到一个个人名的时候，当片尾处影片中被救的犹太人原型出现时，才能真真切切地体会到指环上的那句希伯来经文的深刻。,2016-12-06 17:21:57
957,65,Tilda Li,力荐,这类片子，在我的概念里，和读书时四大名著同等级别，大部头，轻易不敢触碰，一旦决心看就要掏心掏肺100%投入。很辛苦。看完都像心灵负重走了长征。平庸之恶也许只是借口。真的猛士敢于面对人性的黑暗与软弱，敢于跳到体制中做出自己的选择。像伟大的犹太裔导演斯皮尔伯格致敬。,2012-03-30 17:24:10
958,65,快乐人生,力荐,"斯皮尔伯格，犹太人，世界最著名的导演之一，他通过黑白映像把第二次世界大战中德国纳粹犯下的滔天罪行传播到世界各地，那段对犹太人灭绝人性的杀戮终于大白于天下。
苍天悲悯，辛德勒名单内是生命，外是死亡，他为此倾家荡产，1100犹太人得已生还，也记住了辛德勒这位伟人。",2018-03-02 20:45:50
959,65,影志,力荐,每一次看都有新鲜发现，每一次看都会内牛满面。/ 记第一次在中国大银幕观看 20190413 @天幕新彩云巨幕厅,2006-01-08 05:32:13
960,65,Q。,推荐,“凡救人一命，即救全世界！”一段如此深刻的历史，多么希望它早早结束，但如此一部经典的影片你却永远都不想它完结。感动于良知，印象很深刻的永远是黑白画面中的那一抹红色。在任何时代，不管有多么的黑暗，都会有人性的光辉在闪烁着；经典的影片也不会因为缺失色彩而让人觉得沉闷。★★★★☆,2009-02-02 03:04:15
961,66,影志,力荐,“如果再也不能见到你，祝你早安，午安和晚安。”,2005-12-28 01:22:04
962,66,伊卡洛斯,力荐,他用别人的相片拼凑出她的样子， 在这个虚假的，冷漠无情的世界里只有这份思念是唯一的真实,2010-03-25 14:01:04
963,66,Qing,力荐,最讽刺的难道不是电视旁的所谓观众么？导演老头子都比他们真情实感多了 观众为了他落泪欢呼击掌又如何 之前却从未想过让他离开 之后也只是换了一个节目频道罢了,2017-01-21 14:29:53
964,66,齊克斯尼力佐飛,力荐,就算是已经完全知道剧情走向也还是被震撼被感动。就算你能摄影我的一切也无法在我脑内安装摄影机。,2011-09-25 20:15:37
965,66,UglyBerry,推荐,我是不是也在楚门的世界活着？,2008-05-20 14:28:07
966,66,米姐起飞,力荐,要想阻挡我 只有杀我,2008-01-28 23:51:11
967,66,沉歌,力荐,打开这道门，即便现实再最肮脏也请让我自己感受！关掉你的镜头，即使现实再无奈你也必须自己体验！,2007-10-18 11:55:48
968,66,开心街的笨菠菜,力荐,不止一次的怀疑所有人都在演戏，而我却蒙在鼓里,2011-07-13 22:24:31
969,66,理想多钱一斤啊,推荐,原来植入广告那都是人家美国人玩剩下的玩意儿……,2009-10-07 18:46:27
970,66,同志亦凡人中文站,力荐,当你望着深渊的时候，深渊也在回望你。楚门之外的世界，又会有怎么样的窥探？最怕的是，我们永远无法求证自己身处在哪个世界。,2013-03-14 22:14:39
971,66,金鱼先生,力荐,最后一个镜头太讽刺了。上一秒观众们还为楚门的决定欢呼雀跃，下一秒就开始转台搜寻下一档节目以供饭后娱乐。,2020-12-02 21:27:54
972,66,波波维奇,力荐,影片结尾两个保安的话让我不寒而栗，楚门到底有没有走出楚门的世界？,2018-03-07 22:15:53
973,66,后天的雨,力荐,还记得第一次看完后的震撼。从一出生就在全世界关注下，父母朋友亲人甚至所有30年的人生轨迹都在设定中的楚门，在逐渐剥开疑团揭露残酷真相后，他有勇气走出这个巨大的牢笼，而我们每个人又何尝不是楚门，都在某种程度上被设定被限制被禁锢，又有几个会寻找自由挣脱桎梏。,2016-11-05 23:09:29
974,66,方轮自行车,力荐,这部电影是我妈最喜欢的金凯瑞的电影。她看到影片结尾处，楚门打开那扇通向未知的门的时候，说大概对他来说一辈子活在这个小盒子里，一无所知的活在谎言里才是幸福的。然后我说，自己选择的不幸也好过被强加的幸福。我妈就叹气，说我知道你将来会要远走高飞，你这样的孩子总归是关不住的。,2011-05-18 14:42:24
975,66,米粒,力荐,早安，午安，晚安。楚门跨出那一步的时候真的非常非常感人。或许我们都太过于妥协，生活在一个虚幻的世界里。去吧，去斐济吧，去找喜欢的姑娘吧。,2010-09-27 11:16:02
976,67,杜扬Seatory,推荐,我开始想要过得快乐，睡在床上，有牵挂,2006-10-25 01:38:08
977,67,沉歌,力荐,萝莉有颗御姐心，正太有个大叔身——邪恶又天真、残酷又温柔，多完美~,2007-10-14 15:39:36
978,67,lily,推荐,里昂只有一颗盆栽，不善言辞，爱喝牛奶。他不像，却真正是一个杀手。玛蒂达的到来，是包袱，也给里昂带来了生机。不过这种设定，注定是悲剧收场。里昂死后，玛蒂达将他盆栽的种子落地生根，里昂终于不再每日拿着手枪在椅子上不安地入睡，他落地了。娜塔莉波特曼太灵了，玛蒂达是如此特别。,2016-11-29 18:14:06
979,67,正在喝牛奶,还行,我没啥感觉的公认好片。,2012-03-05 17:42:38
980,67,艾小柯,推荐,传奇，童话，传奇，童话，传奇，童话……,2006-08-09 05:50:48
981,67,沙门,力荐,一半的魅力来自反派：Gary Oldman.,2007-08-16 10:52:43
982,67,眠去,力荐,她对Leon说，自从遇见你后，我的胃，再也不痛了……,2007-02-10 10:52:10
983,67,左宜右有Haak,力荐,一个杀手被一个萝莉害死的故事,2012-03-19 18:44:28
984,67,大头绿豆,力荐,Leon的门打开，一束好象来自天堂的光照在Mathilda脸上。给他快乐，从不发问。细节和大方向都很出色，一部控制得几乎完美的电影。,2006-03-19 12:38:36
985,67,shu,力荐,这个男人他是从儿时的动画片里走出来的，是邪恶和童真的混合体，这令我着迷。,2008-07-07 00:28:44
986,67,王xx,,我妈说：这个小孩儿怎么办啊，她又不想学习！她又学不进去！,2007-12-16 21:46:03
987,67,酚酞,力荐,"看到泪飙，世上最温情的杀手。
幸运的姑娘在12岁就遇到了真正的男人。",2012-03-10 17:23:47
988,67,xjxiidjsns,力荐,"-Is life always this hard.or is it just when you're a kid
-Always like this.",2008-06-24 21:04:30
989,67,Nalakuvara,力荐,或许是很多姑娘大叔控的根源。,2008-10-25 11:20:45
990,67,Camellia,力荐,"Léon： You're not going to lose me. You've given me a taste for life. I wanna be happy. Sleep in a bed, have roots. And you'll never be alone again, Mathilda. Please, go now, baby, go. Calm down, go now, go.",2008-06-23 19:52:24
991,68,山风如月,力荐,大概广电局也不知道该从哪里剪,2010-09-01 10:06:31
992,68,大宸,力荐,卡梅隆负责革新电影技术，诺兰负责革新电影结构...,2010-07-31 22:49:13
993,68,楚仙,力荐,一部电影好看到即使你明白它在故弄玄虚也是义无反顾的打五星。,2010-07-15 21:54:25
994,68,朝暮雪,力荐,所有的梦境中柯布中都戴着戒指，所有的现实中柯布都没戴戒指，所以陀螺只是障眼法，戒指才是真正的图腾。结尾柯布根本不在乎陀螺有没有停下来，因为他出机场的时候没戴戒指，他早就知道自己回到现实了。,2012-08-07 15:42:42
995,68,陈允然,力荐,我的陀螺停不下来了。,2010-07-17 13:34:58
996,68,桃桃林林,推荐,1、电影确实精彩。2、没有想象的难懂，相信你自己。3、总会有一个让你记一辈子的镜头。4、请降低期待值。5、请提前上厕所。6、记得关手机。7、一定要去影院，因为影院也是个造梦机器。8、记得听完结尾音乐。因为它负责让你醒来。9、极可能是近几年你在影院看过最精彩的电影。10、穿越吧少年,2010-09-01 22:04:56
997,68,影志,力荐,“既然做梦，就做大点” 这句太深得人心了。——2010年最天才的电影。“谁又能说，现实不是梦境。” Do you remember how you got here?,2010-08-26 17:31:32
998,68,亚比煞,推荐,你永远记不起一个梦的开端，就像记不起我们如何来到这个世界上。,2010-09-12 06:12:53
999,68,seren,力荐,一直在牛逼，从未被超越。只有Nolan才能达到这种境界！！！,2010-07-16 20:48:58
1000,68,kingkongofkhan,力荐,前期的口碑营销确实有点儿过了，绝对还没有达到神作的级别，但依旧是近年来最好的影片，诺兰独有的叙事技巧视觉风格以及影像语言都被完美的贯彻其中，其遵循并热爱的怀古之风从人物造型，台词蔓延到拍摄手法以及特效制作上，不过正因为如此，一些动作戏上的处理还有视觉奇观的展现则还不是那么过瘾。,2010-08-01 08:27:29
1001,68,Villalon,力荐,我还能说什么呢 出影院第一件事就是拿iphone 上豆瓣 至少5颗星啊 第156个评分的 哈哈哈哈 一直要用心用脑看的电影 内容很严谨 逻辑性强 非常好看 等高人仔细分析。。 又去影院 看了一遍 很爽 很抖擞,2010-07-16 21:45:08
1002,68,熊想躺平,力荐,列奥纳多干完这票肯定是要去Shutter Island修养一阵了。,2010-07-17 16:53:52
1003,68,TORO VAN DARKO,力荐,《奠基》是一部复杂精致并绝对精彩好看的电影，他让你在片尾字幕出现时完全反应不过来之前的两个半小时发生了什么，就像一场梦境一样让你匪夷所思却又流连忘返。,2010-07-17 05:37:42
1004,68,flowerowl,力荐,Christopher Nolan是天才!,2010-07-17 14:44:06
1005,68,法海爷爷,力荐,诺兰+莱昂纳多的电影，我无话可说！,2010-06-25 10:04:15
1006,69,比岁月含蓄,力荐,时间可以伸缩和折叠，唯独不能倒退。你的鹤发或许是我的童颜，而我一次呼吸能抵过你此生的岁月。,2014-11-06 23:27:12
1007,69,影志,力荐,太壮阔了，无以言表！40'渐入佳境，80'叹为观止，120'泪流满面，160'恍如隔世…不曾如此贴近浩瀚星空，被它环抱；不曾如此触摸生命之弦，遁入五维幻境。瑕不掩瑜的科幻神作，刷新视觉的IMAX体验，观影前撒好尿，准备接受近三小时的泪腺洗礼。“爱是一种力量，让我们超越时空感知它的存在”,2014-11-12 10:28:53
1008,69,CSUMMERY,力荐,我想给100颗星，这可能是我至今看过最令我震撼的电影了。到电影结束时候还不断流泪，奇迹不是因为有上帝 也不是有什么不可知的 某种力量，正是我们自己，人类不相信人类的力量把那些我们无可预知的奇迹都认为是上帝的功劳。若兰把我的世界观如此震撼人心的展现出来，我感觉我现在都激动得语无伦次了,2014-11-06 22:17:10
1009,69,大夫唐,力荐,看完没人起立鼓掌，因为全跪着。,2014-11-12 17:14:29
1010,69,我怀念的,力荐,"整场基本屏住呼吸,瞠目结舌,无话可说.在香港这么多年除了电影节我第一次碰见放映结束观众集体鼓掌的.去年看完Gravity我觉得太空科幻片已经拍到头了,然后Nolan大神把我这点眼界碾压得粉碎.三体迷不必再较真拍三体这事Nolan已经把后半部给拍了.",2014-11-06 21:46:54
1011,69,喵喵猫,力荐,三体迷们不用担心电影版会拍的稀烂啦！章北海船长，面壁人希恩斯，高维碎片，青铜时代和万有引力舰太空大战，冬眠和星际航行，三体世界的荒芜，高维世界的样貌，云天明的童话，诺兰新作中一次性看完！#刚刚看完星际穿越interstellar，感觉自己萌萌哒#,2014-11-07 00:46:33
1012,69,QuiteThrilling,力荐,非常理想化，所以显得很有种，没有公司敢让任何人拍这样的电影。致敬库布里克的镜头体现了导演的少女心。但有2001珠玉在前，我认为这部顶多和它并驾齐驱。诺兰尽其所能拍出了触手可及的科幻，硬核又充满人性，温情又隐含黑暗面，让人潸然泪下。“理想化”是不是削弱了剧本？大家保留各自意见吧。,2014-11-06 20:22:49
1013,69,芦哲峰,力荐,天地玄黄，宇宙洪荒。英雄气笃，儿女情长。,2014-11-12 23:33:42
1014,69,朝暮雪,力荐,"对我们来说二维空间就是一张纸，从纸的一端走到另一端最快的方式是把它折起来。
对五维生物来说三维空间也是一张纸，是可以折起来的。
他们不仅可以将三维空间折起来，对他们来说时间也是实体的存在。
根据相对论，黑洞附近的引力太大，时间会变慢，米勒星球1小时等于地球7年。
米勒星球的配乐《Mountains》有密集的滴答声，每滴答一次，地球上就过去了1天。
《星际穿越》的黑洞并不是随便做的，电影上映5年后NASA发布了一张黑洞的效果图，证明了《星际穿越》的黑洞模型是严谨而准确的。 
为了拍玉米地，诺兰真的种了一片玉米，拍完电影卖玉米还赚了钱。
为了拍五维空间，诺兰真的搭了一个五维空间的景。
也许100年后的人们看这部电影会比我们更加感到震撼，因为他们会发现这部电影很多设想都是对的。",2014-11-17 22:13:29
1015,69,Panda的影音,力荐,2011年11月有《雨果》，2012年11月有《少年派的奇幻漂流》，2013年11月有《地心引力》，2014年11月有《星际穿越》，……前三部电影分别获得11、10、11项的奥斯卡提名，然后都拿下最佳摄影和最佳视觉效果奖，由此，我们可以预测《星际穿越》2015年的奥斯卡提名数和最佳摄影+视觉效果拿奖的可能性？—— 才5项提名，没提最佳摄影，倒是获得最佳视觉效果。——《星际穿越》：我的第一部电影院④刷电影！—— 2020.08.08：这些年来没在小荧幕上完整重看过《星际穿越》，趁着这次国内重映的契机，来影院IMAX大银幕进行我的第⑤次「星际穿越」。,2014-11-07 00:48:01
1016,69,舌在足矣,力荐,相比诺兰之前的片子，这部显得比较慢热。然而前两段的层层铺垫终于迎来了第三段主题呈现的水银泻地。Inception仅仅一笔带过的亲情成为了这部电影的核心母题。麦康纳和查斯坦的精湛演技，胶片IMAX呈现出的影像质感，实拍特效的震撼人心，平行剪辑的完美流畅，寂寞大叔创造性的管风琴配乐，神一样的诺兰,2014-11-05 20:11:39
1017,69,桃桃林林,推荐,一边太空冒险，一边是通俗的情感戏。无论外表多硬科幻：虫洞、黑洞、太空冒险、多维空间……最核心的仍是亲情与爱。科学与理论其实都是为感情服务的，用很硬的外壳包裹最柔软的情感。也因为此，它不会是2001那样严肃伟大的科幻片，但却有更饱满的感情。包括那些泪点,2014-11-12 17:28:55
1018,69,Peter Cat,推荐,严格说，这不是一部太空电影，太空片之所以特殊，是因为它能打破伦理性视角，而从超越维度（宇宙论，宗教）重新把握人类社会。而诺兰的努力，则更近于用物理学之外的盲点，拔高人伦价值。这个观点借电影视听效果获得了情感上的保证。但也牺牲了形而上的深度。,2014-11-07 09:26:25
1019,69,周杰伧的小粉丝,力荐,安妮海瑟薇最后变成了谁？对了，女娲嘛。,2014-11-16 10:06:40
1020,69,张小北,力荐,诺兰的科幻片其实和传统意义上的「科幻片」不是一个体系。,2014-11-13 00:16:46
1021,70,不靠谱小姐,力荐,我以为如此智慧的一个人，在那几声枪响过后，必定是会走出来，继续对他的公主说早安的...,2010-08-17 11:39:02
1022,70,老鸡｜扶立,力荐,如果谎言可以这样美丽，我也情愿生活在谎言之中,2008-01-10 16:54:36
1023,70,monotonous,推荐,人生，就是喜剧，就是一场1000分的游戏。千万别哭，不然那个迈着正步去赴死的犹太人会笑话你的。,2007-12-21 16:05:17
1024,70,林愈静,推荐,看了这个不要看《辛德勒名单》或者看了《辛德勒名单》不要看这个。时间：2005,2006-04-21 21:04:23
1025,70,寄意寒星,力荐,或许这是我看过的最伟大的喜剧。,2007-03-10 00:04:40
1026,70,如是我闻,还行,在真实的历史面前，不可能有这样的轻松与浪漫！,2009-03-13 21:23:18
1027,70,UrthónaD'Mors,力荐,"喜剧的开始，悲剧的结束，
满满的亲情，无限的父爱",2008-01-27 23:20:12
1028,70,海上明月,力荐,绝对难忘的一部片子----影片结尾美国大兵的那句 hei! boy! 叫人已经凉透了的心又感到了温暖。,2007-09-03 15:23:38
1029,70,寂地,力荐,"即使是悲惨世界,也要大大的笑着.",2006-01-05 00:14:15
1030,70,Q。,推荐,这是父亲所作的牺牲，这是父亲赐我的恩典。★★★★☆,2010-06-15 18:31:59
1031,70,文泽尔,力荐,父爱构筑了一场温馨的战争，没有在孩子心里留下任何阴影。故事分裂成两部分，前半是圭多对公主的追逐，用智慧战胜了强大的求婚者，抱得美人归；后半是战争风雨飘摇时对亲情的忠诚，在迈开大正步赴死，努力保护孩子时，父爱如山，界已成神.,2007-11-20 17:09:28
1032,70,momo,力荐,不敢相信男主死了，总以为他能活过来,2016-09-10 21:31:11
1033,70,亲爱的我呀,力荐,很久以前看过的，永远难忘片中父亲的鬼脸,2007-09-05 13:08:50
1034,70,ᥫ᭡້໌,力荐,三刷了。记得上学时跟父母吵过，中国的父母经常想让小孩相信这世界的丑陋，而国外的父母即便身在地狱也要让孩子相信在天堂，让他们开心的活着，你们为什么要让我的童年的这么痛苦。哈哈，大概就是受这剧影响吧。,2017-02-08 13:44:54
1035,70,朝暮雪,力荐,"铁门坠落的钥匙叩开玫瑰庄园
却解不开种族烙铁的炙痕
白驹驮着新娘奔向自由疆界
却冲不破铁丝网编织的牢笼

他用幽默的盾牌抵挡现实的箭矢
以父爱为密码破译战争的密电
一块奶油蛋糕跨越种族隔阂
红地毯丈量着从阶级到真心的距离

留声机转动希望的波长
管风琴震碎绝望的玻璃
用童话语法重构集中营的夜晚
让坦克游戏消解毒气室的阴影

“早安我的公主”融化铁幕寒冬
“我们正在夺冠”点燃废墟星辰
在谎言的土壤播种真相之花
将枪炮声谱成睡前童谣

他弯腰成为儿子的温暖坐骑
昂首化作妻子的永恒骑士
当黑暗吞噬所有光亮
他用瞳孔折射太阳

这不是集中营的编号囚徒
是穿着条纹睡衣的造梦先知
用微笑拆除地狱栅栏
以心跳奏响自由乐章",2012-08-07 15:40:11
1036,71,陳,推荐,太甜美的美國夢,2009-01-04 00:08:27
1037,71,今天小熊不吃糖,力荐,羡慕珍妮，不管她多么叛逆、落魄、堕落，永远有阿甘在等她回来,2008-08-12 06:12:09
1038,71,黛西,,"电影开篇,就告诉了人生的真实意义，就是羽毛,你无法决定和选择将要遇到什么,只能随风摇曳,在空中尽情的舒展美好!",2005-10-08 16:38:11
1039,71,影志,力荐,妈妈说，生活就像一盒巧克力……请不要再续下一句，耳朵听的起了茧子。,2006-02-13 02:13:17
1040,71,林愈静,力荐,每年看一遍，每年哭一遍，看看自己幸福还是阿甘幸福！时间：从2003开始每年一遍,2006-04-21 21:00:17
1041,71,娜莉梦游仙境,力荐,傻人有傻福，实际上并不是这样的。在我看来，阿甘的妈妈才是最伟大的人。很多普通人把低智商的孩子早早就放弃了，不让上学，不与别人接触，也许是为了保护自己的孩子，但是这样以后孩子就等于废了……,2016-12-09 22:25:37
1042,71,大头绿豆,力荐,阿甘奔跑的意象，应该留在了很多人心里。,2005-09-11 14:13:53
1043,71,荞麦,力荐,重新再看一遍，觉得奥斯卡当年颁给《阿甘正传》而不是《肖申克的救赎》，还是对的……更广阔，经得起各种解读，每个人都能找到自己的点。,2012-07-01 16:07:52
1044,71,海心,力荐,you are my girl.,2008-01-08 16:46:09
1045,71,xjxiidjsns,力荐,Mama always said life was like a box of chocolates. You never know what you're gonna get.,2008-06-24 18:49:25
1046,71,乔西,力荐,我生命里最温暖的一部电影,2009-09-05 03:18:08
1047,71,雨果,力荐,"这是一部美国典型的反智题材电影。聪明的人未必一定能成功。阿甘的智商极低，却情商极高。他一直怀着单纯的心，做了在别人眼里了不起的事，也尽力照顾身边的人。
成功充满必然与偶然。
人生就像是一盒巧克力。
最经典的两句台词",2016-11-20 19:08:09
1048,71,亚比煞,推荐,他的十二支船，每一支都是她的名字。她走后，他只得跑遍世界的每一个湖泊和沙漠来思念她，只等她一声召唤便死心塌地的回到她的身边。好莱坞编造一个这么纯粹的故事，让我们看到我们所拥有的感情，是多么的残破不堪。这简直是残忍的，不道德的。,2008-06-16 09:25:37
1049,71,陈毓秀,力荐,这部电影的主题是：“保守主义始终代表美国先进生产力的发展要求，始终代表美国先进文化的前进方向，始终代表美国最广大人民的根本利益。”,2013-09-21 21:59:36
1050,71,眠去,力荐,人生就像一盒巧克力，你不知道会选中哪一颗。,2007-02-10 10:55:49
1051,72,SH&^U&^N64,力荐,不努力工作会变成猪,2006-10-12 16:19:42
1052,72,zing,力荐,"每次看这些神作的时候想到这是动画片这是一群牛人一笔一笔画出来的,就觉得漏看掉一帧都实在是对不起他们啊",2008-03-07 14:00:22
1053,72,░▒▓██,力荐,曾发生过的事请不可能忘记 只不过是你想不起罢了,2009-11-25 16:42:47
1054,72,Yolanda,力荐,十年后重看只想大哭，其实我们都明白这个结局。,2007-01-22 00:13:32
1055,72,闲潭影,力荐,最好的宫崎骏，最好的久石让。,2009-12-19 22:57:35
1056,72,影志,力荐,“有些事情是不可能忘记的，只是一时想不起来。” 忘了怎么打动我的了…好像不是打动，而是震撼。,2006-02-04 06:21:11
1057,72,根,力荐,"隔那么多年再看，还是会二话不说就爱上温柔的白龙，还是会被无脸男捧出的一把木牌打动，还是想坐在阁楼上边吃豆包边看电车从海上驶过，但是……再也说不出“想留在那样的世界再也不出来”的话了！愿幻想的世界里没有工作！
话说千寻现在也28岁了啊，不知道有没有和白龙重逢，如果按好故事的标准，应该是没有吧？她大概已经变成了普通的上班族，每天搭末班电车回家，只是在路过每一条河流时，会想起少女时曾经爱过一条龙。",2019-06-21 23:32:07
1058,72,老鸡｜扶立,力荐,莫贪吃！贪吃变成猪！,2008-01-10 16:32:20
1059,72,海心,推荐,有那么那么经典吗？还是我老了？,2008-12-22 22:28:54
1060,72,唐喜乐,力荐,"你忘了吗?
往下飞的时候眼泪是往上流的.",2007-04-08 14:39:09
1061,72,bekey,力荐,欲望无限，就会让你失去自己，进而痛失所爱；在残酷的环境下，只有努力去适应并寻求改变，才能有突破的可能；成功路人，伯乐很重要，一定要记得感恩；奋斗途中，会有妖魔鬼怪，也有可爱温暖的无脸男和小白。节制欲望、不断进阶、知世故而不世故、做个善良有温度的人。千寻，你是最棒的！,2018-03-09 11:15:17
1062,72,暖鱼,推荐,一个寻找自我或者自我复苏的过程,2006-12-04 18:07:23
1063,72,米姐起飞,力荐,我与猪都认可的片儿。,2007-02-21 20:26:35
1064,72,小晗要当锦鲤,推荐,宫崎骏没有迪斯尼那么花哨 甚至有些落伍 直到现在 他还坚持用手工绘画而不是电脑绘图来完成自己的卡通片 但他懂得一部卡通片 或者一部影片 应该用什么去打动别人 所以 宫崎骏笔下的形象是一个个人 而不是一个个没有知觉的卡通形象,2018-01-27 22:34:59
1065,72,Mono,推荐,"不是所有人都能够在误入迷踪时得遇白龙
 也不是所有的长辈都能一如锅炉爷爷在夜里给你盖好棉被、还有嘴硬心软的玲、离开汤屋就回归善良的无脸人…很多变化都是不可逆的。。。",2018-01-28 06:19:27
1066,73,个篱,力荐,那对对死无所畏惧的老夫妇，那个不为外界干扰的乐队，那个为生而做一次假父亲的男人，那个为爱人吹响口哨的女人。都是为了一种心灵上的执着。,2006-11-16 15:23:40
1067,73,沉歌,推荐,爱你原本只是一瞬，却不知在时间的洪流中成了永恒。,2007-10-14 15:40:11
1068,73,影志,力荐,"“我甚至连一张他的画像都没有，但他永远活在我心中。” 要敢说，这是我一直深爱的电影。

3D效果言过其实；被删裸戏无察觉；IMAX看清冰山全貌；Rose美的神魂颠倒，Jack帅的令人窒息；甲板上Jack对Rose说:I see you. 看过不下10遍，能记住每个情节、台词、人物及配乐，该哭地方还是会哭；3碟正版VCD能记住两次换碟的准确时刻；初二看完后自己经常在水盆里用水瓢演习沉船全过程…",2006-02-04 06:19:25
1069,73,Doublebitch,力荐,将永远是我在电影院所看过次数最多、最感动、也是最好的电影,2008-11-24 22:15:43
1070,73,峰峰峰峰,推荐,当老年的Rose午夜梦回，一个长镜头穿过大堂，摇上楼梯，站在钟表前的Jack转过身来，意气风发，潇洒倜傥，宛如昨日。,2012-08-25 07:37:00
1071,73,高歌,力荐,"生死两茫茫
不思量
自难忘",2008-08-02 01:45:37
1072,73,孔雀鱼,力荐,学校组织放映的影片，大家好像对rose和jack恋爱过程猎奇，但是让我感动的一幕是轮船将要沉沦，海上乐队的绅士们整理领结，肃穆庄严的弹奏最后一曲，那一瞬间，仿佛听见一首镇魂曲在响彻。,2016-12-02 12:36:33
1073,73,芦哲峰,推荐,1998年，哈尔滨火车站地下给初恋女友买的盗版光盘。,2008-03-15 22:17:43
1074,73,桃溪春野,力荐,我学会了吐口水，我努力的活下来了，我去了好多你说过的地方，我学会了双腿张开骑马，我生了好多孩子，我已经活到一百岁了，我可以见到你了吗？,2022-08-27 23:06:40
1075,73,宋阿慕,力荐,一部应该被记住的电影.,2008-02-20 11:41:14
1076,73,白日梦小姐,力荐,我想失去的才是永恒的。,2007-12-19 09:05:36
1077,73,琦殿,力荐,有些片子，必须得等经历过再去看。没有为爱情放弃过什么的人，不会在露丝从救生船上跳回大船的那一刻落泪。,2011-08-26 16:50:18
1078,73,小耳朵图吗,力荐,还用说么？太经典了。,2006-08-21 21:25:29
1079,73,瑞岱,力荐,事隔那麼多年依然無法忘記當初的感動。,2008-05-31 07:37:04
1080,73,北灰灰灰,力荐,能与诸位一起演奏 是我的荣幸,2022-11-18 06:59:38
1081,74,[己注销],推荐,"被“历史”绑架了的两个小人物……

《活着》和《霸王别姬》不是中国电影的起点，而是终点……",2009-07-13 23:54:13
1082,74,momo,力荐,陈凯歌可以靠它吃两辈子饭了，现在看来江郎才尽也情有可原,2007-11-21 20:38:33
1083,74,沉歌,力荐,他竟当面一语点破：虞姬是真虞姬，霸王是假霸王。,2007-10-14 15:39:21
1084,74,kingfish,力荐,"不解,拍出过霸王别姬的人怎能拍出无极来",2006-03-22 12:32:08
1085,74,大头绿豆,推荐,不疯魔，不成活,2005-09-04 11:42:23
1086,74,蚂蚁没问题,力荐,就凭这个，我愿意原谅陈凯歌一切的烂片 你只要伟大过一次就可以了 就凭这个 哥哥你是我心中永远不朽的传奇 你是全世界最大的角儿,2009-07-13 23:47:06
1087,74,艾小柯,力荐,最优秀的中国电影,2006-06-16 01:32:33
1088,74,凯瑟琳小姐,力荐,这真的不是电影，而是人生。如此真实深刻地反映了从抗战前夕至文革的那段历史时期下命运凄惨的人们，渗透在每一个细节，包括那个不能忍受戏班虐打的孩子，而文革中六亲不认，人格扭曲更是展现到了极致。当然最赞的是哥哥的表演，如此悲哀可怜的蝶衣让人心痛，不疯魔不成活，人戏不分，现实的他也是如此,2010-01-17 18:03:20
1089,74,香水瓶,力荐,君王意气尽 贱妾何聊生,2006-04-15 19:25:43
1090,74,袁长庚,推荐,备课三刷。一边看一边想，如果拿掉张国荣，剩下的东西里，还有几分成色？是不是陈凯歌日后有的一些坏毛病早就埋下种子了？但是，没办法，一个疯子，又遇见了成全他的角色，干柴烈火，谁也挡不住。所有人都被他带的颠三倒四的，这就是角儿，一种迷人的暴力,2017-03-27 14:12:43
1091,74,莫呼洛迦-屁股上的青春在歌唱,力荐,仨小时的电影，我没上一次厕所，一直专注的在看，除了牛逼我想不出其他的词儿了。直男对于gay来说终究是祸害，他们不敢爱，面对自己的感情畏畏缩缩，伤了别人还假惺惺。每个人都演的很好，蒋雯丽虽然出场不到半小时，也是把角色诠释的淋漓尽致。这真是陈导的巅峰之作了。,2007-02-25 15:03:25
1092,74,Holocence,力荐,菊仙是个好女人,2011-03-20 15:35:18
1093,74,影志,力荐,人戏不分，不疯魔不成活。,2005-07-22 01:36:02
1094,74,JulyChan,力荐,你凝视你的脸，几亿人在爱恋。,2006-12-06 19:50:43
1095,74,人云奕云,力荐,我記得我標記過這部片子的啊！——我以為這是國產電影的開始，誰知道是結束。,2012-10-02 22:34:39
1096,75,如小果,力荐,恐惧让你沦为囚犯，希望让你重获自由。——《肖申克的救赎》,2008-02-27 21:43:23
1097,75,犀牛,力荐,当年的奥斯卡颁奖礼上，被如日中天的《阿甘正传》掩盖了它的光彩，而随着时间的推移，这部电影在越来越多的人们心中的地位已超越了《阿甘》。每当现实令我疲惫得产生无力感，翻出这张碟，就重获力量。毫无疑问，本片位列男人必看的电影前三名！回顾那一段经典台词：“有的人的羽翼是如此光辉，即使世界上最黑暗的牢狱，也无法长久地将他围困！”,2005-10-28 00:28:07
1098,75,711|湯不餓,力荐,策划了19年的私奔……,2010-03-27 21:30:29
1099,75,文泽尔,推荐,人的生命不过是从一个洞穴通往另一个世界..然后在那个世界的雨中继续颤抖.i hope,2008-01-14 01:53:08
1100,75,理想多钱一斤啊,推荐,"Hope is a good thing, and maybe the best thing of all.",2009-10-07 19:58:08
1101,75,Doublebitch,推荐,绝对是期待过高导致有点失望,2007-12-24 17:50:21
1102,75,艾小柯,力荐,关于希望最强有力的注释。,2006-06-20 03:18:55
1103,75,Eve|Classified,力荐,"“这是一部男人必看的电影。”人人都这么说。但单纯从性别区分，就会让这电影变狭隘。《肖申克的救赎》突破了男人电影的局限，通篇几乎充满令人难以置信的温馨基调，而电影里最伟大的主题是“希望”。
当我们无奈地遇到了如同肖申克一般囚禁了心灵自由的那种囹圄，我们是无奈的老布鲁克，灰心的瑞德，还是智慧的安迪？运用智慧，信任希望，并且勇敢面对恐惧心理，去打败它？
经典的电影之所以经典，因为他们都在做同一件事——让你从不同的角度来欣赏希望的美好。",2008-05-09 23:15:34
1104,75,寂地,力荐,"超级喜欢超级喜欢,不看的话人生不圆满.",2006-01-02 23:57:15
1105,75,葱,力荐,这样的男人谁会舍得背叛。。。,2012-05-28 22:57:42
1106,75,veronique,力荐,"一部没有爱情与美女的电影,却光芒四射",2006-06-15 18:56:18
1107,75,影志,力荐,"Fear Can Hold You Prisoner, Hope Can Set You Free",2006-02-04 05:58:22
1108,75,珍妮的肖像🦤,力荐,没有人会不喜欢吧！书和电影都好。,2006-11-13 08:41:13
1109,75,如是,力荐,还记得老brooks上吊自杀时心里有多难过。自由来的太晚，生命早已自行放弃。,2018-03-14 11:48:26
1110,75,朝暮雪,力荐,"当雷电劈开圣经扉页的刹那，污水管道的血污里开出了鸢尾花。那个墨西哥海岸的约定不是谎言，是囚徒用月光编织的绳梯，每个绳结都系着太平洋咸涩的潮汐。
有的鸟注定属于天空，有的琴弦永远颤动在休止符之外。安迪游向暴雨的姿态，像蝴蝶挣裂了琥珀的裹尸布。
当他撕开雨幕的瞬间，整个太平洋都听见了，人类心脏深处亘古回荡的潮声。
我们看见自己正从冰川纪的冻土里抽芽，而安迪的锤子，不过是春天叩击冻土的第一声心跳。
当狱警的枪声惊醒冬眠的蜥蜴，我们终于在肖申克的废墟里看见——所有镣铐都是水做的牢笼，而自由不过是场优雅的溺水。
真正的监狱从来不是有形的围墙，而是我们心中对体制的臣服。当我们学会在绝望中保持希望，在黑暗中寻找光明，就已经完成了精神的越狱。
原来，自由不在远方，而在每个人的心中。",2012-08-07 15:39:12
1111,76,趙小漁,力荐,可以忽略秋香……,2008-05-23 21:46:28
1112,76,理想多钱一斤啊,还行,现在在看看16年前的周星驰片，经典到典故多得吓人,2009-10-08 10:07:57
1113,76,寂地,推荐,"哈哈哈.其实我是周星星FANS,心情不好看他的电影会边开朗.这个看了好多次了.一群人一起看最好玩.",2006-01-03 08:46:29
1114,76,enthusiast,力荐,经典中的经典,2006-04-22 02:56:54
1115,76,momo,力荐,老少咸宜的经典喜剧。巩俐好美啊。,2018-03-06 18:33:00
1116,76,大头绿豆,推荐,电视上常常重播这部，真奇怪。,2005-09-12 20:11:20
1117,76,多看电影爱电影,力荐,周星驰鼎盛时期的电影没啥好说的！全五星好评！另外，还有彩蛋，萱萱有演秋香的侍女。,2017-03-01 09:51:42
1118,76,missfaye,推荐,小时候看一次笑崩一次,2005-12-13 23:14:43
1119,76,犀牛,推荐,"只为了“比比谁惨”那一段，就已是经典。
还有FLASH的经典《阴天》版，",2006-03-17 22:25:37
1120,76,东方既白,力荐,别人笑我太疯癫，我笑他人看不穿。不见五陵豪杰墓，无花无酒锄作田。,2018-04-03 08:45:14
1121,76,遇见彩虹🌈,力荐,喜剧经典，好多年前看的周星驰的第一部片子，好多桥段现在还在用，小强。。。,2017-11-21 12:50:39
1122,76,tommy van,力荐,郭的港还是讲你的相声吧,2010-05-30 23:20:06
1123,76,要早睡啊minami,推荐,N遍,2009-03-27 22:15:15
1124,76,甜椒Oli,力荐,八月共赏 赏花赏月赏秋香,2017-03-01 19:58:44
1125,76,春风不解意,力荐,就算现在看到放也会跟着看的经典喜剧，笑点密集不尬。真不得不服星爷。,2018-03-14 11:42:07
1126,77,星尘战场,力荐,里面的布拉德皮特帅的掉渣……,2007-02-17 17:10:36
1127,77,蛮爷,力荐,为什么拍出来十几年我才看到呢？,2007-12-21 00:03:12
1128,77,momo,力荐,"色调太深沉，纽约的雨一直下，混乱的街区，血腥的现场。
有些画面好恶心，分2天看完的，特别喜欢老警察，演技台词都是一流的。
还有万万没想到的结局。",2016-11-01 01:23:41
1129,77,某猪·坑坑洼洼,还行,没觉得有多经典。一来因为没有读圣经信基督的文化背景，二来就像那篇最热门的影评说的，它展示了一些很糟糕的东西，却没有给出解答。这没有什么意义。,2010-03-20 23:40:54
1130,77,毛利,力荐,印象最深的是那个胖子,2006-11-21 20:21:43
1131,77,扭小姐,很差,事实证明不能相信经典,2008-08-07 12:53:29
1132,77,巴喆,力荐,重点不在于约翰·杜是如何预谋并成功实施杀死5人最后造成七宗罪的悬疑，大卫·芬奇把整部电影提高到对整个社会的沉思和批判，甚至是绝望。片中人所在的城市，人与人之间的冷淡、功利、自私、纵欲、贪婪、堕落、淫欲高傲等人性的弱点与罪恶，在这里一显无疑，借的是宗教说的就是人性，可是人性本来如此。（比如我戒不掉，比如此时年轻精壮时尚有的好色)。8.7,2012-01-17 22:11:25
1133,77,毛驴哥🔒🔒🔒🔒,推荐,决定永远不暴食,2005-12-26 22:07:38
1134,77,老鸡｜扶立,力荐,从它开始喜欢上摩根弗里曼,2008-01-10 16:20:07
1135,77,香草,还行,整个片子营造一种阴暗的氛围，好像在衬托主题和基调。可是事实上，除了几幕血腥恶心场景外，实在没什么可圈可点的地方了。而且片子中还有好多地方模糊暧昧，模棱两可。人物刻画也不够深刻。最后的结局部分，谁证明那个纸盒里面一定是小警察老婆的人头？而且，即使是，老头如果真想阻止小警察开枪的话，,2010-04-02 06:19:22
1136,77,催眠药,推荐,故事看多后的后遗症就是一般最后半小时就知道结局了。。。,2011-08-13 21:34:27
1137,77,星辰Loni,推荐,其实John Doe杀害Mills的妻子已经破坏了自己的作品，因为她没有犯任何一宗罪，她是这个作品里不和谐的死亡，纯粹是为了引出暴怒，而暴怒者最终也没有死亡，但是他得到的是更长久的惩罚 每天陷入妻子与自己未出世的孩子的死亡当中，也为自己莽撞杀死嫌犯而自责，活着的每一刻都是惩罚，正如John Doe对每一个受害人的折磨一样，漫长细碎，生不如死，从这一点来说，这一系列七宗罪的作品是完成了，只是其中出现了Mills妻子这个意外：一个纯粹怀有爱情，母爱，善良的人，一个无罪无辜之人。John Doe错了，这个世界并不是全部都是罪人，而这样纯粹美好的感情，也是我们为这个世界奋斗的动力。,2022-01-12 01:07:03
1138,77,单线程青年,力荐,那么，学会克制，远离se7en sins,2008-08-29 16:28:19
1139,77,wood黄小木,力荐,如果说暴怒也是一种罪，就算我牢底坐穿，也要让你得偿所愿。,2020-12-12 03:06:34
1140,77,饿霸地煮,力荐,剧作极其优美。其实七宗罪并不是这部电影要讲的，而是围绕“罪”构建的七种人。摩根弗里曼代表“理性”，结局是虚无。皮特代表“感性”，结局是迷失。妻子代表“纯洁”，结局是献祭。未出生的孩子代表“无罪”，死于酷刑的几个人代表“有罪”，他们都必须毁灭。第六种是平庸的人们，过着无聊无知无趣的人生，他们的结局是海明威那句话的后半。恶魔史派西的定位是上帝，伊甸园的原罪，让人们怀疑上帝是否全知全能全善？这一刻上帝和撒旦高度重合。,2021-01-01 21:31:39
1141,78,Eve.W,力荐,如果说盗梦空间像是工科生拍的 充满了逻辑 数学 推理 极尽聪明之事 那红辣椒就像是文科生拍的 天马行空 无所不能 是一个真正的梦,2010-09-05 23:19:07
1142,78,伍德与夏洛蒂,力荐,看这片的时候一直在怀疑自己的智商，不敢松懈半点，生怕脑力不够用。看罢更一直觉得身在梦中，久久醒不过来，今敏脑子里都在想些什么。。这片牛逼到可怕，高级到渗人，精彩到傻眼，色彩和配乐也是满分。甩开诺兰的盗梦何止十条街。谎言与真实，梦境与现实，其实一直在并存。我想给10星。,2013-07-15 23:19:14
1143,78,布宜諾斯,推荐,极其喜欢游行部分的画面和音乐，虽然满诡异的，呵呵,2007-11-23 09:40:48
1144,78,弗朗索瓦张。,力荐,居然有不是很明显的gay支线。。。,2010-12-14 02:11:06
1145,78,A-sun*,还行,游行时的画面和音乐太赞了太赞了太赞了,2010-01-08 23:46:11
1146,78,少年夏不安,力荐,Amazing！电影是最伟大的造梦机器！我觉得比盗梦空间还牛逼！,2010-11-18 23:58:15
1147,78,离,,对梦的设计确实有想象力，可是几个主要人物的设定却过于简单而平面。而正义与邪恶之战，这种公式化的对立冲突又少了些深度。和盗梦空间相比，红辣叔就只是展现了想象力而已，而少了情感和温度。,2011-01-03 19:55:21
1148,78,Bigteeth,推荐,相对于深远的梦境来说，科学可能不过是一堆垃圾而已。,2007-06-14 14:02:04
1149,78,同志亦凡人中文站,力荐,梦境对现实的入侵真是惊悚而奇趣啊啊啊！相比之下“盗梦空间”相形见绌了——或者说正是因为“盗梦空间”太讲求规则与逻辑，反而失去了今敏天马行空、随心所欲的创造力～～～,2015-04-01 07:36:25
1150,78,夏云啦啦,力荐,好多场景跟《盗梦空间》好像啊~巧合么？。。。,2010-09-09 03:15:32
1151,78,小耳朵图吗,力荐,今敏的画风太好了吧,2008-11-02 20:47:20
1152,78,易老邪,力荐,出神入化的剪接切换、瑰丽多姿的色彩构图、天马行空光芒四射的巧妙构思……无不令人眼花缭乱、目不暇接、惊为天人、叹为观止！,2010-11-02 12:33:00
1153,78,披着人皮的鬼,推荐,“相对于深远的梦境来说，科学可能不过是一堆垃圾而已。”,2010-12-27 23:15:23
1154,78,苏比,还行,看不明白。,2009-08-25 23:22:16
1155,78,k,力荐,“今敏告诉我们，动画不是单纯的视觉炫技，而是服务于实拍无法达到的剧情”,2016-05-20 16:14:11
1156,79,根,推荐,两场强暴戏毕竟是吃不消，男性的传奇之路上似乎最少不得的就是美丽而无人格的女性牺牲品,2016-12-20 23:11:50
1157,79,小岩菽,推荐,史诗叙事大师笔法，黄昏已近青春已远。而今男人的理想已改变太多。配乐绝佳。,2010-04-04 18:05:13
1158,79,小易甫,力荐,一年多以后，我将它从四星改为了五星，期间未曾多看一遍。,2009-02-21 13:03:14
1159,79,大鲤鱼（丹AI）,推荐,每当男主角独自出神、音乐响起时，都有种抽离的视角，好像一辈子过完了，再回首当年，似真似幻。这让我想起《百年孤独》的开头，和《你一生的故事》，好像每一个片段中，都能折射出全部的生命。,2016-04-15 23:41:05
1160,79,林愈静,力荐,姜文的阳光灿烂的日子，杨德昌的牯岭街少年杀人事件，韩国的朋友都是模仿这部,2006-04-21 20:27:06
1161,79,击节,力荐,他的一生，是关于几个出生入死的兄弟，和一个美轮美奂的姑娘,2007-09-05 19:46:36
1162,79,大熊,较差,最烦这种又是爱情又是友情又是黑帮又是人生，说了一大堆，然后没一个重点。剧情恶俗，除了脱裤子强暴性幻想，就是岁月不再往事如烟。喊着“史诗级大片”的口号，用着“史诗式”的布景，拖着冗长的时间线试图表达“史诗般”的时间长河，弄到最后还是逃脱不开少男们第二性征的萌芽，像极了辣鸡老板给画的饼。,2019-06-03 05:40:00
1163,79,维城乱马,力荐,有一种片子，伴随你走过热血沸腾的青春期，在成年后来看却又是另一番感受。在巴西，它叫《上帝之城》，在日本，它叫《大佬》，在韩国，它叫《朋友》，在香港，它叫《古惑仔》，在台湾，它叫《牯岭街少年杀人事件》，在大陆，它叫《阳光灿烂的日子》，最早的在美国，叫《 Once Upon a Time in America》。,2013-07-13 22:12:39
1164,79,罗弘霉素,力荐,少年子弟江湖老，红粉佳人两鬓斑,2012-06-10 17:05:07
1165,79,Q。,力荐,以前看的时候并不能完全理解这部电影，电影里太多的内容让自己并不能一下子就可以消化得了。重看这部近四个小时的电影，没有觉得半点枯燥沉闷，好似在翻阅一本浑厚的小说，一生中所有最重要的东西都在里面，值得慢慢回味……★★★★★,2010-09-07 08:50:10
1166,79,Kaito,力荐,面条的人生。这条人参很长，长达229分钟。,2010-03-13 23:01:57
1167,79,江绪林,推荐,最后黛博拉（Deborah）向面条求情的那段可真够无耻の。,2011-08-20 13:40:09
1168,79,沈书君,力荐,时间真是一把无情的杀猪刀，想当初青葱的詹妮弗·康纳利一回头惊艳了多少人,2011-03-11 15:59:27
1169,79,2013,力荐,太好看了。我喜欢它的叙事手法，少年、中年、老年穿插在一起，处理得很成熟干练。配乐非常棒。,2007-01-15 21:03:41
1170,79,丁一,还行,兄弟如垫背黑一枪，女人如蛋糕揩一块，美国梦一场滑一跤，往事烟一口笑一笑,2010-01-31 10:48:55
1171,80,胡克,推荐,"看完确实很难受...有的物种确实更容易得到人类的""庇护""or""杀戮"",做不到素食主义的我只能尽可能地不成为其他的动物买卖的一环.",2010-01-10 03:01:44
1172,80,Yiklui Cheung,力荐,我想知道的是 大地村那里的海豚屠宰场现在怎样？关闭了没有？当地的渔民是否还以屠宰海豚谋生？,2009-12-08 12:59:06
1173,80,慕容桂武,力荐,最具艺术感的纪录片。真相都真的让人难以想象，所以他们还在否认南京大屠杀。,2009-12-08 21:08:54
1174,80,蘇瓦特,力荐,“All social change comes from the passion of individuals. / 所有社會變化都源于個體的激情。”,2009-12-16 17:55:34
1175,80,横折弯勾,力荐,当Ric把屠杀海豚的视频绑在胸前闯进OPS的大会现场时...我的泪喷涌...,2009-12-14 20:04:17
1176,80,有猫万事足,推荐,看关于环保，动保的纪录片的最大意义就是转化为自身的行动。现在这种片子很多，如果看到5部你还没素食，我怀疑你是不是要人格分裂了。,2009-12-11 11:50:32
1177,80,Orchid,力荐,“必须屠杀海豚，因为他们吃了太多（我们的）鱼；必须屠杀海豚，因为要维护昔日大日本帝国的尊严！”  丑陋的真相背后总是有政府和利益集团的勾结。,2009-12-15 16:21:20
1178,80,影志,力荐,“海豚的微笑，是世界上最高明的伪装”《海豚湾》之前，太多生态纪录片披着唯美和说教的空皮，这一部所上升到的意识高度以及呈现的残忍，令人震撼。09最佳当之无愧。“当我看着一条海豚，他的眼睛跟着我转，当我们四目相对，我有一种由内而外的感觉，毋庸置疑，我正在和一个智慧生命进行交流”,2009-12-22 10:44:32
1179,80,读书破万卷,力荐,自己在家里看都能鼓掌,2009-12-15 19:56:03
1180,80,Marc,力荐,血淋淋的海湾……影片尾声那段触目惊心的屠杀场景让人看了感觉心里堵得厉害！地球村上的每个村民都该看看这部片子。,2009-12-17 21:35:12
1181,80,untamedheart,力荐,已经多久没有哭成这个样子了,2009-12-02 20:04:34
1182,80,达曙酣且歌,力荐,这个时间点再看这部片子，尤为讽刺，十年前他们捕杀大批海豚，十年后他们要将125万吨废水排入太平洋，将地球变成“炼狱”。往后的历史中，他们又将不断掩饰、改写、否认今天正在发生的事情，循此往复…,2021-04-17 16:27:03
1183,80,lowdive,力荐,对于中国人来说，2009年描写南京大屠杀的最佳影片，不是“南京南京”，也不是“拉贝日记”，而是“海豚湾”。,2010-03-13 03:17:59
1184,80,皮皮鲁西西,力荐,"正如银河系漫游指南开场所说""so long and thanks for all the fish""，迟早有一天我们会彻底失去它们",2009-12-17 21:16:58
1185,80,赫恩曼尼,力荐,世界上各种政府和商业机构的合作运作模式从本质上都是一样的：用金钱买断，用媒体掩盖，假借会议决定，压制有良知的声音，欺骗无知的民众，再雇佣刀笔小吏合法化历史。人类总是自以为是生物链的最高点，对自身酿下的恶果视而不见。愚蠢的人类每天堂而皇之地杀戮，还冠之以美丽的名字。SHIT!,2015-04-21 02:45:52
1186,81,Se7en丶小七,推荐,影片两个男主人公的名字竟然就是两个摄影助手的名字，感叹于王家卫随性而行的个性。,2012-05-15 17:49:15
1187,81,瓜。相信这个世界很变态。,推荐,总是觉得，站在瀑布下的应该是两个人。,2008-07-17 19:56:31
1188,81,亵渎电影,推荐,第一次看王家卫导演的《春光乍泄》还是十年前，那会儿以为这就是一个同志爱情故事。北影节最后那天，在电影资料馆又看了一遍，到了这个年纪，有了一定的阅片量之后，总算是有点看懂了这部电影的好。才发现它讲的根本不是爱情，而是寂寞，讲了那个时代背景下，内心失去了归属感的香港人。,2018-04-26 13:02:16
1189,81,.,推荐,感情说穿了 一人挣脱的 一人去捡,2012-05-27 12:01:49
1190,81,sssecret。,,张国荣转过身抽烟的样子看的我酥掉了=。=,2010-04-10 20:58:31
1191,81,自在,推荐,我终于明白为什么可以这样开心的在外面走来走去，因为起码有个地方可以回来。,2012-11-06 18:43:02
1192,81,LisaLeung,力荐,张国荣死后，有一个女荣迷，在网上发了一片贴子，说到自己看到梁朝伟的情形，有一次梁朝伟到内地来演出，等演出完毕后她守在他出门的必经之路，等看到他和一群人走来，她便大声的哭喊道：“黎耀辉，你还记不记得何宝荣？”梁朝伟听到她的喊叫，停下来，朝她这个方向看来，然后点了点头，急匆匆地走了,2011-01-21 19:48:19
1193,81,同志亦凡人中文站,力荐,何宝荣。黎耀辉。如果你对一个人有特别的感情，你会更喜欢叫他的全名。,2014-04-02 09:28:50
1194,81,撒旦的表妹,推荐,张国荣抱着毯子哭的那段太揪心了。,2012-05-03 13:13:39
1195,81,逍遥兽,,最记得厨房中那一支探戈。,2007-07-13 09:25:44
1196,81,隆咚锵,力荐,爱一个男的还是爱一个女的尤其的不重要，只是爱一个爱上了的人……这个世界就完了,2007-02-26 01:06:58
1197,81,小红帽,力荐,我敲诈你，人质是我自己,2011-08-04 18:28:13
1198,81,幸运遇见你,推荐,"一直以为我跟何宝荣不一样，原来寂寞的时候，所有的人都一样。
当我站在瀑布前，觉得非常的难过，我总觉得，应该是两个人站在这里。
试问谁不想从头来过，但世间又有多少爱可以重来呢？ 时光如同白马过隙，我们再也回不去了…… 既然回不去，我们又如何从头来过？",2016-08-18 14:15:23
1199,81,kingfish,力荐,"梁朝伟加张国荣,简直是挡不住的诱惑.",2006-03-22 12:53:21
1200,81,五,力荐,没有张国荣就没了魂，绝非夸夸其谈,2007-09-20 20:21:18
1201,82,呆萌小七,推荐,加勒比海盗这一系列我都特别喜欢，喜欢杰克幽默风趣，顽强，坚韧勇敢，像永远也打不死的小强，还有他的黑珍珠海盗船，太神奇了！,2018-02-02 22:43:50
1202,82,已注销,力荐,讲个小故事吧，有个小女孩给JohnnyDepp写信，希望他带着他的部下去学校铲除校长，于是JohnnyDepp打电话给学校，让学校把学生带到礼堂，这时候JohnnyDepp带着演员么冲上舞台，全场欢呼。嗯，我爱如此感人的故事,2011-04-12 14:52:26
1203,82,影志,推荐,船长登陆那一段，有点创意。,2007-03-09 07:27:48
1204,82,伊谢尔伦的风,力荐,这次重温的感想主要是：准将（伊丽莎白的未婚夫）是个好人。超级大好人。（泪）,2011-06-05 16:49:36
1205,82,嘉沐難再續.K,力荐,我看了六遍.好不好已经和商业无关了.,2008-02-13 09:49:41
1206,82,孔雀鱼,推荐,放荡不羁的杰克船长，以海为家，以船为马的海盗们，那是属于你们的航海时代，升起骷髅旗，去远航吧！,2016-12-13 19:34:55
1207,82,渣渣,力荐,船长还能再帅一点么－。－  放荡不羁 霸气外露 豪情四溢 男人的极致啊,2011-04-19 14:14:53
1208,82,朝暮雪,推荐,亦正亦邪，亦真亦假，铸就了银幕最经典角色之一。从此德普就是杰克船长的代名词。,2012-08-18 02:07:57
1209,82,想念season,力荐,杰克船长就是海盗版的夏明朗有木有！！Depp真是为这种妖孽至极的角色而生的！,2011-03-28 23:31:48
1210,82,隔壁小红,推荐,好看的电影，剧情实在是很抓人呀，还有德普真的是太帅啦啊啊啊,2017-01-14 16:55:51
1211,82,蓝色啄木鸟,推荐,重温仍别有风味，妖娆的船长瞬间让我想起一句歌词———原谅我这一生放荡不羁爱自由！ “ 精灵王子”很帅气！,2017-03-09 09:12:44
1212,82,时间的玫瑰,推荐,哈哈哈哈~戴普的兰花指~,2008-03-04 20:30:30
1213,82,Celeste,力荐,“因为地平线一直在那。你想到达那儿，但你永远到达不了。就是那样，遥不可及难以放弃。”,2011-02-14 19:54:30
1214,82,隔岸观船,推荐,德普迷妹报个到 这角色太搞了 整部电影剧情完整 情节紧凑 套路来得让人悻然接受,2017-01-15 23:04:37
1215,82,水湄物语,还行,男二号太帅了,2006-03-02 10:12:50
1216,83,Omega,推荐,开头工厂那段真是创意十足，后面就弱了点了,2011-05-09 15:00:06
1217,83,战国客,推荐,有些电影永远都有一个别名叫做——经典~~,2008-08-01 23:00:31
1218,83,思阳,力荐,"惭愧死了，这才是我第一次真正看卓别林的电影。在放映之前我还想，为什么人们要叫他“大师”？不就是一个演员么。结果几秒以后，字幕上映，导演，编剧，主演，甚至音乐配乐都是卓别林创作的。我完全被震撼，真的是大师啊……

这是一部又辛酸又喜剧的片子，对当时的社会不论是在工业，政治，还是生活",2009-07-08 08:47:38
1219,83,大头绿豆,力荐,靠，看了才知道，星爷有那么多东西是从这里学来的。,2005-11-28 01:39:58
1220,83,吴花果,推荐,经济萧条，失业严重，穷人潦倒，贫富不均，企业主压榨，社会混乱，体制不合理,2008-09-28 23:26:12
1221,83,托尼·王大拿,力荐,人的异化，极富前瞻性，即使放在今天看了依旧有着强烈的现实意义；卓别林是个极为矛盾的个体：一方面，他总是对社会那些最深入肌理的顽疾给予毫不留情的讽刺和抨击；另一方面，他也是个执拗的人性本善论者。,2011-09-23 08:03:16
1222,83,同志亦凡人中文站,力荐,如果电影不曾有过卓别林，该会是一个多么无趣的世界。光前30分钟就让我几度笑岔了气。荒谬有理，喜谑至极！,2014-04-14 11:08:20
1223,83,大奇特(Grinch),力荐,这是卓别林第一部有声片，他尽可能写一个对话剧本，尽可能尝试一次“声音”的实验，然而由于卓别林坚持一贯的“流浪汉”角色，“声音”似乎又与角色不协调。反观，声音又以一种独特的方式呈现，我们听到的机械设备（有声）对人的打压（无声）正符合了电影主题的象征。,2010-03-05 11:33:59
1224,83,林愈静,,"[2006-05-02]曾经有一段时间看了卓别林的一些电影，更加相信自己的论断：电影在不停的大踏步倒退！！
[2021-02-20]陪孩子重看了 Modern times 和 city lights。卓别林真是伟大的天才电影人。",2006-05-02 10:58:22
1225,83,朝暮雪,力荐,"老板永无止境地剥削工人，工人不仅上班要打卡，连上洗手间都要打卡。
工厂所有地方都装了监控，包括洗手间，决不允许员工有偷懒的机会。
老板成功把员工逼疯了，一看到螺丝或者像螺丝的东西就想去拧一下。
工厂太冰冷了，让查理感到温暖的地方，反而是监狱。
监狱有吃有喝有住，以至于他都不想走了。
他出狱了都要故意犯罪，仅仅是为了重新回到监狱。
别人有幸福美满的家庭，而他和流浪女只能坐在别人的家门口做白日梦。
果然“伟大喜剧的内核都是悲剧”。
PS：卓别林兼任制片人、导演、主演、编剧、配乐，最后竟然一个奥斯卡的提名都没有？",2013-02-02 19:33:00
1226,83,东北洪常秀,力荐,卓别林的喜剧高级的地方是不讽刺底层人，而是永远站在弱势这一边。相形之下，今天的电影创作者不仅仅是充满铜臭，是充满了恶臭。,2021-03-06 11:34:30
1227,83,老阿飞—故园,力荐,当人不再是人，而是机器,2006-01-08 18:01:33
1228,83,九尾黑猫,推荐,卓别林总带有纯真的浪漫。影片宛如他早年时代的缩影，尽管工作根本无法让人过上体面的生活，却依旧保持着乐观。就像结尾，你根本不知道明天会在哪儿，还是会跟着他走下去。,2014-07-27 21:56:31
1229,83,影志,推荐,卓别林系列儿时看得太多记不清谁是谁了……,2008-03-26 19:50:13
1230,83,Evans,力荐,上流社会的狗没听过饿肚子的声音,2022-01-05 19:14:58
1231,84,南笙,推荐,想到真凶可能会若无其事坐在电影院里面，与电影最后一个镜头里宋康昊含泪的双眼四目相对就觉得好惊悚,2012-06-30 00:33:11
1232,84,狮子人,力荐,嗨凶手，你也在看这部片吗？送给你的，杀人回忆,2011-02-01 20:31:59
1233,84,桃桃林林,力荐,这并非一个寻求真相的故事，而是关于真相如何被整没了……,2007-05-05 14:18:32
1234,84,御宝林,推荐,偏向于多人效仿作案，凶手不止一个。最后女学生是小白脸杀的可能性很大！言行逼供了三个人，只有小白脸最态度反抗、眼神一直有特写是充满恨意的，因为他并没有杀人还要被诬陷。出来后在酒馆喝酒，女学生从窗前走过也对他指点议论，让他觉得自己的名声已经彻底毁了洗不清了。所以最后警察媳妇和女学生同时出现他选了女学生。还有下手之前扶着树干的细嫩的手的特写。可能真的是出于报复——既然你们都觉得我是凶手那我就真杀个给你们看看。DNA对不上是因为之前那个真不是他杀的。还有开头第一个案件发生后男主抓了很多个“嫌疑犯”，这里有个细节，几乎每个人都是面目可憎凶神恶煞的。因为男主潜意识认为杀人犯就应该长成这样的气质和模样。然而结尾小女孩说凶手“就是个普通人啊”是个记不住长相过目就忘的路人。每个平平无奇的人背地里都可能是凶手。,2019-04-07 22:57:57
1235,84,我爱阳光,还行,一部很普通的电影。,2011-04-15 10:55:11
1236,84,亵渎电影,力荐,真实事件玩了全世界，电影玩了你，总觉得离真相很近了，而真相却是没有真相。★★★★★,2011-08-14 20:54:50
1237,84,Q。,力荐,总之一句话，一部让人窒息却欲罢不能的作品，喜欢所有演员的表演，韩国电影的颠峰之作。★★★★★,2008-05-26 00:07:10
1238,84,Doublebitch,还行,电影告诉我一个有良心的警察是如何被逼成一个暴力狂的。,2009-11-20 22:30:59
1239,84,西楼尘,推荐,生锈的铁钉斩断穿军靴的腿，切块的桃子夺取穿红裙的命。沾泥土的符咒能够显现犯人的轮廓，巫师般的法眼能够看穿恶人的真容。电台里的歌是靡靡的安魂曲，夜幕中的雨是淅沥的生死符，捉不到的凶手是人性的传染病，无休止的警报是时代的创可贴。拥有一双能够看穿犯人特殊的眼，却看不穿普通，普通最致命。,2019-09-19 10:35:33
1240,84,伍德与夏洛蒂,力荐,这片给我的阴影才是史无前例好么？5年前大学拉片课上看的，看完了已经半夜12点，我走回寝室腿都抖的站不起来，一年中再也没吃过桃子。奉俊昊和宋康昊联手，真不是闹着玩的，经典至极。,2011-05-24 18:33:20
1241,84,战国客,力荐,不单只是杀人案，韩国在那个时代的回忆也都融在其中，化成了一幅背景,2008-07-28 10:05:51
1242,84,恶之花🕊,力荐,"配乐用绝了~
现实中不了了之的案子实在太多，可电影中几乎很少看到。",2010-06-06 22:59:27
1243,84,同志亦凡人中文站,力荐,当整个警察局为扣押的是否是嫌犯而陷入一片争吵，那首每次杀人前都会被点播的情歌轻柔的响起，原来外面又开始下雨了——那一刻真是惊悚到无形。,2013-06-05 14:03:58
1244,84,影志,推荐,那种抓不到、还被调戏的无力感,2006-03-13 06:48:48
1245,84,Rivers,推荐,还好柯南最后没出来,2010-11-20 15:54:46
1246,85,谋杀游戏机,推荐,医生的治疗方案是让不同人格互相残杀以产生幸存者，但残杀所诞生的幸存者就不可能是最优人格,2010-01-28 17:58:03
1247,85,同志亦凡人中文站,力荐,吓得我都要人格分裂了！！！以后打死都不要再看恐怖烧脑片！！！！！,2014-10-20 17:17:46
1248,85,杨迪,力荐,哇！我是那个被剧透了也觉得好看的人，我好厉害！,2015-05-29 20:43:05
1249,85,树木希凉,推荐,救命啊，金牛座遭遇大屠杀...,2010-08-08 16:13:30
1250,85,viking,推荐,"恐怖？剧情？科幻？探案？四不像！
我也想搞上十个自己，大家一起玩dota",2008-03-07 22:58:51
1251,85,神探夏老师,力荐,我是在电视上看这个片子的，之前有主持人介绍，然后主持人来一句，这是一部和人格分裂有关的电影，然后我看的时候心中就一直在默默咒骂这个主持人，真是实力剧透,2016-01-23 17:20:20
1252,85,理想多钱一斤啊,推荐,最不可能的那个人永远是最可能的,2011-01-22 14:03:54
1253,85,影子的影子,推荐,精妙绝伦的剧本。大量的细节描写使得影片非常耐人寻味，切换焦点时镜头的微小变动更是非常隐喻。结局倒不出乎我的意料，这种片子到最后肯定会回头给观众一枪。编剧太牛了，前后呼应的巧妙简直让人佩服得五体投地。即使是6年前的片子，如今看来也生猛十足。,2009-10-08 17:27:15
1254,85,Philharmania,推荐,对阿婆的《无人生还》的一个相当有才的致敬。,2010-02-23 01:12:03
1255,85,綦,,他的人格实在是个竞争市场。由此可见，寡头和垄断未尝不好。,2009-12-22 21:09:41
1256,85,苏比,力荐,没办法不打五星啊，虽然不到一半就猜到了结局。,2009-07-01 16:09:18
1257,85,X,力荐,如果放在现在看的话可能打分会下降2分，可是放在2003年，可以说是超前了,2017-04-15 23:18:29
1258,85,Η²,力荐,本以为是娱乐片，却是一部精彩的悬疑片，和《记忆碎片》一样，不到结尾不见真相。前段或许有些老套，但进行到中段的解谜阶段就很紧张了，后面的真相揭开后，又将剧情推向一个让人瞠目结舌的高潮，难得的是在结尾，居然再次给了观众心灵一记刺痛。善与恶，原本就是一体的。 PS:1.以罪犯幻想之情节名义给剧本许多地方逻辑推理不足找到了借口2.Mhotel又有何寓意呢3.对影片营造的黑夜，阴冷，潮湿氛围很中意last.每个人或许都有多重人格，后怕。  H2  2008.7.12 03:38,2008-07-12 03:54:50
1259,85,墨一,力荐,大脑完全被欺骗了！汽车爆炸前是一直坚信是小男孩干的，他母亲是因为他的动作后退被撞，也只有他进过母亲的房间，新婚女在厕所和外面的人比力气赢了说明对方肯定不是成年人或者是女性，男孩的父亲是看到男孩才冲过去被撞，说明男孩之前不在那。但这些猜测都在爆炸后被推翻了，直到结尾才恍然大悟。主人格就是那具冰冻尸体，汽车旅馆就是剩下11人格的格斗场，每个人都是你，都是我，是那个人儿时与成长记忆遇到不同人的缩影与集合，谁都出不去，谁都进不来。结尾细思极恐，善良已死，邪恶觉醒，吟唱着诗的同时，我已确定要走向地狱,2023-01-02 09:30:23
1260,85,河蚌珠珠,力荐,不到最后一刻，我都以为是一场心灵的救赎。,2021-03-06 14:05:51
1261,86,望仔放弃减肥了,力荐,我最讨厌别人不擦润唇膏了！每次看到嘴上干裂起皮都忍不住想要亲上去！所以你要多擦一点润唇膏啊！你到底要不要我给你擦润唇膏！——好喜欢这一段，那时的张柏芝漂亮的无法用笔墨形容，脚趾甲上涂着五彩的颜色，小巧的下巴和明亮的眼，根本就是个小妖孽。【MD电影短评怎么字数限制这么短！】,2011-05-31 21:59:48
1262,86,老鸡｜扶立,力荐,周星星电影中最喜欢的一部,2008-01-10 16:52:45
1263,86,冉_S2,力荐,那时候的她无论多少流言蜚语都无所谓,2011-01-12 19:56:39
1264,86,大宸,推荐,我养你啊！,2006-07-18 14:18:42
1265,86,进宝,,“哇你怎么穿成这样啊？你不是演主角吗？不管你是主角也好，跑龙套的也好你都要养我一辈子的啊！呐，试试，看合适不合适？哇红色的，唇膏印啊，你去鬼混啊！呐，这次我放你一条生路啊，再有下次，我不给你饭吃。走，走啊。看什么看？不服气呀？打我呀，笨蛋！ ”,2013-05-23 00:19:57
1266,86,大头绿豆,力荐,星爷最好的三部电影之一。,2005-09-04 11:41:53
1267,86,missfaye,力荐,“我是一个演员”，我最爱的周星驰作品，笑得流泪,2005-12-13 23:06:02
1268,86,暖鱼,还行,失望！太想真诚，倒显得做作了,2006-05-01 02:27:50
1269,86,余莽,力荐,这电影我真是看一次哭一次；柳飘飘织着毛衣等尹天仇回来那场戏，小人物的爱卑微到连确认都不敢，只好扯着嗓门吵吵嚷嚷，害怕下一句他就会说：“我不要你了。”幸好尹天仇说的是“柳飘飘，我爱你。”,2021-12-22 04:33:42
1270,86,战国客,力荐,戏梦人生，笑中带泪，好作品,2007-06-24 10:27:05
1271,86,杜边生,,第一次在正规电影里看见女优服,2007-11-17 05:19:41
1272,86,Laputa,力荐,当他在豪车上回答“是呀”时，一定知道自己放弃的是什么。,2022-06-13 23:00:45
1273,86,bekey,力荐,不工作你养我吗？我养你啊！尹天仇对柳飘飘的爱就是这么简单又真挚，没有太多甜言蜜语，却一句让你温暖心窝。虽然事业屡屡受挫，但是不妨碍他那份对演员事业的热爱。喜欢他这种不怕挫折迎难而上，有机会会牢牢把握的人。但是，如果只为生计，有时候可能也要看方向的选择。但是尹天仇好像要追梦！祝福！,2018-03-28 10:38:31
1274,86,Q。,推荐,以前看的时候，电影里真正隐含的意思我都不懂，但当我慢慢长大，经历的东西越来越多的时候，再回顾这些，我能领悟到星爷电影里人生的真谛，同理也可以套用在《大话西游》。ps，每次看到那句“我养你啊！”都会毫无疑问的飙泪。★★★★☆,2010-06-03 17:01:20
1275,86,胡子,推荐,“去哪里啊？”“回家。”“然后呢？”“上班咯。”“不上班行不行？”“不上班你养我？”“嗨！”“又怎么了？”...“我养你啊。”“你先照顾好你自己吧，傻瓜。”接着张柏芝在计程车上哭成泪人，这一段真是演得太好太好了。,2014-05-22 13:34:56
1276,87,凉公子,,我天天来学校看你们糟蹋自己。。你以为你能进乐队，能当模特？NO，最后你只会被人操完就扔。。。这话从一个老师嘴里说出来真是太刺激了，我当年为什么只把这话埋在心里而不敢直接对学生说出来啊。。说了的话自动卷铺盖走人吧啊。。,2014-08-23 14:04:26
1277,87,亚比煞,推荐,少年时，我们都自私无知，夸张那些伤痛来当作放纵的借口。只知依赖不知自救，只知索取不知珍惜。打架，滥交，还自以为是看透了生命，绝望的很酷，其实肤浅的令人发指。孩子，什么时候你开始沉默的承受加诸你身上的重量，尊重它并与它和平相处，你才真的能称为一个大写的人。,2012-06-03 14:00:11
1278,87,柏林苍穹下,力荐,“我的灵魂与我之间的距离如此遥远，而我的存在却如此真实。”——加缪,2012-05-05 23:29:51
1279,87,匡轶歌,力荐,一次次泪倾，哭到胸口抽痛、难以呼吸。当我们感到需要暖意，首先要学会的，是彼此拥抱。穷尽一生，我们要学会的，不过是彼此拥抱。只因“一个人可以轻易地学会不在乎，但学会在乎，却要付出百倍的努力和勇气”，再不要独自一人穿过灰暗暝寂的暮色，在摇摇欲坠之前，在生命荒芜心脏冷却之前，彼此拥抱。,2012-04-26 21:56:43
1280,87,linsang,推荐,这是一部不推荐看的好电影。没病的都要看出病的。好的作品分两种，一是发现世界的极美，二是挖掘人间的极苦。这部就是后者。,2012-06-02 19:45:40
1281,87,Q,力荐,看过后很奔溃。这世界上最简单的事可能就是漠不关心地生活。因为一旦当你开始关心起别人，无论是多小的一个举动，都需要勇气。而detachment地生活，其实才不需要什么勇气和决心。我有段时间很自闭，觉得孤独地生活，一定是坚强的人才敢去做的事，而其实呢，这样的人才是最懦弱的吧。,2012-06-02 20:27:45
1282,87,亵渎电影,力荐,电影最后只留下冷漠与残酷，你根本无法从这一切中超脱，过去和现在，精神和肉体，理想和现实，教育和未来，与现实对抗相比选择冷漠并无视一切显然更简单。拿自暴自弃当成个性标榜，就像把自己搞得越叛逆越惨烈就比其他人更强大一样。这部电影的杀伤力太大了，没有给你一丝缓和情绪的机会！★★★★★,2012-05-02 03:58:11
1283,87,李卡,力荐,当电影全部播放完时，影院灯光亮起，那一刻我甚至觉得这个坐着千人的场子里的空气是凝结着的，每个人都很小心地呼吸着，被那绝望深深所震撼。,2011-10-28 23:01:33
1284,87,彌張,力荐,我们不一样，我们都一样。,2012-04-29 20:20:10
1285,87,大头绿豆,力荐,勿被片名误导。此片充满无处不在的郁抑及沉重。所有人对自己都毫无办法。指望他者解救自己的苦难永远只是一时，因他自顾尚且不暇。即使慈悲到收留你，也有天要离开。总之，就像那位代课教师一样，此片只是给了一个若即若离的拥抱，并未试图解决片中人物或观众的任何麻烦，但无助的人，会被无情击中。,2012-07-01 01:06:35
1286,87,根,推荐,长得像圣徒也蛮惨的，所有人都期待能从他那里得到救赎。我也好想被他拯救哦,2019-09-29 22:01:34
1287,87,LORENZO 洛伦佐,推荐,每个人的内心都是一座孤岛，人的心有多深，深到让别人无法试探的地步？教育和生活其实一样，教育者既可以超然物外，也可以放下防备与被教育者心灵交互。讽刺的却是，超脱既可以赢来尊敬，也一样能扼杀心灵。Adrien Brody终于跳出了烂片的泥潭，用忧郁气质和演技，再次将人性的考量重重甩在了观众脸上。,2012-03-09 16:31:46
1288,87,Doublebitch,较差,“一切都会好的”已经欺骗不liǎo我了,2012-05-07 22:02:17
1289,87,饭团,力荐,每个人活着都必须面对内心的Chaos，如同透明人的存在，太多力不能及的无奈，不被认同的价值，被遗弃的苦楚，无法得到回应的感情。影片无数次提到，“每个人都会有自己的问题”。这也是我安慰人时最常说的话。凭靠它，我走过了很多路。可该怎么解决内心的Chaos，我仍然无解。,2012-02-25 07:08:02
1290,87,小斑,力荐,这部电影撩死了姐久违的厌世情绪（从值得褒奖的角度说的）。萝莉大叔之间的救赎之爱又很治愈，搞得姐要死不活（仍然是in good way）。个人风格非常强烈，影像形式非常自由，但信息传递得十分清晰。这很难得。姐真心觉得AB很帅的（好吧，我是马脸大叔爱好者），就是这长相注定演不了让人开心的电影,2012-03-03 06:37:58
1291,88,眼角的花朵,力荐,婆婆，对不起，不是我不喜欢跟你讲话，只是我觉得我能跟你讲的你一定老早就知道了。不然，你就不会每次都叫我“听话”。就像他们都说你走了，你也没有告诉我你去了哪里，所以，我觉得，那一定是我们都知道的地方。婆婆，我不知道的事情太多了，所以，你知道我以后想做什么吗？我要去告诉别人他们不知道的事情，给别人看他们看不到的东西。我想，这样一定天天都很好玩。说不定，有一天，我会发现你到底去了哪里。到时候，我可不可以跟大家讲，找大家一起过来看你呢？婆婆，我好想你，尤其是我看到那个还没有名字的小表弟，就会想起，你常跟我说：你老,2008-06-29 12:20:53
1292,88,根,推荐,“电影发明以后，人类的生命至少比以前延长了三倍”，当我觉得自己已经看了两个小时，一拉进度条发现才过了三十几分钟的时候，我深刻地理解到了这句话,2017-12-14 10:26:31
1293,88,momo,推荐,如果电影都是过生活，那我们就过生活就好了,2009-01-02 18:01:36
1294,88,亵渎电影,力荐,我这样说好了，你不在的时候，我有个机会去过了一段年轻时候的日子，本来以为我再活一次的话也许会有什么不一样，结果还是差不多，没什么不同。只是突然间觉得，再活一次的话，好像真的没那个必要。真的没那个必要……★★★★★★,2009-07-21 00:36:10
1295,88,萨嘎摩多熊猫桑,力荐,从一个婚礼开始，到一个葬礼结束。,2009-02-17 21:09:18
1296,88,水湄物语,力荐,年轻的人无法解读的一种电影,2005-11-27 17:16:32
1297,88,影志,力荐,“自从电影发明以后，人类的生命就至少延长了三倍” “本来以为，我再活一次的话，也许会有什么不一样。结果还是差不多，没什么不同。只是突然觉得，再活一次的话，好像，真的没那个必要。” “你自己看不到，所以我拍给你看。” “没有一朵云，没有一棵树，是不美丽的。” “我觉得，我也老了…”,2014-07-04 11:19:48
1298,88,巴喆,力荐,《一一》被法国媒体形容为“生命的诗篇”，透过电影传颂吟唱，在叙述一则简单的家庭故事时，真正触摸到“情感的精髓”，以四两拨千金的娴熟技巧交待了少女心事、童年困惑、事业危机、家庭纠纷，以及对宗教的慨叹和对时事的讽刺。9.7,2012-02-17 17:57:02
1299,88,晚安小姐,力荐,我看到了一生,2006-04-08 09:46:35
1300,88,王小札,推荐,"1.人们越长大就越看不到自己的后脑勺，
所以影片也选择性隐晦了故事的另一面:
洋洋湿漉漉笑着是被暗恋的女生救了，
胖子是被莉莉诱导杀害了自己的老师。
2.医生让全家人给病床上的婆婆多讲话，
妈妈哭着说她发现自己每天讲的都一样，
早上做什么，下午做什么，晚上做什么，
几分钟就讲完了，她觉得好像白活了。
3.儿女的情窦初开与父亲的初恋复燃，
用神奇的蒙太奇手法重合交织在一起。
4.雷电在亿万年无数次的击闪中，
诞生了一切生命的最基本单位氨基酸，
正如我们在无数的邂逅与接触中，
而在一瞬间大脑会爱上另外一个人。
某种意义上，两者都是在一刻发生的事。",2021-09-11 23:49:53
1301,88,微挺,力荐,你知道的太多了 其实 杨德昌很像小波，那么的冷静和尖锐，你看完以后永远不记得他说了什么故事，却一直记得他的句子。,2008-12-23 19:24:20
1302,88,大奇特(Grinch),推荐,以一大家子来表现整个人生，从婚礼到葬礼，一切都是轮回。许多事物我们只能看到它的一半，另外一半需要别人帮我们发现。,2009-02-06 00:38:15
1303,88,Henry,力荐,用三小时去看懂人生，看不懂，活下去就会懂,2012-08-23 11:23:41
1304,88,床前明月光,较差,"太文艺了,受不大了",2011-04-07 04:41:54
1305,88,战国客,力荐,杨德昌获嘎纳最佳导演奖的影片，近三个小时的影像细腻而漫长，其间没有大起大落，只是一直温和的诉说，可看这平淡的真实，却叫人沉重起来,2007-07-06 12:15:18
1306,89,Nakedself,力荐,再没有什么比一封吼叫信更叫人晕菜了！,2006-05-17 15:59:27
1307,89,Sophie  Z,力荐,邓布利多说：让我们成为哪种人的并不是我们的能力，而是我们的选择。,2010-11-24 16:46:46
1308,89,Kreuzberg,推荐,最最最欢乐的一刻是当邓布利多宣布取消考试、全部学生都高兴地拍掌的时候，赫敏幽怨地说了一句：No~。,2011-08-11 14:35:14
1309,89,熊✌🏻,力荐,那时候看电影才9块钱！,2012-03-24 13:28:58
1310,89,Alain,还行,年轻的伏地魔站在密室中间冷眼旁观已成为影史最尬战斗场面之一。,2016-02-26 23:57:47
1311,89,约翰迈克莱恩,推荐,邓布利多那句：“让我们成为哪种人的并不是我们的能力，而是我们的选择。”重温发现这句话简直是哈利波特的点睛总结。,2019-03-10 19:37:29
1312,89,张苑希,推荐,“让我们成为哪种人不是因为我们的能力，而是因为我们的选择”。即使是在魔法世界里，阶级、出身、血统的歧视差别也是无处不在的，不过作为儿童文学其中表达的情感基调还是很正面的。青年伏地魔甚是亮眼，主角三人团也很有爱。,2017-11-26 19:00:51
1313,89,同志亦凡人中文站,力荐,如果一直能由哥伦布导演，那哈迷该多幸福啊...,2012-07-20 19:54:41
1314,89,木由,力荐,重温有个好处，就是能发现很多从前没注意到的小细节。例如金妮见到哈利一声尖叫，例如弱鸡的罗恩二话不说掏出魔法棒攻击对赫敏出言不逊的马尔福，例如哭泣的桃金娘的回忆。坏处就是以现在的眼光看总觉得伏地魔输得憋屈，最后的决斗也打得像过家家。,2018-08-07 06:07:59
1315,89,友邻广播,力荐,snape越看越可爱。这部好多梗哈哈。,2011-05-28 00:24:39
1316,89,Immortals,力荐,“让我们成为哪种人并不是我们的能力，而是我们的选择”——邓布利多,2021-01-26 23:21:48
1317,89,不差楼的小学生,还行,3星半，比哈1加半星，我最不满意就是电影根本都没把要讲的事情讲清楚。如果时间不够的话，变身高尔那对胖子不知道有什么必要描述那么详细，完全是主次不分。金妮的事情根本就没有讲，完全是最后一句话交待，太无语了。,2012-05-19 00:22:02
1318,89,026后勤仓库,力荐,重温。第二部最大的细节就是在一切结束后，赫敏回归时和哈利拥抱，和罗恩握手。小时候并不觉得什么，长大后才发现原来对于心中的认定的好朋友不会在意自己的行为，没有过多的想法，而对于心中在意的人却极力克制自己的行为。也是为后续赫敏和罗恩在一起埋下伏笔。,2022-07-20 15:10:30
1319,89,依.然.饭.特.稀,力荐,"好好看啊！！！以前我真的是瞎了眼了，，看着厚厚的书就烦，原来这么好看。　　好吧，我承认从现在开始我就是一位哈迷了。。　本集中Fawkes用眼泪为哈利治蛇毒的情景，好感人阿～～～　多比好可爱、好委屈阿，让人不由心生爱怜...　它的主人马尔福好可恶！！“Dobby is free!""",2010-01-19 21:43:29
1320,89,一只爱喵的汪,力荐,哈利去救珍妮的时候，自己都快死了，还能温柔地跟她说没事，你快走。再想到珍妮叨念了哈利一个暑假，哈哈哈哈哈我的少女心。,2024-10-18 22:35:46
1321,90,Lan~die,力荐,"非线性的叙事电影的代表作。结构巧妙而富有深意，精彩的对白。片中每个人的身上都有着美好的品质，却都无可救药的走向了黑暗与迷茫。各个段落不分首尾，互补结构，开头和结尾相连，暗示现实中类似影片中的情节总在发生，永不停歇。
台词：为什么我们一定要不停地说废话来维持气氛？只有当你找到一个真正特别的人时，才能闭嘴享受片刻的沉默。",2008-04-09 02:30:16
1322,90,红豆♥,推荐,不要在上厕所的时候看书  不要过量吸毒 不要把枪放在厕所门口,2016-12-18 00:53:18
1323,90,野格琢光年,力荐,"我以为爱上厕所的Vincent是主角，一次拿枪指人一次被人指，没想到挂了；我以为爱撩汉的Mia会和Vincent偷情做爱，没想到吸毒过量休克，更没想到的是居然救活了；我以为爱背圣经的Jules会冷酷到底，没想到两次念完圣经后一次杀人一次放人；我以为总被恶梦惊醒的Butch在得瑟的拿回手表后会死在家里或者吉他店里，结果居然反杀所有人；我以为掌控一切的老大Marsellus会笑到最后，没想到绿帽子带着还被fuck ass（Butch推开门的瞬间不仅仅是Marsellus的心理阴影，也是我的心里阴影）；我以为誓死不工作的Pumpking和Honey Bunny会像雌雄大盗，没想到只是一对傻逼。
为什么每个人的结局都跟我想的不一样？？！！！！！",2019-12-19 23:27:04
1324,90,大头绿豆,力荐,我爱特拉沃塔的舞。,2005-06-12 02:22:07
1325,90,乡村名媛狗小剩,,據說導演把膠片剪成撲克牌，洗了牌重新組接，影片就變成了我們看到的樣子。學會了fucking的37種語調。,2005-11-04 10:56:28
1326,90,南桥下午睡,力荐,你的漫漫人生，我有多少戏份,2010-05-06 12:06:41
1327,90,冴木,推荐,文森上了三次厕所，每次都出事,2021-08-23 04:22:42
1328,90,开膛手贝塔,推荐,乌玛瑟曼太惊艳了，vincent读的书叫做modesty blaise，讲述一个跟jude一样的圣经演说癖的杀手的故事，every time he goes to the bathroom，bad things will happen。,2010-12-01 10:00:37
1329,90,小波福娃,力荐,怎么会有人说这部电影不好？五年间我看了至少六七遍，它是这么好玩而且嚼劲十足，开心得让人觉得在读一本好小说，昆丁是个很赞的story teller，这不就够了吗。,2007-09-10 17:38:01
1330,90,朝暮雪,推荐,所有新人导演都该去向昆汀学学怎么讲故事。,2012-08-18 01:15:11
1331,90,今天小熊不吃糖,还行,一边聊天一边看，最后发现我竟然没看懂……反而特想吃汉堡……,2008-12-09 21:20:22
1332,90,Pomona,推荐,你在一个故事里是主角，换去另一个故事里搞不好是一出场就被干掉的龙套，好玩,2023-03-13 23:31:17
1333,90,影志,较差,没啥感觉的公认好片。,2010-12-14 11:10:41
1334,90,Over5,力荐,低俗故事的高级讲法,2007-02-06 11:07:15
1335,90,ζωήιδ,力荐,事实证明，编剧恒大于结构。玩弄技术者必将悲惨淹没于日新月异中，新潮变做作，做作变老土。演员都是熟人，OST很好听。Travolta有点PITT的味道，昆汀大叔妒嫉他，竟把他写死了。讨厌拳击手，暴菊黑屋子太搞了。。Maria deMedeiros甜美性感小魔女——不是LES太可惜！,2009-10-31 12:17:38
1336,91,艾小柯,推荐,一个与同胞兄弟轮流上台享受欢呼与掌声，一个自我牺牲自我毁灭让复制品延续艺术生命。人性泯灭在狂热之中。,2006-10-29 11:33:52
1337,91,伊宜以忆,力荐,孪生蝙蝠侠大战克隆金刚狼,2009-08-07 00:23:23
1338,91,卷阿黁,力荐,他选择了和他妻子一样的死法。100次。,2009-01-05 21:36:15
1339,91,城南草木生,力荐,诺兰是一个伟大的魔术师，谜底都在变小鸟那个魔术里了。。,2010-03-13 14:48:52
1340,91,xaver222,力荐,第二遍才发现其实那个小男孩说小鸟的时候已经道出了玄机 撒~撒~,2010-08-16 01:18:00
1341,91,扭腰客,力荐,金刚狼到头来还是被蝙蝠侠给算计了~！,2009-02-02 09:36:02
1342,91,私享史,推荐,本片最大的看点其实是用Angier和Borden的幻术竞争来影射历史上Edison和Tesla的直流电与交流电之争。《记忆碎片》、《致命魔术》和《盗梦空间》基本上一个套路嘛。如果Nolan拍片子总是用这种捣蒜的方式讲故事的话，看多了真觉得没啥意思了。,2011-02-05 19:35:42
1343,91,葱,推荐,黑寡妇勾引完金刚狼勾引蝙蝠侠，最后玩腻了一走了之,2012-06-01 04:08:53
1344,91,大头绿豆,力荐,一种叫做牛逼的感脚淋漓尽致。,2010-03-08 03:53:25
1345,91,束,推荐,这个片子有两个败点，其一：模式天才的胞弟出现太过唐突，显得有些老套；其二：用科幻成分作为支点，略显编剧底气不足。不过整体看来，属于上乘之作。,2009-12-18 02:55:55
1346,91,亵渎电影,力荐,重点是你从一开始就渴望被剧情欺骗，当你彻底陷入一场骗局，你看到的只是导演想让你看到的，这也是影片的伟大之处。诺兰对于观影情绪的把控和希区柯克是同一级别的！★★★★★,2011-09-17 04:58:47
1347,91,enthusiast,力荐,"牛逼的导演用的是情节去告诉人细节,而不是台词 咱普通人也是一样 想牛逼就要做到这种境界 不说话同样让人佩服的要死!!!",2006-09-20 15:23:42
1348,91,根,推荐,克隆出来的Hugh Jackman别杀啊，给咱一人派一个啊……,2017-08-30 10:14:01
1349,91,Lan~die,推荐,人类的历史是斗争的历史，斗争的历史是牺牲的历史。现实残酷又悲惨，比起真相，人们更需要奇迹和魔法。我们每天杀死自己，我们选择被愚弄。  诺兰：“《致命魔术》拍得比较仓促，因为制片方希望能够赶在06年内上映。虽然我做到了，但如果有更多时间，这部电影会更好。”,2008-07-12 19:58:08
1350,91,撕撕撕,推荐,大卫鲍伊真是特么大彩蛋啊啊啊!!!,2010-12-25 16:15:27
1351,92,淡淡淡蓝,,我每天到你家接你，我们出去喝酒笑闹，那很棒但我一天中最棒的时刻，只有十秒，从停车到你家门口，每次我敲门，都希望你不在了，不说再见，什么都没有，你就走了，我懂得不多，但我很清楚。,2007-05-19 00:30:38
1352,92,城南草木生,推荐,我每天到你家接你，我们出去喝酒笑闹，那很棒是我一天中最棒的时刻，只有十秒，从停车到你家门口，每次我敲门，都希望你不在了，不说再见，什么都没有，你就走了，我懂得不多，但我很清楚。,2010-01-14 19:09:28
1353,92,A-sun*,力荐,经历没有埋没我的才华，却抹杀了我应有的自信，我被吓坏了，成长出一腔的狂妄自大，我赖以这种方式保护自己，终于等到一句：这不是我的错。,2010-05-22 23:36:57
1354,92,私享史,推荐,能够做自己的心想做的事，菲尔兹奖又算个什么。抄三句台词。1.你花一万五所受的教育用一块五就能在公共图书馆得到。2.你没离开过波士顿，问你艺术你可能会提出艺术书籍中的粗浅论调，有关米开朗基罗你知道的很多，但你不知道西斯庭教堂的气味，你从没站在那儿看着美丽的天花板...问战争你会引用莎士比亚的话，但你从没接近过战争，看着好友吐出最后一口气...而你只是看了我的一张画就认定了解我的全部，你把我的人生撕裂了。3.I'm proud of what i do. It was a conscious choice.,2009-09-14 00:20:58
1355,92,亵渎电影,推荐,我每天到你家接你，我们出去喝酒笑闹，那很棒但我一天中最棒的时刻，只有十秒，从停车到你家门口，每次我敲门，都希望你不在了，不说再见，什么都没有，你就走了，我懂得不多，但我很清楚。,2010-03-11 04:12:33
1356,92,ζωήιδ,推荐,心理学教授明显的INFP，数学教授则有些INTJ。至于天才少年大概是INTP。有些人天生就幸运，拿了一手好牌。而大部分的我们却只能努力把自己的烂牌打好。如果你可以自由选择做任何事，你会做什么？也许那才是你真正想做的——如果说天才类题材有其现实意义的话,2010-01-19 15:05:40
1357,92,眠去,力荐,你年轻彪悍，我如果和你谈论战争，你大可以向我大抛莎士比亚，背诵“共赴战场，亲爱的朋友”，但你从未亲临战阵，未试过把挚友的头拥入怀里，看着他吸着最后一口气，凝望着你，向你求助。不要以为，我了解你。也许我可以通过“知识”来看你，但那不是你，除非你愿意谈谈你自己，否则我不知道你到底是谁,2009-05-17 19:47:18
1358,92,林||我们谈什么都像谈死！,推荐,"居然是Gus Van Sant的片子.本和达蒙的剧本不错,“你不了解真正的失去，唯有爱别人胜于爱自己才能体会。”""我若跟你谈美术,你只能引用美术专著空谈理论,但你连梵蒂岗的气味也不知吧,你没试过站在那儿,昂首眺望天花板上的名画吧;如果我问你女人的事,你大可以向我如数家珍,但你没法说出在女人身边醒来时,那份内心的真正喜悦;我如果和你谈战争,你会向我大抛莎士比亚,朗诵十四行诗,可是你从未亲临战争,未试过把挚友的头拥入怀里,看着他吸着最后一口气,凝望着你,向你求助.我问你何谓爱情,你可能只会吟风弄月,但你未试过",2007-12-15 02:05:02
1359,92,桑娃儿,力荐,人生中应该拥有这样的一段豁然开朗。,2010-09-16 01:13:43
1360,92,Q。,推荐,“我们的小缺点让我们找到对的人。”没有谁是完美的人，最亲密的人就是能够完美的接受对方的不完美。在那个年代，有许多这样的励志影片，或许现在回头看会觉得俗套说教，但精致的对白，动人的配乐，达蒙与罗宾的飚戏，始终会有抓住你的地方。生活有時候只是一种伪装，真正的声音源自我们内心。★★★★,2010-12-16 16:00:36
1361,92,天亮天黑,推荐,“我每天到你家接你，我们出去喝酒笑闹，那很棒，但我一天中最棒的时刻，只有十秒，从停车到你家门口，每次我敲门都希望你不在了，不说再见，什么都没有，就这么走了，我懂得不多，但我很清楚。”,2011-02-20 21:30:12
1362,92,米姐起飞,力荐,当他作为清洁工演算全世界只有两人懂解答的方程式，当他在酒吧用丰富历史知识与清晰逻辑思维对敌哈佛学子，当他恋爱与女主角吃饭时接吻，被子里缠绵，当他坚定地说我不爱你，当他遇到心理学教授，当他口出狂言，当他说起飞机趣事，当他痛哭，当他大笑。这是个没法让人不着迷的男人。,2010-04-30 14:12:51
1363,92,su27根本就没有,力荐,学过数学才能真正理解跟天才的差距啊,2010-12-18 20:28:37
1364,92,欢乐分裂,推荐,如重温《死亡诗社》般暖煦然又怅然，在自以为是构筑的小世界里提前一步拒绝他人以求自保，错把愤世当勇敢，误认理论是现实，幸而总有鸟儿为你歌唱；世界从不公平，天才的碾压非凡人企及，可这份孤独须得匹配之人解锁，幸运的青葱少年在特写镜头前明亮得如清晨朝露。,2018-05-13 21:24:42
1365,92,马自挂,力荐,这个世界总有对不起你的时候，这让你好像除了防御之外再也做不出来任何动作，不知道我们到底要体验多少才能懂得一个很简单的道理，不知道要过多久要靠多少机缘巧合，才能有一个人对我说：it's not your fault,2012-09-07 21:05:10
1366,93,花非花,推荐,所有人都陪你玩，你好牛逼,2010-07-22 16:41:37
1367,93,我做导演不为艺术只为潜规则,力荐,非阴谋结局 泰迪确实病了 最后泰迪是被治好了 但他不愿活在痛苦中 因而假装自己又犯病了而去做切除手术,2010-07-07 13:24:07
1368,93,大奇特(Grinch),较差,"情节至1/2处结局已很明朗,我总在期待马丁能峰回路转,可我失望了.拍摄手法难以让人进入状态,跳跃幅度太大,从现实生活到幻觉的剪接、与幻想人物对话...尽管结尾主角的无奈显得能让人动容,但马丁对悬念的铺陈还是欠妥.这种开放式结局别去推敲主角是否精神病患了,否则你会和他一样抓狂...",2010-03-19 20:40:26
1369,93,Doublebitch,力荐,他到底会像怪物一样活着，还是会像好人一样死去呢？,2010-03-24 00:35:40
1370,93,卷心笋,力荐,结局是开放式的，随便你怎么演绎都有理。所以大概不能断定说看到一半就猜到吧。,2010-02-19 22:00:24
1371,93,橘猫爱吃鱼,力荐,所谓禁闭岛，不是因为这个岛屿被禁闭而对外失去联络，其实还是在讲内心的禁闭吧。,2018-05-29 07:38:46
1372,93,陈允然,推荐,高中的时候曾和同桌讨论过。如果全班一齐撒一个谎可不可以把班主任搞到精分。,2010-03-26 13:42:18
1373,93,养羊飞行日记,力荐,史上最倒霉精神病院院长，精心策划的剧本杀项目失败，还赔上了一辆百万豪车。,2021-08-10 19:18:53
1374,93,Farrarrah,推荐,好吧，其实这是部*绝*对*不*能*剧*透*的电影。恩！,2010-03-13 00:29:10
1375,93,亚比煞,力荐,世界不在我们之外，它就在我们之内。每个人都是精神病，整个世界都是幻觉。你愿意活在一个怎样的世界里？那就为你自己造一个那样的世界，并且相信它，然后你就幸福了。,2011-05-12 10:49:57
1376,93,SLT,还行,"昔日翩翩少年,今日大腹便便!",2010-03-17 09:08:44
1377,93,🌊,力荐,如果只是把这个电影当作一个悬疑片看，那么看到最后你很有可能会觉得俗套并且索然无味。对于我来说，这更像一个寓言电影：充满了爱，恐惧和感伤。主角是不是病人已经不重要了，也许作者本人就是个唯心主义者。,2010-06-10 01:05:21
1378,93,godzilla,力荐,莱昂纳多饰演的泰迪是一个让人同情的角色，我为他的命运而难过。这不是死亡，但这部电影表明世界上还有比死亡更糟糕的事情。,2018-05-22 19:38:12
1379,93,惑少大射天下受,推荐,他只是厌倦了，所以将错就错，结束了自己。,2010-03-21 03:38:34
1380,93,菠萝,力荐,如果现实才是恶梦，唯有一睡不醒,2012-06-13 14:04:50
1381,94,城南草木生,力荐,无论是现在还是在将来，疯人院和护士长化妆成各种形状潜伏在我们周围，飞越疯人院就永远有意义,2010-02-04 15:12:08
1382,94,树精,,Chief给我的启示大于墨菲。一旦打破缄默，那便是行动的语言。,2008-05-11 02:16:17
1383,94,Q。,推荐,“至少我试过了”  ★★★★,2009-02-02 02:57:53
1384,94,扭腰客,力荐,不可能飞越的，社会就是一个巨大的疯人院,2008-07-27 02:24:34
1385,94,[己注销],推荐,（８／１０）很久以前就在CCTV看到国内有个相似案件，某个官员把上访者说成是精神病就把他送进精神病院……,2011-10-05 22:14:22
1386,94,Zuschauerin,力荐,"上大学时候看的,几乎是我从理想主义变为现实主义者的转折点.""现实是沥青水泥马路,想在上面睬一个脚印,比登天还难"".",2008-05-25 11:37:25
1387,94,杜扬Seatory,推荐,为什么我联想到在7中的日子,2006-11-03 03:00:56
1388,94,Ridden,力荐,不自由毋宁死。,2008-01-02 16:54:18
1389,94,老鸡｜扶立,力荐,疯子如此可爱，正常人如此可恶,2008-01-10 17:09:36
1390,94,20个小明≯,推荐,高能神结尾，酋长举起盥洗台时莫名的感动…身虽死，但信念犹存！唤起大家对自由的向往才是最重要的，尼克尔森把这个虽不安分守己但是心地善良的角色演活了…口吃小哥那段真想掐死护士长，孩子发型多in啊！每位卡司的表现都很精彩，比精神病还精神病，特别是那位翻飞的大爷，您的舞步好喜感啊…,2012-11-24 18:54:54
1391,94,文泽尔,推荐,片末切除额叶手术和禁闭岛相似 尼科尔森的演出像是史楚锡流浪记中那位 酋长的存在 又有些类似绿里奇迹 但总体还是最接近肖申克救赎的原型——七十年代风浓郁 船上一段是为上扬气氛的最高潮 众疯人都是很有爱的小朋友 奇迹最终可以催生 反派除护士长外渲染不足 其实护士长是无耻之徒里的传奇毒贩奶奶！,2007-10-12 07:30:34
1392,94,小米=qdmimi,推荐,它拍出来就是为了被过度诠释的。,2013-11-18 00:19:01
1393,94,大头绿豆,推荐,"谁是疯子？
不试试，怎么知道呢？",2007-03-04 23:52:06
1394,94,九尾黑猫,推荐,我觉得还是挺恐怖的，但是没有传说中的那么经典,2009-01-18 01:01:43
1395,94,锡罐头,力荐,R.P.McMurphy对体制的挑战以脑叶被切除告终，他对自由的追求失败了吗？他所有的尝试都改变了——哪怕一丁点——“疯子们”的生活环境和心灵禁锢。关于受到争议的死亡，则是酋长对完整人格的高度尊重，代表另一个层面的自由。,2010-12-04 08:46:44
1396,95,纯粹逃亡,力荐,要读书不要婚纱，要投票不要私奔。,2024-12-28 04:11:21
1397,95,东北洪常秀,推荐,前面将家暴铺垫的那么深沉，不忍女儿重蹈覆辙甚至略微黑化，人物弧线很清晰，就是这样一个让人心碎的伟大女性，最后只用一张自己的选票来抵消她日夜经历的苦厄的生活，我实在难以接受，这对她来说，是一种塌方式的烂尾啊。好比我每天都要被电击1000下，最后给我的解决方案是给我换个木头笼子……,2024-03-27 00:03:39
1398,95,CUBY,力荐,我收到选票比收到情书还激动，我像情书一样攥紧选票，我穿上新裙涂上口红，我蓄谋已久昂首奔跑，但这次我不为爱情而奔跑，我为了自由为了权益奔赴明天。因为我知道情书曾让我身陷泥沼，只有选票争取来的权益才牢靠。,2024-03-13 00:15:47
1399,95,子戈,推荐,"结尾太巧了，几乎倒转了前面所有叙事。把一场疑似的为爱私奔，倒转成独立自主；把公公幽灵的阴魂不散，倒转成为垂死的父权制守灵；把反家暴的对于显性暴力的控诉，倒转成一种更系统性的抗争方案……

所以本片没有降格为《我经过风暴》，没有沦为《消失的她》之类的复仇爽片，而是拍出了一位女性的非暴力的、且不以任何一个具体男性为靶子的、企图进行结构性改变的真正的觉醒。

细节设计也都很棒。比如以歌舞段落替换家暴场面，为“暴力煽情”降温；比如口红为谁涂抹？又为什么擦去？以及最终以抿口红的嘴形唱歌，都是叙事奏效的一部分。

“今天我和所有人一起唱歌，因为我相信，参与就是自由。除了人人平等这个老观念，我没有保护自己的盾牌。”",2024-08-12 09:59:39
1400,95,Jonathan,推荐,意大利影后的导演处女作，成为了2023年意大利全国票房冠军，也是意大利有史以来票房top9的电影。黑白画质的上世纪四十年代的罗马，聚焦一个底层妇女的日常，家暴的丈夫、苛刻的公共、不听话的孩子、酸葡萄的邻居以及暧昧的美国兵，用意大利式的喜剧来表达生活的苦闷和悲伤，最后的结尾出乎意料，“我们像情书一样紧攥着我们的选票”。那一年意大利女性首次有了投票的权力，这部看似生活气质的片子内核其实是女性意识的崛起，这比起靠减肥取得成功的那种女性题材，高级太多了。（我没有映射）,2024-03-11 22:25:40
1401,95,momo,力荐,只有女儿才能一眼看到母亲,2025-01-25 23:50:45
1402,95,张大嘴,力荐,她没能奔赴由另一个男人决定的生活，但是还有紧紧握着的明天,2024-03-16 02:47:45
1403,95,肆空舟,力荐,我以为她是要逃跑，没想到她是去战斗！,2024-08-13 18:20:43
1404,95,圆首的秘书,还行,这个片子的感觉就是自己给自己绊倒了，为了藏一个事情，你就不能提前解释它甚至也不能暗示它，于是私人和公共性之间就形成了极大程度的断裂，而且从本质上说，国体公投和父权制之间也并非充分必要，投下国王并不会天然地实现真正的进步，该在的还都在，没宏大到点儿上。,2024-03-26 23:36:07
1405,95,Fantôme,较差,"散得七零八落一片子，妇女大众有了投票权和这个女人在家庭受迫害几乎可以说是没有任何关系，更不说用的乱七八糟的配乐和时而严肃时而吊儿郎当的调子。
整个看起来有一种黄金大碗里装可乐尝一口竟然是酱油的荒谬感，白眼翻上天。",2024-03-29 23:02:38
1406,95,Lalliem,力荐,知道为啥证件掉了么？因为女装口袋普遍设计太浅了，裙子基本没有口袋呢,2025-03-08 22:09:30
1407,95,博纳萧,力荐,原来家暴只是权力机关的隐喻。所以结尾不会是一场私奔。,2024-02-29 16:01:59
1408,95,blueeee,力荐,含着眼泪看看完的 喜欢自己剪裁的斑点上衣 喜欢把婚纱钱用作读书钱 更喜欢那封一直被以为是情书的选票 从一个男人到另一个男人从来都不是她的解放之路 女性的解放不是简单逃离某片土地就可以实现的 女主跑过修车铺时毫不停留的身姿是朝向自己目标的决心与勇气 “不愿过你那样的生活”的女儿是母亲的勇气和底气 她想让自己孩子知道 “也可以不过这样的生活”     本该享受革命解放成果的女性到底是被谁/什么背叛了？,2024-03-27 15:12:00
1409,95,狂犬吠墓,力荐,真正高级的女性电影 以轻松幽默的方式来呈现苦难的生活 最后我们都以为她会跟随爱人私奔 哪知道呀 真正的自由从来都不是逃离魔窟 而是为自己选择明天 因为还有明天！“我们像情书一样紧攥着我们的选票”,2024-03-23 15:05:51
1410,95,Fleurs.哼哼,推荐,"起初，我以为是一封故乡的召唤，接着我以为是一章旧梦的约定，后来我以为是一张远离的通行，原来的原来是一张自由的情书
沉默和逃避，对立和撕扯解决不了任何，只有反抗才有明天",2024-03-24 22:08:32
1411,96,岛,力荐,或许，我也应该用脐带勒死自己,2008-03-28 07:21:57
1412,96,Lan~die,力荐,我们每个人，都会幻想能够改变过去使目前的状态更好些，或者希望过另一种生活成为另一个人，这部电影反映的就是这种想法以及假如我们真这样做的结果。埃文不停的改变过去的选择，希望能够找到一个完美的未来。可事与愿违，往往导致更加悲剧化的结尾。人类对自己的认识一度忘乎所以，以为自己就是上帝，而最终仍将认识到自然的种种限制，但正是这种限制，体现了生命的意义、抉择和努力的意义。当我们回首往事，自然会对以往的错误感到懊悔，然而也正是这些错误、这些道路，成就了我们的个性；正是这些痛苦使我们感受到生命中的刻骨铭心。,2007-07-18 14:19:41
1413,96,小熊娃娃,推荐,"★★★★ (2004-12-17) 其实比起电影本身，还是更喜欢那段影评：“量子力学的平行多宇宙解释说，在交叉小径的花园里，总会有一条道路，让人们在生命中的每一个节点都得到幸福，在那条完全幸福的道路上，有且仅有一个你在行走。
这是多么令人宽慰啊，在每一次铭心刻骨的选择里，总有一个你选对了路，在茫茫的恒河沙数的宇宙里，总有一个你，终生幸福。”",2005-08-05 18:16:11
1414,96,发条饺子,推荐,都是我们至尊宝玩剩下的……,2008-10-13 12:52:10
1415,96,米姐起飞,力荐,每一次的选择已经是最好的选择了。改变未必是优化。,2007-05-09 00:50:04
1416,96,刘康康,推荐,剧情的细节设计过于完美，以至于反而是最基本的动机设计薄弱了些。我也很想像女主角最初质问男主角那样质问一下编剧：既然男主角真的这么爱女主角，爱到不惜勒死自己也要让她获得幸福的地步，那为什么他离开女主角七年，却甚至一个电话都没给她打过（而且似乎性生活也挺美满的）？,2012-10-20 22:51:48
1417,96,影志,推荐,命中注定的事情，释然去面对吧，放下过去，才有未来…即便你握着人生遥控器，也未必能遥出一个完美的人生。,2013-05-01 17:35:43
1418,96,爱吃面条,力荐,"十年后，再次跟姑娘一起看了这部电影，才真正看明白了。
剧情中最关键的点其实是男主和他爸的关系。全片中，男主修改时间线是为了救身边的人，那么他爸修改时间线是为了什么？答案就在最后。
因为男主的胎死腹中，一定会导致他妈的抑郁，抽烟，肺癌。所以他爸会为了救他妈，一遍遍回到他出生前，去修改这个结局。
但是这就会导致一个结果：只要男主出生，他就一定会遭遇后来的所有，他也一定会像父亲一样修改时间线，而最后的结局，也一定是他再次扼死自己——而这个结局又会被他爸再次修改，如此循环往复。
所以，终结这个循环的方法只有一个：他爸不再修改他胎死腹中的结局，接受这个事实。因为他明白了：这个儿子的死是必然的，任何努力都没用，都会让一切回到原点。
这就是为什么男主爸爸会说：你做不了上帝，孩子。这句话，才是电影的题眼。",2009-03-26 19:45:33
1419,96,韩小韩,推荐,人的命运被自己瞬间的抉择改变。,2006-01-08 13:02:54
1420,96,ⒹⓎ,力荐,"尽管有破绽,但是构思的巧妙和创新足以弥补,不能用科学的角度来分析艺术",2006-02-11 13:20:00
1421,96,暖鱼,推荐,过去能救赎吗？或只能放弃执念，放眼向前。,2006-05-27 14:02:05
1422,96,"""eMily""┆rehab",力荐,你本不屬于這個世界,2007-09-22 14:29:50
1423,96,Lucifer,力荐,绝对的经典之作，现在才发现男主角的了不起，他做了一个男人为他爱的女人能做的最了不起的事情——让她忘记自己,2010-03-24 16:37:03
1424,96,momo,力荐,这部片一定要看导演剪辑版！最后的胎儿简直震撼人心！！！然后还特地追了几个不同版本的结局，其实也挺各有千秋的！,2016-11-14 09:09:20
1425,96,亵渎电影,推荐,最后《Stop Crying Your Heart Out》想起，悲伤总算找到了出口，那个擦肩而过也许就是最好的答案，但过去的现在的将来的依旧无法被改变，Oasis的这首歌太绝了！★★★★,2011-03-15 06:13:08
1426,97,novich,力荐,没有一点刻意、展览、景观，老老实实地拍，可就是能抓人，令人反思——电影真的需要那些东西么？最后那个金鱼池的场景甚至带点禅意，又那么平凡朴实，让整个片子顿时通透明澈，怎么会这么好！,2010-11-28 01:02:46
1427,97,※尹,推荐,身体欠佳妈妈让孩子给疲惫的爸爸倒茶，富人爷爷给认真工作的爸爸丰厚报酬，富人弟弟和哥哥一起开心玩耍，爸爸赚了钱想给妈妈买电熨斗，哥哥想跑步比赛给妹妹赢得一双鞋，老师为经常迟到的哥哥求情继续上学，妹妹把心爱的鞋子让给另一可怜人家的女儿，这另一可怜的女儿把捡到的漂亮铅笔还给妹妹……,2017-08-10 08:29:59
1428,97,DizzyWhale,力荐,妹妹给正在为寺院磨糖的爸爸倒了杯茶，“怎么不给爸爸准备糖呢？” “你手边不是有那么多糖么” ”那怎么行，这些是给清真寺的，我们只是代为保管，不可以拿的“。,2013-03-11 22:11:08
1429,97,艾小柯,推荐,小演员表情无敌，故事朴素真挚，比赛一段过分煽情，结尾收得真漂亮。,2011-09-09 20:58:47
1430,97,亚比煞,力荐,去年从以色列乘车去巴勒斯坦，一过国界线简直是两个世界。犹太人的地方干净富裕，阿拉伯城市就垃圾满地，乌鸦乱飞。很多小孩子拿着矿泉水和粗糙的纪念品追着我们叫卖，都是长睫毛大眼睛很漂亮的孩子。晚上看新闻，巴勒斯坦又被战机轰炸死了70多个人，真他妈难受的什么也不想说了。,2012-11-15 20:37:23
1431,97,Zuschauerin,力荐,美丽而清贫的童年,2007-03-12 18:10:59
1432,97,暖鱼,力荐,看过电影中，表现得奔跑最好的。无声的奔跑。,2007-01-31 20:08:40
1433,97,一一,力荐,我又想捐东西了。,2009-09-11 14:45:32
1434,97,影志,力荐,最纯的电影,2006-01-08 05:03:09
1435,97,文泽尔,力荐,你说你像记录片，我选择相信。一切正如简介所言，一切也不超出这个故事，导演马基迪懂得，怎样将一个感人的故事讲好，并且也只将注意力集中在故事上。阿里的眼泪，以及获奖时无声的表情，最后的高潮部分相当感人，真是天堂的孩子才会有的演技，让人不得不去想像或许这真是一部真实记录片了，最美的奔跑,2010-12-18 16:29:07
1436,97,海心,推荐,这些故事那么熟悉，就发生在我身上。,2009-08-22 21:50:39
1437,97,芦哲峰,推荐,孩子的眼神动人；朴素的煽情极富感染力。结尾好，戛然而止，干干净净。,2012-02-04 21:39:49
1438,97,眼角的花朵,力荐,少年之爱，不染任何杂质，晶莹剔透。我认为这正是这部电影要表达的主题之一。当然，有尊严的活着，照样也能有如此安静而幸福的生活。影片给成人们许多看不到视角来观看这个世界,2008-05-31 15:41:13
1439,97,徐达多,推荐,这是不同于阿甘、洛奇、罗拉、安托万的奔跑，阿里的奔跑没有生死时速，只有动容的亲情。很喜欢导演最后的升格处理，将背景音效完全由阿里的呼吸代替，纯粹而质朴。片中一双球鞋的价钱竟然比不上一套文具，还好爸爸最后给善良的兄妹俩都买了双新鞋。还好，还好，是个还算“幸福”的结局。,2009-11-15 00:17:35
1440,97,哪吒男,推荐,导演对阶级差异的表现非常有意思，阿里一家已经穷苦到极致了，富人们在做什么呢？可以随便开除学生的教导主任，也算通情理；住独栋洋房的留守家庭，孩子懂分享，老人特慈祥。只是，片头骂阿里妈妈洗衣服用水太多的房东，在院子中间修了一个大水池，只为养几条金鱼，金鱼靠近阿里疮痍满布的双脚，摇摇摆摆，悠闲自在，这是电影的最后一个镜头。,2020-02-09 02:12:15
1441,98,Dude,力荐,《布达佩斯大饭店》，配得上太多赞美的词汇，但是电影最后的十几分钟，我内心感到了一股深刻却难以名状的悲伤，想了好久，也想不明白是为什么。走出电影院，感觉就像做了一场梦一样，似乎历历在目，却又难以言说。,2014-03-17 15:11:41
1442,98,亵渎电影,力荐,这不仅仅是一部电影，它是游戏，是童话，还是一件艺术品，将作者化的美学风格、形式感和怀旧的主题完美融合！无论从故事、剧作、主题和美学，它的辨识度都只属于自己，对于韦斯·安德森的粉丝，这是杰作！,2014-06-05 23:20:24
1443,98,江声走,推荐,打动我的是那位面对蛋糕切不下手的士兵。也许这是整部电影想要讲述的核心。,2021-01-07 23:16:28
1444,98,玑衡,力荐,非常好。像一杯温暖的热可可，做得如此甜蜜却又不轻佻，好多台词和段子都有所指涉，却又浑然天成，不像在掉书袋。片尾看到对茨威格的致敬，眼泪都掉下来了。自从好多年前看了Visconti的《豹》之后，这是第二部让我对“昨日的世界”充满向往的电影。,2014-03-22 12:05:29
1445,98,鸟仔,力荐,四重讲述空间，层层递进，宛如俄罗斯套娃。依次揭开，掏出一个如万花筒斑斓的昨日世界: 单线故事情节串起性格迥异的众多出场人物。场景切换如同梦境接力。现实与虚幻交织，严肃与荒诞同存，甜美和苦涩共生。整体观感相当有趣又十分充实。最后必须咆哮一句，满屏的演技帝甜得简直人神共愤！,2014-03-17 09:36:44
1446,98,唐小万,推荐,依然还是韦斯-安德森标志性的复古色调、悦耳配乐，神经兮兮的冷幽默。不像前作那么随意松散，《大饭店》故事紧凑、层层剥茧，而且居然有点“重口味”。也许只有韦斯-安德森才能把一个混合谋杀、越狱、械斗的故事拍得那么喜感。,2014-02-06 23:07:09
1447,98,朝暮雪,推荐,构图引起极度舒适。,2015-03-26 01:08:06
1448,98,文文周,推荐,刺激的色彩，独特的人物，湍急的镜头运动起飞的节奏，停不下来的爽与赞。对于这样的导演，不论多么细微的角色，演员都会愿意接受，因为最细微的角色，也有足够的个性，让观众记住。,2014-02-06 21:26:39
1449,98,艾小柯,推荐,一张寄往旧时欧洲的精致明信片，L’Air de Panache的味道充斥整个屏幕，冷幽默和由慢至快的节奏依旧，尾声的高潮之后迷漫着令人惆怅的尾香。逝去的终将逝去，这童话式的一瞥令人难忘。,2014-04-13 11:12:00
1450,98,毛,还行,原谅我从头到尾都没入戏........好吧我对Wes Anderson的确审美疲劳了........,2014-04-04 00:57:32
1451,98,Obtson,推荐,韦斯安德森招牌式的孤岛创作，虽然通过改变画幅呈现出“套娃”式的时间结构，但本质仍是自我封闭的。一切皆起源于布达佩斯大饭店，而一切又都收拢于此，整个故事都运行在韦斯那套独有的世界观轨道之中。我经常会盯着路边的红色消防栓想：它太像韦斯的电影了。,2014-04-08 16:35:23
1452,98,木卫二,力荐,他，还有她，就那样离开了，昨日的世界也不复存在。,2014-03-31 22:13:31
1453,98,黄青蕉,推荐,维斯安德森这是对称型强迫症末期了呀……我喜欢,2014-06-08 21:12:56
1454,98,Iberian,,"“His world had vanished long before he ever entered it, but he certainly sustained the illusion with a remarkable grace.”这句话说出来的时候我就想拜倒在WA的剧本下了，这句话无比精准的概括了整个故事和男主的一生，写的太美了。画面也美，就像给眼睛吃Mendl's的点心",2014-03-24 10:11:19
1455,98,牛腩羊耳朵,力荐,四重时空与讲述方式以及画幅的迷人结构【越靠近现在越狭窄间接】，主体故事全景描绘了欧洲战前文化褪色的最后辉煌【礼数，名画，家族】，作为见证者的Zero【移民】对依然消失的“精神家园欧洲”的怀旧感，以及对老电影的表演方式和镜头运用的模仿致敬，加上费因斯的精妙表演与卡司，安德森迈入大师门槛,2014-02-28 07:50:40
1456,99,亵渎电影,力荐,如果汉尼拜尔教授不整天嘴上念叨着吃人，和他共进晚餐一定是世界上最迷人的事情。★★★★★,2011-03-15 06:24:45
1457,99,Q。,推荐,所谓经典就是无论什么时候翻出来，都能让人回味许久，值得反复琢磨研究。其实小说本身并没有多么出彩，但安东尼·霍普金斯却超一流的演技诠释到了近乎完美的境界。★★★★☆,2011-01-04 10:49:50
1458,99,阿让,力荐,正是因为米国没有卤煮火烧和烩羊杂，就连爆肚、溜肥肠，酱爆肝尖，火爆腰花什么的都没有，所以作为美食家的汉尼拔很尴尬，常常为了一份食材而绞尽脑汁，大费周章，其实。北京欢迎你，大可满足你顿顿吃卤煮的愿望。,2012-09-08 12:05:09
1459,99,战国客,推荐,安东尼·霍普金斯的顶级表演~~,2008-03-18 14:04:59
1460,99,咖啡只喝速溶,推荐,T-BAG出现之前，安东尼大叔一直是我的绝对偶像。,2010-04-28 20:33:13
1461,99,Lan~die,推荐,“颇具匠心地将恐怖片与侦探片结合成一体，采用希区柯克式的悬念手法和现代恐怖片的心理分析，将观众引入了象征性的潜意识的世界。警察为了捉一名杀人狂魔而不得不求助于另一名杀人狂魔，这本身就具有强烈的荒诞与讽刺意味。影片一直在寻找人类社会的恐怖之源，最后得出了一个“由于秩序本身的问题造成的，反过来危及秩序的犯罪病例”的结论，这使得影片具有了一定的社会意义。”,2008-04-29 23:16:54
1462,99,故城,力荐,二十年后再看，注意力已不在汉尼拔和福斯特身上。福斯特与她导师之间的关系倒吸引了我。沉默的羔羊，其实是女主本人，而导师恰好是压抑她的那个人（影片中男权笼罩的心理暗示当然还有好几处），他的伪善表现在三个地方，一是在葬礼时，他回避将案情告诉女主，后来又伪善地跟她解释给自己洗白；二是在女主寻找线索时把电话打给导师，听到他已经动用特种部队去抓人了，才知道导师根本没把他掌握的案情进展跟她提及，也根本不信任她的意见；三是庆功会上，导师根本没有为她感到骄傲，反而意兴阑珊，提前离场了。这些细节，强化了女主沉默的羔羊的身份，如果没有汉尼拔的出现，谁会在乎这样“她”的感受，这也是整部影片成立的基础。第一次探监时，旁边“狱友”还用精液猥亵她，可是谁曾想，第二天汉尼拔便弄死了他，成全了两人的精神投靠。,2020-03-18 10:46:45
1463,99,趙小漁,推荐,親愛的朱迪，當時我還不懂人為什么會有那麼深沉的夢魘……,2008-05-04 17:34:07
1464,99,UrthónaD'Mors,力荐,棒就一字，看完后记住那句话“勇敢的克拉丽斯，如果有一天你的羔羊停止了尖叫，你会来告诉我吗？”,2007-08-25 17:27:59
1465,99,A L E X,力荐,手指触碰的镜头好美！,2012-10-26 23:28:19
1466,99,这位小孔同学,还行,为啥我觉得挺一般的啊。。。,2012-04-20 22:15:23
1467,99,办公室甜心,力荐,Jodie Foster太美了天哪我都要心动了！,2014-05-14 22:59:44
1468,99,眼角的花朵,力荐,面对阴险、深邃、睿智的眼神，面对善良、疑惑、稚嫩的眼神，我同时看到了一丝迷茫与矛盾，对人性理解上的茫然，对自己内心世界与离经叛道的行为的矛盾辩解，他们对自身性格的了解都是那么的缥缈，这也许就是两人吸引对方的共通点吧！,2008-06-24 16:51:32
1469,99,雨果,力荐,重温经典，发现现在多少影片借鉴了它。。。很喜欢沉默的羔羊这个隐喻，虽然我也不确定它到底暗示了什么。。,2016-12-19 13:01:14
1470,99,潘半仙,力荐,变态不可怕，可怕的是有文化有姿势的变态...,2011-06-04 00:07:01
1471,100,Yanisk,力荐,如果没有办法想起他什么样子，就试着想想和他共渡的时光。,2011-12-29 12:12:24
1472,100,魏无忌,力荐,战争电影No1，美利坚精神输出大片。,2008-07-06 23:23:52
1473,100,.Aмаиdα.,力荐,我心目中的永恒经典。不知道集结号借用了他多少情节。反正不少。,2008-03-30 23:21:14
1474,100,Obtson,力荐,真正意义的大导大片，开场的抢滩和结尾的瑞梅尔血战机位控制臻入神技，牛逼的主次特写像一位幸存的二战联盟老兵啐着唾沫在回忆戎马。瑞梅尔的残破桥头，米勒上尉的身后是无尽残阳，他的面前是这个略显荒谬任务的完结，他的面前也是詹姆斯瑞恩的明天。,2011-01-15 19:00:58
1475,100,影志,力荐,看到结尾Hanks无力地对着迎面驶来的坦克，内奔…过好此生，就是最大的“不辜负”。,2005-08-24 07:22:25
1476,100,寂地,还行,其实电影非常的棒，但是道理和萤火虫之墓地一样．因为实在太真实，让人难受．看到一半就缩到了角落里，再也不想看下去．,2006-01-05 00:20:43
1477,100,托尼·王大拿,力荐,那些近乎白描式的战役刻画，真实而震撼；米勒中尉不由自主颤抖的手，是那时每个如棋子般无法控制自己命运战士的写照；在更高层面上的人性与伦理的探讨，其实已经无关紧要。,2014-12-19 02:54:12
1478,100,###疼,力荐,"有一個小細節我很喜歡...將要下雨的時候..鏡頭給了湖水,葉子..水滴一滴一滴地落在湖水上,,之後變得密集..就好像槍林彈雨前的感覺,,,好佩服皮爾斯伯格對電影的構思和湯姆漢克斯的演技,,一部偉大的作品!",2010-12-04 18:06:38
1479,100,已 注销,力荐,给我打死那个翻译官,2021-01-25 22:04:07
1480,100,容安,推荐,厄本这个角色很有意思，懦弱，非常懦弱，还有一种可笑的浪漫和无知的善良。他才是你我他，对战争的残酷抱有一种可耻的畏惧，并对其有好心的幻想。可惜事实并非如此，战争就是你死我活，战争是考验勇气的时刻，而非善心。胆小的也许能活下来，但在战争中，你已经输了。而那些死了的勇士，他们才是胜利者,2011-02-28 22:41:26
1481,100,L.,推荐,为什么看中国战争片就感觉high得不行真想打一仗，看外国战争片就觉得战争真可怕和平多好啊。。。。再不在吃饭的时候看战争片了，太胸闷了。,2012-10-20 20:27:09
1482,100,边边,推荐,小狙太冷静了，太帅了！,2010-05-30 02:26:55
1483,100,霍尔顿狐狸振作,推荐,其实……我并不赞同这部片子所宣扬的精神……,2007-11-22 01:38:44
1484,100,瓜。相信这个世界很变态。,推荐,值不值得，什么又叫值得。,2008-08-09 20:23:31
1485,100,烬。,力荐,比血战钢锯岭高出10个段位。其实剧本还是很工整的，有些匠气的痕迹，但是节奏快慢的间歇拿捏的特别好，剧本台词超棒，细节对于人物形象的凸显到位。没有说教，没有煽情，只有人物与情节的推进，好电影。最爱战争前那段休息时刻，生死关头前的平静祥和，惨烈前的美好，最令人心碎。,2018-04-16 11:46:38
1486,101,ryanking1219,推荐,这片在20年前是多么得前卫出格阿！！,2012-11-23 22:07:48
1487,101,影志,力荐,“妈，同性恋的人能够在各方面合得来凑合在一起生活，非常不容易。所以我跟赛门都很珍惜对方。” 李安总能在边缘和传统之间找到恰到好处的平衡点，然后双双将我们击溃。,2005-11-09 04:58:09
1488,101,小M,推荐,爸爸肯定也是gay的嘛，多明显啊~Simon是多么理想化的同性伴侣啊！金素梅太像叶童了~我喜欢李安这个系列的电影，很回味~还有赵文瑄实在是太帅了！噢，薛绍~,2009-12-23 17:06:22
1489,101,劳永逸,力荐,父亲在片尾过安检的时候最终还是举起了双手。,2011-06-09 20:31:58
1490,101,米粒,力荐,李安那句酱油台词太霸道了，大家都没捅破的窗户纸就这样被他。。。可能是编剧有外国人的缘故，台词有点心灵鸡汤啊，不过一切都很完美，喜欢归亚蕾的表演，赵文瑄也确实巨小受哈哈哈。爸爸才是终极boss，不要小看爸爸！懂外语就是王道啊~~~感人的好片,2011-09-09 12:51:53
1491,101,小V,力荐,看到房间号1069我的玻璃心碎了一地...,2012-11-24 01:06:28
1492,101,放开那个浪味仙,力荐,李安总是善于在西方的文化背景下表现中国文化的细枝末节。被放大致喜剧形式所表现的那场中国婚宴，反讽了中国文化中对于性的压抑…而中国最传统的家庭、家族理念，也在这一场假结婚的风波中进一步深化。隐忍的情感，家庭中的冲突，最终在爱与理解中得到化解。接受了一切向前走，这终是一场喜宴。,2011-10-21 16:38:23
1493,101,黄青蕉,力荐,李安自己在里面演路人甲划重点敲可爱！“让你们见识一下中国人五千年的性压抑”哈哈哈哈哈哈,2016-06-10 00:07:21
1494,101,三坨土,推荐,伟同的父亲那句“我不让他们骗我，我怎么抱得了孙子”让我觉得非常可怕。这里面有一套我们日常生活中常见的父辈哲学：只要子女表现得让我满意，我不在意真正的他们是什么样。,2022-02-04 03:33:38
1495,101,Connie,力荐,赵文瑄处女作这个程度，让人惊叹,2006-01-18 22:02:21
1496,101,ᥫ᭡້໌,推荐,我现在挺同志，不是为了别人，是为了自己不成为同妻。,2017-02-14 14:16:38
1497,101,艾小柯,推荐,作为导演，李安在《喜宴》中的表现还略嫌稚嫩，电影中粗糙的细节比比皆是，远不及《卧虎藏龙》之后的精雕细琢；但从内容与情节上来说，这部我感觉却是李安最精品的几部电影之一：放了很多心血心思上去啊，对文化差异的刻画准确犀利而生动活泼。这部电影李安作为编剧比作为导演更成功。,2007-10-13 16:59:58
1498,101,玛奇朵,推荐,所以说，结婚的时候一定要搞清楚伴郎和新郎的关系。微虐慎入。,2012-11-23 21:17:33
1499,101,打蚊子的科学家,力荐,能把直男变弯，弯男变直的好片子。。。,2012-11-23 20:51:37
1500,101,bamboo,推荐,婚礼上一片狼藉的时候，有个中国人向老外解释：that’s the results of 5000 years of sexual repression，瞬间解释了咱们好多荒谬却无法改变的习俗,2013-11-26 13:10:11
1501,102,荞麦,力荐,“她这么辛苦种田就是为了每天这么吃啊？”“对啊，人生不就是这样吗！”,2015-07-21 17:36:36
1502,102,尘世之埃,力荐,真希望变成晨间剧啊，每天都想看到,2015-03-19 22:07:35
1503,102,MR.SANMAN,力荐,有人说装逼呀什么的 我人生就得加一味装逼,2015-03-27 20:02:29
1504,102,Essy,力荐,昨晚做草莓酱的时候，幻想女主上身。,2015-03-17 14:46:56
1505,102,小蛋蛋,力荐,多做一些好吃的，少讲一些大道理,2015-07-17 11:53:41
1506,102,巴喆,力荐,嗯，要细心，要有耐性，还要要守得住寂寞。当然首先，你要有块地。8.5,2015-07-02 20:06:49
1507,102,frozenmoon,力荐,舌尖上的日本啊。非常治愈，尤其在刚刚看完《疯狂的麦克斯4》之后接着看这部。这个世界上，可能也只有日本能拍出来这样的电影了。独立于地球的自我。一日三餐，周而复始，春播冬藏，这就是“日子”最好的解释。,2015-07-05 11:29:28
1508,102,哦豁,力荐,想做饭想做饭想摸菜刀想翻锅想捏面团啊啊啊啊啊我的厨魂已经熊熊燃烧了！！！！感觉村里地上随便啥草都能焯一下炸了吃掉¯﹃¯…,2015-06-29 14:48:52
1509,102,根,力荐,一个比较感人的细节就是桥本爱全程看起来都像是几天没洗头，确实一个人住的话也不太可能有毅力经常洗头了！,2016-12-21 23:08:37
1510,102,匡轶歌,推荐,完全抹去了互联网时代的痕迹，联络仅靠寥寥书信，甚至电视机的画面都不易见。人物们不玩手机不发短信、不上推特晒图朋友圈发吃，只自己默默耕种、收获、烹饪、享用。抱着电脑手机看了部片子就说日本农民很优雅？先别忙着叶公好龙、去浪漫化乡村生活。抱着审美心态，在任何地方都无法承受生活的真面目。,2015-06-28 16:23:57
1511,102,昏金暗玉,力荐,冬天所需之物，春天就得埋下种子。时间必不可少。某些事情绝不能做，一旦做了就成定局。我喜欢她不言不语接受一切，不言不语过每一天。少女啊心倔强，千锤百炼之后犹有不甘。冬雪化尽樱花开，冬天埋下的种子来夏再收吧，少女再次走进等待一切的黑夜。,2015-10-21 00:06:43
1512,102,乱子,推荐,故事的最后貌似告诉我们一个道理：宅在家里是找不到老公的。。（误）,2015-06-29 12:10:08
1513,102,黄青蕉,力荐,南豆腐用盐水煮过，放上煎熟的培根粒和日式酱油蒸熟，顶上带花的迷你黄瓜大概小指那么长，叽叽脆，跟豆芽鸡腿菇炒在一起，放红葱酱，热可可的杯口蘸一点盐，里面泡上棉花糖，来北京才吃到的硬皮柿子，一包沙甜，没有核，只有带脆的舌头，是最好的餐后甜点。我就是吃着这些看完了这部电影。,2015-11-19 10:33:37
1514,102,何倩彤,,用這種篇幅和耐性去舖展唯美生活，腳踏實地自然感覺微痛。更年輕一點的時候不明白為何治癒系作品的需求如此大。後來漸漸明白，人單單是活在社會中，僅僅是生存著，便會自然而然地，遭受傷害。最基本最簡單的成為奢求甚至不可能。小時候快樂很簡單，長大後簡單卻變成一件很幸福的事。,2015-11-22 17:21:14
1515,102,刀叢中的小詩,力荐,看完《小森林◆夏秋冬春》，感觉这才是我要的妹子，和我想过的生活。美食、节令、四时，在我的眼里慢慢清晰起来，以前读《清嘉录》才有过类似的感觉，人固然不能只靠数着时间过活，但可以随着节令和四季而活着，感受每一次花开，感受每一次雪落，除此之外，这一生中还有什么更重要的呢？！,2015-08-15 11:43:55
1516,103,艾小柯,还行,造型趣味，3D效果也佳，只是故事实在老套，人物形象也很脸谱化。,2010-07-20 14:50:20
1517,103,九尾黑猫,推荐,这个动画片再次证明了，不怕讲老故事，只需要有颗不老的心。打动人的是里面的小情趣，小可爱，小孤独，坚硬外表下谁都渴望一颗被温暖的心。真的远比toy3得我的心。,2010-11-30 02:23:43
1518,103,Quaikie魁克,力荐,比玩具总动员3还要好看，同意的点有用,2010-07-10 06:27:15
1519,103,桃桃林林,推荐,虽然很俗套，依然百看不厌。那黄黄的小豆子们怎么那么像雷曼兔啊。片中还有WII的镜头。真是又可爱又感动，三个小姑娘太亲切了，还有斯蒂夫·卡瑞尔的精彩配音,2010-11-20 11:52:51
1520,103,郭二,力荐,绝对史上top 5级别的动画片！！豆瓣评分不上9没天理,2010-07-11 23:48:05
1521,103,MiuMiu,力荐,太喜欢里面人物的造型了！！！里面那个扎冲天马尾的小女孩萌到我心都融了。。。,2010-07-13 23:23:58
1522,103,芦哲峰,还行,上九天揽月，不如给萝莉当爹。,2012-04-04 21:30:36
1523,103,Vespertine,力荐,那群黄黄的不知是什么的玩意儿很有爱的说～本片同时适合所有大叔控观赏：）,2010-07-14 11:38:50
1524,103,猪大腿,力荐,90/100。就冲着那个过山车你也得进一次电影院！小猫咪的睡前故事太萌了啊啊啊！！！,2010-07-10 18:53:14
1525,103,傻白甜,推荐,呐呐呐呐呐呐小黄人萌死了，声音简直魔性，还有小女孩也好萌啊，心都要萌化了,2018-02-12 22:31:59
1526,103,亵渎电影,还行,它的贱喜剧风格却是很搞笑，阿帕图家的这群配音演员也是个个喜感十足，但本片就差一个成熟的主题。好莱坞如今技术一家亲，硬件方面和别家看起了，幽默感甚至可以赶超别家了，唯独主题上的深度被人家远远甩在了后面，而且上映时间也在人家后面，只能怪环球公司的市场营销部门再次失策了。 ★★★,2010-07-16 09:57:47
1527,103,viennavirus,推荐,蒸汽朋克与极客宅男的较量，又拿比尔盖茨开涮，微软总部的鱼缸,2010-12-10 02:36:51
1528,103,Victor,力荐,"黑马,绝对的黑马!太好看了.笑点也太多了吧.",2010-07-10 10:14:30
1529,103,蛮爷,推荐,我也要生一个抱着腿甩都甩不掉的小丫头，再买个那种带动作的睡前小故事书，每天不听一遍不让她睡觉。,2010-12-08 18:50:21
1530,103,ponsitree,推荐,不知那些小玩意的玩具有没有上市，有的话一定去搞几个，太逗乐了。,2010-07-11 04:30:15
1531,104,鯨,力荐,这部片子里的孕妇和甄嬛传里的孕妇战斗力不是一个次元的,2016-08-21 00:14:21
1532,104,米粒爱肥内裤,,不以权威口吻说夸张点就吸引不了眼球：韩国电影又甩了我们十年。,2016-05-14 23:25:53
1533,104,同志亦凡人中文站,推荐,妈呀韩国这丧尸片一来就全民皆丧而且个个跑得飞快！套路齐全、概念明确的商业电影，有阴谋有人性有牺牲，最后剩谁一目了然。看别人都从好莱坞毕业了我们还在比妖塔盗墓谁更烂，我心塞...,2016-08-11 16:32:35
1534,104,zjj,推荐,这片最大的bug难道不是即使过隧道列车里面也有灯啊？,2016-08-25 22:09:47
1535,104,sherry124,推荐,这绝壁是散户在电影史上被黑得最厉害的一次……万恶的基金经理在收割韭菜后依然成了英雄……,2016-08-21 15:59:21
1536,104,饮歌,力荐,丧尸再也不是西方的专利了！韩国影人再一次向世人证明了他们非凡的叙事能力和精巧的借鉴本事。没有好莱坞式拯救人类的大英雄主义，多了的是人性的反思与情感的刻画。无论怎么看，这部电影都是亚洲影界的头一遭，五星鼓励！,2016-08-01 22:35:17
1537,104,Redux,推荐,气死我了，你们为什么不等天黑再出来?为什么?!?!?!,2016-09-12 21:17:12
1538,104,一颗豌豆,推荐,最喜欢老奶奶这一人物设置 以及爸爸从火车跳下那个画面,2016-07-22 23:42:15
1539,104,Hecate,力荐,目前亚洲商业片的最高水准 看完之后对国产电影充满了愤怒。,2016-08-02 04:17:49
1540,104,恶魔奶爸Sam,力荐,大叔真屌，不过这个故事怎么看都是一个贱人害死一堆好人，让人生气,2016-09-10 22:46:24
1541,104,一粒沙白粥,推荐,那个小女孩上了车，电影开场了那么久，我才看出来，她是个女孩！那她爸爸年年给她买什么Wii🙄,2016-09-12 23:40:08
1542,104,影志,力荐,好过美国的《僵尸世界大战》，韩国在丧尸类型片的开拓一出手就登峰造极，个别桥段快准狠到了心骨眼！最后孕妇和小女孩穿过隧道如果遇到河正宇，那这片就真的是神作了！＝。＝,2016-09-12 01:09:48
1543,104,犬系少女刘七七,力荐,一个小小的建议：你可以晚上看吃饭时看，请不要乘高铁时看，会怀疑人生的。,2016-09-14 13:52:50
1544,104,亵渎电影,推荐,拍类型片这事，韩国甩出天朝几条街，人家已经是好莱坞一流的水准了，虽然各种元素用的很主流，但这就是个主流的商业大片，而且韩国人的催泪绝对是纯正的韩国特色，而且还保留了韩国电影的日常各种黑，算是部纯正的韩国味儿的好莱坞大片。,2016-09-12 11:10:56
1545,104,ღ 狐不悔，,力荐,“你留在这里比较安全。”“不要，这里更吓人。”最简单的对话，把人性的丑恶显露无疑。比起僵尸，更可怕的是那些看着他们活生生放任死去的人类。大叔是阳面，那西装男就是阴面。为大叔、乞丐和爸爸泪目…,2016-09-12 09:26:05
1546,105,A-sun*,推荐,我差点以为Tom Hanks是智障，但他其实是不抱怨，他踏实，他愿意等待。,2010-07-10 14:11:04
1547,105,战国客,推荐,我在维克多身上看到了阿甘的影子~~,2008-09-26 19:48:13
1548,105,我坏故我在,推荐,人不可妄自菲薄，人应当勇敢、坚强、坚定、乐观、积极、向上的活着。,2007-12-16 10:47:53
1549,105,狷介有乌青,力荐,等待让人生更加丰厚和充满期待，人生由无数等待组成，等待迟来的班车，等待一次机遇，等待成功，等待老去，等待死亡。幸福没有终点站，只要活着就总会有好事发生，在逆境中仍然活的如鱼得水才是一种境界。,2009-09-21 21:12:44
1550,105,stranger17🎐,力荐,亲爱的，有时候幸福需要等一等。,2009-04-18 23:24:28
1551,105,大魔王,推荐,有点过于戏剧化了，像童话故事。夸张了些。男主角明摆着是被塑造成一个聪明的人，可是影片中感觉就像阿甘啊。傻B又不傻。大智若愚的夸张。为了一个承诺，故事很美，很激励人。PS:男女主角最终没有挣脱世俗在一起啊。电影名可以改为幸福等待吧,2011-03-21 01:53:54
1552,105,米姐起飞,力荐,能让你笑着感动的片儿。很励志。,2008-08-23 00:15:59
1553,105,张恩勾,推荐,“Viktor终于明白，这个世界不是按他自己的方式前进的；身处其中，只有为自己挣个好生活。”,2009-04-25 00:15:59
1554,105,半日光辉,还行,据说本片有真人原型，那哥们困在巴黎机场，不过被催的是困了15年，而且没有凯瑟琳泽塔琼斯这样的美女赏识。,2011-10-16 01:10:48
1555,105,冬贝与9-13刺青,力荐,这片子和阿甘正传一样经典 人性的美丽啊,2008-01-25 21:25:42
1556,105,肖浑,推荐,故事很童话，主题很模糊。不知道是在讽刺制度太死板，还是歌颂工作人员对制度的努力维护。不知道是表现对纽约的自恋，还是批评“纽约不欢迎你”之不友善。不知道是把美国塑造成了各种族的庇护所，还是要体现阶级仇恨。不知道是在说生命的过程就是需要等待，还是在说不要傻傻等待而要果断行动。,2012-09-25 03:02:12
1557,105,赫恩曼尼,力荐,“你没有如期归来，而这正是离别的意义。”五星都不够的好电影。一个好的故事，就是这样，内核足够坚实，情绪逐渐爆发，人物的一举一动不唐突，有温度。而坏的故事，就是内核虚空，拿句子和旁白来凑。相较之下，高下立判。,2017-01-24 22:11:16
1558,105,西楼尘,推荐,机场如同荒岛，还原了一个本真而奇妙的孤绝求生状态。语言不通货币没用失去了祖国的庇护，真正孤家寡人的感觉。最近重温经典老片子，感到动人的故事的张力，剧情由故事推着走，而不是电影由人推着走。很喜欢这种难以预测下一秒会发生什么的感觉，孤绝的机场反而有种温情大家庭的感觉，只是三观太正了。,2015-07-13 23:48:05
1559,105,袁牧,还行,一定是编剧让凯瑟琳插入的方式不对，感情戏好像是自动写作程序完成的。汤姆汉克斯的独角戏一如既往的好，很多桥段很煽情，剧情漏洞影响观感。为了营造阳光透过玻璃照射航站的效果，剧组在片场上方的钢梁上架设了10万瓦的照明器材，它们将照向笼罩整个片场的反射材料，反射后的灯光会像阳光一般普照片场,2012-10-16 16:50:03
1560,105,同志亦凡人中文站,推荐,在候机大厅看关于候机大厅的电影，冰冷的便利设施一下子有了温度。以诚待人，最终改变所有人，在西方精英制度的眼里他是难民，但在所有机场员工的心中他是国王。对自由的向往抵挡不了回家的渴望，所以——我、要、回、家。,2019-08-21 18:23:24
1561,106,sevenseas,力荐,waltz魅力十足 却死的那么酱油。。。,2012-12-26 08:26:33
1562,106,芹泽虾饺菌,推荐,舒尔茨大夫不远万里，来到米国。一个德国人，毫无利己的动机，把强哥的解放事业当作他自己的事业，这是什么精神？这是国际主义的精神，这是基友主义的精神，每一个好基友都要学习这种精神。,2013-01-07 20:16:12
1563,106,了了,力荐,零，有一种类型片，叫昆丁；一，昆丁只拍这种片，但只有昆丁拍这种片；二，此片没那么完美，但已比无耻混蛋用心很多；三，昆丁可能永远再达不到低俗小说的高度，但本作足以革新西部片；四，南方口音蛋疼，有些笑点没听懂，以后我得看中文字幕版；五，原谅我用那么多分号，cuz Ima goddamn programmer.,2012-12-26 05:01:22
1564,106,Doublebitch,力荐,"昆丁稍微一用心，就足以窃笑着俯瞰众生。我觉得他最牛逼的一点是可以让所有大牌演员在他的电影里集体迷失自我，并被注入昆式狡黠腔调。当然，这种腔调不仅仅是表现在角色身上，配乐、运镜和台词通通昆丁范儿，乖、贱、粗暴、不可复制。Who's the nigger? D-j-a-n-g-o,D不发音。",2013-01-10 02:01:46
1565,106,Kreuzberg,力荐,故事核心其实老土得很，就是男的历尽千辛万苦去救他心爱的人。但是故事人物设定实在太棒，花165分钟在这部电影上是绝对不会后悔。,2013-01-10 14:19:47
1566,106,zephyrus,力荐,感觉比《无耻混蛋》都要好看啊！,2012-12-26 10:55:37
1567,106,tintin76,力荐,或许不是年度最佳电影，但极可能是最令影迷们过瘾的电影。不再在结构上费心编排的昆汀这次采用了更为传统的单线程叙事，他向通心粉西部片、香港武侠片甚至自己的《无耻混蛋》致敬。混搭音乐、暴力、语言（特别是外语）再一次成为手下重要的道具。塞缪尔·L·杰克逊奉献了他《低俗小说》以来的最佳表演,2012-12-20 11:48:38
1568,106,麻木粮姜,力荐,热血沸腾！三年的等待值了！那个低俗、性感的无耻混蛋又来了！,2013-01-06 21:42:54
1569,106,王坏,力荐,就看完“我操两个小时四十五分这么快就过去了？”,2013-01-15 07:17:42
1570,106,陀螺凡达可,力荐,在电影院里面嗨尿了，混搭的现代音乐虽然频繁了点但实在太入耳，弄得我鸡皮疙瘩一层一层起。节奏上有些小问题但我已经脑残到主动选择无视。,2013-01-19 05:04:54
1571,106,张小北,力荐,导演自己显身之后，貌似就对这电影失去兴趣了，完全一副“打完收工回家玩老婆”的架势。之前都很好玩儿。,2013-01-31 00:04:45
1572,106,sasasasa,力荐,这片的牛逼跟导演无关,2012-12-27 09:36:24
1573,106,cao,推荐,本片很好的说明了什么叫做“躺枪”,2013-01-10 22:24:50
1574,106,肉腾腾,推荐,才疏学浅，没看出大好，又怕别人说我蠢，假惺惺给四星。,2013-05-02 09:31:46
1575,106,同志亦凡人中文站,力荐,我算看出来了，昆汀的风格就是老不正经，越老越不正经！太喜感太屌了！血浆与恶搞齐飞啊！娘子快和牛魔王来看美利坚人民的贺岁片！！！,2013-01-07 21:06:39
1576,107,德米安。,力荐,elio坐在火炉前，一会儿落泪，一会儿抿着泪水笑了，一会儿眼睛里又恢复了冷漠，仿佛在短短几分钟内，他把那个夏天又度过了一次，且此生还要度过很多次。,2017-10-28 07:00:49
1577,107,亵渎电影,推荐,当年读小说的时候，就被最后老爹那段话感动，是那段话的态度，让整个故事变得不一样了。一个意大利少年和一个美国青年渡过了生命中的六周，他们之间不仅仅是同志感情，最后成了一种超越爱情和友谊的美好东西，告诉你要学会去感受生命中的一切，在年轻的时候拥抱所有感觉和情绪，就像一种修行和成长。,2017-12-22 13:00:03
1578,107,大島,推荐,相对于这样一场爱情，我更需要这样一栋房子。,2018-01-02 17:18:30
1579,107,陀螺凡达可,力荐,后劲太大，沉醉在电影的情感和视听氛围中无法自拔。雕像下的长镜头，午夜约会时的触碰，深夜教堂外和陌生人的尬舞。最终所有乌托邦似的美好都凝固在了80年代初那个夏天的意大利小镇，就像父亲说的那些炽热纯粹又隐秘的欲望和情感，以及用尽全力去探索、去爱、去失去、去心碎的那个自己，再也没有了。,2017-02-22 17:23:57
1580,107,桃桃林林,推荐,美术，摄影与恰到好处的配乐都太出色了，美好的夏日时光，恰好对应初恋的故事。这个导演在影像上一直很有特点，也非常突出。最后一场戏确实厉害，一点点渗出的感伤。虽然当时看的时候，也就是觉得还好，还不错，之后倒是总想起结尾那场戏，看起来，还是记住了。,2017-11-13 18:47:47
1581,107,浅显,推荐,1. 骚年，你上辈子积了多少德才能投胎在这样的家庭？2. 家里挂墨索里尼像的老太太二话不说就为过路的陌生人取水。3. 真是一部跨越性向的爱情片。4. 导演相当呆萌。5. 快点通读完古罗马史去呆梨! Laterrr.,2017-08-04 19:39:49
1582,107,朝暮雪,力荐,我知道读书，知道游泳，知道改编乐曲，知道皮亚韦战役是最惨烈的战役之一……我什么都知道，却不知道怎么让你喜欢我。,2017-12-23 15:54:09
1583,107,歌辞,还行,中学生的爱情，很美好，但都不作数的。基本上就是大小两个渣男生动而细腻地互撩。爱是真的，伤心也是真的，但它并不比别人的更难得更珍贵，至少在我看来还不如那个骑自行车来送别的妹子情真。Elio与Oliver之间怎么超越了友谊与爱情，你说超越就超越了？,2017-12-23 08:44:37
1584,107,同志亦凡人中文站,力荐,细腻、唯美、慵懒，带着浮生若梦的气息。我们大多数要等到青年时才能将蒙昧的性觉醒付诸实践，而CMBYN呈现了同志电影绝无仅有的“少年时代”。这个叫Timothée Chalamet的男孩是世间最美的珍宝，他的一颦一笑、从脚趾到发梢都让人疯狂。请以你的名字呼唤我，因为在这一刻You're MINE,2017-07-28 13:45:45
1585,107,淋,力荐,午后一两点钟的嘈杂虫鸣。我的房间。他的房间。把全世界隔绝在外的阳台。微风追随花园里的水汽，沿楼梯往上吹进我的房间。那年夏天我爱上钓鱼，因为他爱。爱上慢跑，因为他爱。那年夏天我听鸟欢唱，闻百草香，感觉雾气在阳光灿烂的日子里从脚下升起，而我警醒的感官总是不由自主全涌向他。,2017-01-26 18:43:14
1586,107,sureyet,力荐,中文译名：跟你姓,2017-11-29 22:26:18
1587,107,影志,力荐,“我无法忍受沉默，而与你交谈恰是良药”两个人最好的状态是，你会啃我下手过的桃而我心里只有你将离别的悲伤，原来很早之前就在球场上暗示过喜欢你。“每开始一段新的感情，我们能给予的便越少，但为了让自己没有感觉而不去感觉，多么浪费…别让这些痛苦消失，也别丧失你感受到的快乐”2017最佳！,2017-12-22 14:31:48
1588,107,muahaha,力荐,终于把gay片拍出了当今les片的美感，想当初看湖畔的陌生人真是看出心理阴影来了,2017-01-30 12:55:00
1589,107,豆瓣浅度用户,力荐,年度十大！预计会刷个一百遍！好想再去一次意大利！好想再做一次少年！,2017-02-13 21:35:38
1590,107,Jario,力荐,能等到它拍成电影 活着真好,2017-02-10 16:03:25
1591,108,阿布丁,力荐,原来很多年前，就有人跟我们说了一个上访成功的故事,2011-05-13 20:27:40
1592,108,甜椒Oli,力荐,贪官要奸，清官更要奸，这样才能治得了贪官。,2017-03-01 20:01:13
1593,108,小蝶,力荐,周星驰说他拍的都是悲剧我们却当成喜剧看，以前不懂也懒得想，年纪大了反而慢慢的悟出了。九品芝麻官应该是非常典型了，包龙星最后能赢并不是什么正义战胜了邪恶，是更大的后台（皇帝）出现了，仅此而已，邪恶战胜了邪恶，想想还是蛮讽刺的。,2017-10-03 17:18:08
1594,108,米姐起飞,力荐,"非常欢乐,自认比唐伯虎点秋香好看!!",2010-06-13 14:29:40
1595,108,X,力荐,我心目中的周星驰系列电影no1，有特别强的现实意义，影射现实,2017-04-13 10:01:15
1596,108,皮皮的皮神,力荐,要不怎么说星爷的电影百看不厌呢。此片可以说是全程高能，金句频出，从头笑到尾根本停不下来，最难得的是笑中带泪，情感真挚。仔细看能发现连路人都全身是戏。,2015-05-22 22:19:10
1597,108,娜莉梦游仙境,推荐,星爷的喜剧虽然无厘头但是还是值得深思的，记忆最深的一段就是和妓院的人斗嘴，以一敌十，最后去海边的场景,2016-12-30 09:05:00
1598,108,战国客,推荐,正宗的周氏无厘头电影~~,2008-04-16 12:00:30
1599,108,梦里诗书,力荐,无厘头下的幽默，《九品芝麻官》即有着对官僚主义辛辣的讥嘲，同也包涵以小人物的励志情怀，电影做到了真正将笑料契合剧情的呼之欲出，更在节奏把控上有着决然不凡的力道，一场本自悬疑冤假错案的拨乱反正，却能时刻为人忍俊不禁，令人永远记住了那个满是荒诞却又刚正不阿的九品芝麻官包龙星。,2015-12-24 20:57:09
1600,108,Daneestone,力荐,"开心就好,有时心里不痛快,电影就是干这个用的",2010-06-30 23:05:28
1601,108,godzilla,力荐,被诬陷的张敏，插科打诨的吴孟达，妓院老鸨的蔡少芬等等，每一个角色都令人印象深刻。,2018-04-18 06:42:19
1602,108,吴邪无忧,力荐,这部电影特别搞笑，星仔年轻时好帅😘,2016-08-08 15:41:16
1603,108,潇湘烟雨,力荐,最喜欢的一部周星驰电影，看多少遍都很有意思，经典,2018-06-05 09:42:02
1604,108,嘉声,推荐,包龙星是经过一番曲折的游历才历练成包青天的，若非被逼入绝境，他本无如此触底反弹的境遇与决心。他与下九流厮混，学会了口中吞剑，和嫖客吵架的功夫，又撞上了天大的好运，在妓院碰到了当今天子。正义不是那么容易声张的，即便他是主角，最后扳倒贪官，也押上了他的全部生平所学、运气与勇气。,2018-02-03 11:45:41
1605,108,隔壁小红,推荐,星爷的电影总是那么无厘头的搞笑，现在看还是很喜欢,2017-01-10 18:55:45
1606,109,丁一,推荐,～想你时～你在闹海～,2010-06-08 11:55:26
1607,109,冰山的阴影,力荐,蒋勋在孤独六讲里写哪吒，他说，我记得年少时，读到哪吒把肉身还给父母，变成幽魂，最后找了与父母不相干的东西作为肉体的寄托，隐约感觉到那是当时的我最想做的背叛，我不希望有血缘，血缘是我巨大的负担和束缚。父母是我们最大的原罪，是一辈子还不了的亏欠，就是欠他骨肉，欠他血脉，所以当小说描述到哪吒削骨还父，割肉还母时，会给读者带来那么大的震撼。可是，这个角色在过去饱受争议，大家不敢讨论他，因为在百善孝为先的前提之下，他是一个孤独的出走者。,2013-07-25 15:47:49
1608,109,Paradox,推荐,个人认为其中哪吒自杀的情节有很重的虐恋色彩，我小时候第一次看到，内心有一种很奇怪的感觉。,2013-04-24 22:28:07
1609,109,苏比,力荐,爹爹，你的骨肉我还给你，我不连累你。,2006-12-03 20:55:07
1610,109,亵渎电影,推荐,电影真的是时代的产物，小时候看这版的哪吒，不觉得故事有问题，现在再看，才发现这是一个政治味道浓重的故事，传达的价值观念赤裸裸。对比饺子导演对【哪吒之魔童降世】的处理，我命由我不由天的主题又很符合我们当下的主流价值观，哪吒变成了另外一个故事，可能会成为现在这代小朋友的童年回忆，和我们这一代看的哪吒是完全不一样的，可能这就是讲故事的魅力吧。,2019-07-21 12:00:12
1611,109,朝暮雪,力荐,"哪吒刚刚降生，李靖就想一剑劈了他；
龙王恶人先告状，李靖却丝毫不听哪吒的解释；
哪吒制服了龙王，李靖又叫人把他绑起来；
面对四海龙王的报复，他甚至想杀死哪吒……
是怎样的父亲，才会对自己的亲生骨肉心存偏见？
是怎样的父亲，才会胳膊往外拐，站在别人那边？
是怎样的父亲，才会是非颠倒，不分青红皂白？
并非所有的孩子都是熊孩子，反而是很多父母不配做父母。
在这个“百善孝为先”的国度，《哪吒闹海》没有跟风歌颂父母，反而敢于质疑权威，提出了“是否所有父母都称职”的疑问，其深度和前瞻性都是国漫中的佼佼者。
哪吒那句“爹爹，你的骨肉我还给你，我不连累你”更为震撼。
你不认可我，我不强求。
你选择了懦弱，我选择承担。
舍身取义，以死明志，宁为玉碎，不为瓦全。
40年过去了没看过更震撼的国漫。",2012-08-18 13:58:15
1612,109,晚不安,推荐,省去了繁复、冗长的成长脉络，纯粹提炼出某种极致的哪吒精神，提炼出中国古画与戏曲的精华，刺破权力体制的虚伪和大人世界的荒谬。哪怕世界对不义卑躬屈膝，哪怕至亲对真相懦弱回避，坦荡立于天地间的少年，也没有一丝一毫的畏惧。满腔愤恨，持剑自刎，养育之恩，一刀两断。我将骨肉还于你，我用莲藕为躯体。红绫金圈，打尽天下不公事；三头六臂，看遍世间无情人。可在真正长大复仇之前，也难免要对着疼爱自己的师父痛哭流涕。,2019-04-27 14:09:46
1613,109,大耳朵图图_,推荐,1979年的动画电影，那时候我们的动画甚至是优于日本的，可惜的是放弃了这一产业，却成了霓虹国的文化符号之一,2017-04-04 11:21:25
1614,109,西奥,力荐,一个彻头彻尾的反叛形象，也是中国银幕史上一段极为少见、如此尖锐、激烈和惨痛的反叛历程，相比于孙悟空和天庭（统治阶级）的对抗，哪吒做出了中国传统观念中最艰难的一种反叛，在于“孝文化”是深植骨血之中的，是几千年不允许触碰的绝对底线，被他用一种最悲壮、最惨烈的方式夺回了自我的控制权，告诉所有人，“身体发肤、父精母血”，所有受之父母，又反过来牵制和束缚的，我统统还给你们，哪怕是我赖以为生的东西，去挑战一种不可能战胜的观念压迫，这真的太疼了，是肉与灵的双重疼痛。很赞同“化莲重生”后再无哪吒，不在于被天庭招安，而在于如果承认这种重生，就等于将他悲壮而勇敢的反叛精神消解成了一个空洞的符号，这是绝对不能接受的事情，我宁愿相信他的本命是不认命，那个曾经离经叛道，孤妄放纵的哪吒从前只哭过一次，今后也不会再有了,2019-07-19 00:26:02
1615,109,润物,力荐,这可能是中国动画史上堪称一人之下万人之上的作品，伟大之处依然不用解释。哪吒的经典形象和悟空一样，被深深铭记于不同时代的观影者心中，而今天创造这些作品的艺术家们纷纷驾鹤西去，在感慨哀叹的同时，更应以此为动力，创造出属于我们中国的动画辉煌。,2010-05-26 17:38:55
1616,109,恶魔奶爸Sam,力荐,《哪吒闹海》还是有非常不常见的地方，那便是清清楚楚告诉我们：父亲是可以杀的。,2014-02-24 22:14:10
1617,109,猫猫全是坏心眼,推荐,内娱文艺工作者的思想真是在大倒退，半个世纪前能写出与民同乐反抗强权剔骨还父返璞归真，今天创新成父慈子孝献祭亲妈的嗲子文学，你们陈塘关百姓死不死的有啥要紧，俺哪吒要和敖丙水灵灵麦麸😂,2025-02-01 18:29:26
1618,109,BA,力荐,1979的是艺术，2019的不过是高分动漫,2019-08-03 20:46:11
1619,109,影志,力荐,小时候老分不清哪吒到底是男是女……以前动画片的角色造型，中性风总是很潮嘛。,2006-02-23 13:56:32
1620,109,甜椒Oli,力荐,中国的少年大底上应该要像哪吒的,2017-03-28 15:03:05
1621,110,小痕呀,推荐,浪漫到骨子里，忧郁，神经质，跳跃，文艺是很典型的法国电影啊！喜欢的人为它如痴如醉，不喜欢的人看的昏昏欲睡，两种极端。我只能说非常好，非常适合一遍一遍地欣赏。艾米丽是天使，拥抱世人，容纳那些不美好。,2017-03-22 15:24:30
1622,110,Zephyrance,力荐,左上唇，右脸颊，左眼，右后脖颈。,2006-07-29 12:20:38
1623,110,大头绿豆,力荐,艾米丽扶着那个盲老头走过马路和天桥和无数商店，飞快地告诉他自己看到了什么，然后又像天使一样离开。,2005-06-12 02:22:17
1624,110,宋小君,推荐,浓重的法国情调，舒缓，镜头语言动听。女主角漂亮。唯一的不足就是……这样的爱情会不会太作了？爱情就是门口经过的大巴，现在不上，以后都不能再上了……,2012-01-09 10:08:47
1625,110,流浪忧伤,力荐,有没有人觉得和重庆深林里的王菲有点相似？,2011-01-06 20:25:38
1626,110,寂地,力荐,看了心情会很好,2006-01-01 17:46:23
1627,110,郑／,,其实我也经常做这样的事情，为什么拍成电影就有人赞好，现实当中被当成白痴,2011-06-12 16:12:26
1628,110,艾小柯,力荐,浪漫到极至。,2006-06-20 03:46:12
1629,110,米姐起飞,力荐,全心全力关怀他人 总比自怨自艾来得好,2008-02-06 20:18:45
1630,110,亂馬2/1,力荐,他買來她要的酵母淘氣的躲在門背後，撩動簾子，一轉身，結果是那只可恶的黑貓，於是，她哭了。,2010-07-20 23:18:26
1631,110,赫恩曼尼,推荐,没有你，良辰美景奈何？法国式的温馨神秘，爱死了的爱情,2012-07-24 22:31:16
1632,110,蛮爷,力荐,小聪明，小技俩，小阴谋，小可爱，电影是这么拍的。,2008-01-23 18:57:53
1633,110,老鸡｜扶立,力荐,Amélie请来到我的生活中，我们需要你,2008-01-10 16:19:29
1634,110,X,推荐,喜欢奥黛丽塔图，有一种纯真的狡黠,2017-03-20 10:54:44
1635,110,南 瓜 子,力荐,我太爱她了,2007-09-05 04:34:31
1636,111,米粒,力荐,原来图书卡寻人是这里来的呀。他们的城市是立体的，真漂亮，恋爱要翻山越岭才行。电影几乎集结了所有少女时代的美好回忆，完美、理想到失真，像一个斑斓的气泡，害怕一伸手就会破碎… 乱糟糟的书桌，伸手摸来摸去就是摸不到台灯开关，生活中的细节被它完整地还原，似曾相识，却不属于我…,2014-11-04 14:03:26
1637,111,野次馬,力荐,这是一个我早已错过的故事，我没有在十五岁看到它，我早已进入了不用借书卡的年代。现实中，只有我一个人与图书馆天荒地老。即便如此，我还是感谢它赐予我的全部勇气。|一五年夏去了多摩市。走在コンクリートロード上，山雨欲来，穿过长长长长的階段，从来没有觉得他们如此真实过。,2012-07-11 10:39:03
1638,111,蚂蚁没问题,推荐,美则美矣 但是看着两个初中生这样子的深情 最后还说出你将来嫁给我这种话 还是觉得有点怪怪的,2009-03-30 12:33:33
1639,111,崇子,力荐,我爱死青涩的恋爱的感觉了~~~~~,2008-09-03 13:39:53
1640,111,眠去,,为了让我的名字早点出现在借书卡上，我看了好多书。。。,2008-04-20 08:07:40
1641,111,阿德,力荐,阿雯：我还是下来吧  圣司：我没问题...我早就决定...要这样载着你翻山越岭...   阿雯：我不要变成你的包袱...我也早就想好了，要在背后支持你...  圣司：知道了，拜托你了——哥觉得这就是伟大的爱情！,2010-11-26 10:49:57
1642,111,南 瓜 子,力荐,本人最喜欢的宫崎动画,2008-03-09 20:29:02
1643,111,Kaito,力荐,近藤喜文的初啼与绝唱。像我这样的水准到处都是，这句台词当时是不是很流行呢。是否对《情书》有过影响呢。Country Road。,2009-12-13 09:32:07
1644,111,大头绿豆,力荐,情窦初开的感脚，学生情怀的感脚，都异常生动。月岛雯的性格许多地方就像小白一样，我太喜欢了。肥猫很酷。配乐很好。,2007-02-04 03:09:40
1645,111,海心,推荐,我喜欢男爵的爱情，喜欢钟表上永远不能相见的国王和王后。,2008-11-23 19:53:26
1646,111,Alain,力荐,当代文学青年，为了让喜欢的人看到自己，会标记很多很多的书影音条目。我们也要一起让自己成为更优秀的人呀。,2018-08-20 02:23:50
1647,111,匡轶歌,力荐,十五年前才打了三星？重温改五星。看来，还是要放在合适的年龄、合适的心境下来感受啊。站在中年的时间线上回望，才发现这是一个少女鉴定内心原石的故事：思考此生要做一个什么样的人，要走一条什么样的路，如何与天分相处，如何安放内心的热情，找到名叫“自我”的那颗原石，试炼它，善用它，珍藏它。只当成青春恋爱故事看就折损了它的维度。爱情在这过程里只是个引子，少年只是种催化。影片最末，少女说：自分を前より少し分かった。这，才叫完成了人物弧光。吉卜力的早期之作，画风已然这么动人，时代风气太美好了，真想纵身跳进这样的次元。另，一生君那时候的声音完全是少年啊，和现在找不到一点相似度。,2006-10-19 02:36:50
1648,111,同志亦凡人中文站,力荐,看的是英文配音版。如果年轻个10岁看到这片我一定爱得痛不欲生。勾起无数回忆的90年代，初恋情怀总是诗。,2013-06-19 12:33:51
1649,111,昏金暗玉,推荐,最动人的一幕出现在爷爷拿着月岛刚完成的稚嫩的小说，对她说：太棒了，真是太棒了。在才华刚刚起步的日子里，有一个人能完全诚挚地赞美，比什么都好，它不会令人骄傲，相反会让人更看清自己。,2010-05-12 11:16:01
1650,111,有心打扰,推荐,我我...我，被两人青涩的爱情感动啦...在自己的生命里，会有那么一个激励自己想要走得快一点的人，为了能够赶上去，牵住他的手，不成为他的累赘，在背后支持着他，与他相爱，与他携手到老，实在是太美好了。,2012-03-31 22:52:29
1651,112,豆丁,推荐,吃货少女的自我修养，这种文艺腔调的东西看看就好，离农村的现实生活差距太大，真的要去农村干几天农活，我看没有几个能撑下来的。,2015-04-05 01:31:15
1652,112,南笙,力荐,那些静得只能听见呼吸的日子里，你明白孤独即生活。,2015-06-04 14:03:41
1653,112,嘟嘟熊之父,力荐,劳作令人无暇烦恼，片中的人物时而离凡世很远，时而又触手可及。我们有舌尖上的中国，通篇累述奉献、感恩，手艺传承和文化气节，却没人教导我们劳作本身的意义。一屋一田一人食，已是最令人羡慕的事。,2015-04-24 12:11:46
1654,112,老晃,推荐,昨天看这个看一半看不下去了，这么美的电影，我看着心里特别难过，为什么，中国电影票房都那样了，审美还那样，什么时候才能不吃粗粮，也认认真真做顿可心的家常菜呢。,2015-04-17 18:02:52
1655,112,黄青蕉,力荐,桥本哥演出了吃货的本心，一边捧着小鸭子说好可爱下一秒就开始平心静气的磨刀嘴角含笑的杀鸭肢解，大写的帅。,2016-01-20 11:45:31
1656,112,巴喆,力荐,世外桃源啊！单单一个人洗衣做饭在乡村过归隐生活，这浮躁如我，定是守不住那寂寞空虚冷。不过这里的乡间，实在是太清新了！单单这一片绿色，就在心里变的十足清澈。还有这美食美景美女，一脸天然呆、内心白，悠闲自然的状态，还有农家乐、草木青，哎哟，真心是奢望啊！8.5,2015-04-11 10:26:53
1657,112,一 | 一,力荐,清新的画面配上无机质的声音演奏一曲乡间农作与美食的小调，琐碎日常加回忆这种不经意的生活感（可能是错觉）让人欲罢不能。故事有一个逃避的开头愿会有面对的结局。,2015-02-02 13:15:18
1658,112,榜上有名猫,推荐,（桥本爱 × 村妹纸 × 天然呆 × 心独白 × 野食谱 × 闲生活 × 农家乐 + 万变云 + 清爽风 + 绿油油 + 湿淋淋 + 小动物）/ 无剧情 = 抗抑郁特效治愈片,2015-03-05 16:43:13
1659,112,Yuyii,力荐,这种片子看完就对生活重燃希望，然后怒买一堆餐具什么的...,2017-04-03 22:02:00
1660,112,孙二狗,推荐,烤面包，做酸米酒，做伍斯特酱油，做胡颓子果酱，巧克力榛子酱，雨久花凉菜，烤红点鲑鱼，红点鲑鱼汤，西红柿拌面，炒通草果皮，核桃饭，糖煮板栗，烤地瓜干，烤鸭子，煨炖胡萝卜，嫩炒菠菜……全是大自然的馈赠，也全是自己辛勤劳作的回报！,2015-04-09 22:21:59
1661,112,起床，吃饭,力荐,太喜欢了，以后我要做农民。简直就是老家以前的景象，油然的亲切感。,2015-09-07 21:01:25
1662,112,T.V.Zoe ி,推荐,事已至此，先吃飯吧。時已至此，先吃飯吧。詩意至此，先吃飯吧。【所有的美景都在意料之中，出乎意料的是配樂，終於不再只是是吉他或者尤克里里或者鋼琴或者手風琴了~電電的帶感】,2015-03-17 00:42:57
1663,112,阿柴,力荐,我承认我是想来搜做法总结的 T T,2015-04-12 22:58:55
1664,112,彌張,力荐,日本人过得细腻，连菠菜都要剥筋。吃货女汉子的清新文艺生活，自给自足舒服自在，还有萌喵陪伴，我也想要啊！不过她靠什么维生？原声清新小电子，这居然漫画改编,2015-04-06 14:59:31
1665,112,荞麦,力荐,自己也是越来越喜欢乡下，越来越对爸妈种田的方式感兴趣……但，怎么说呢，时代的大潮并不能容纳年轻人对于乡村的喜爱。两个乡下是完全不同的概念。,2015-07-20 18:18:54
1666,113,Ocap,力荐,维多·柯里昂死于极乐，旁边是一个机灵的毛孩；麦克·柯里昂死于极悲，旁边是一只棕色的小狗。,2014-09-08 17:30:34
1667,113,一枚苏热姑娘。,力荐,看到最后要哭死了，可能因为总算有终了，这是教父系列我最喜欢的一部。另外想问问索菲亚小姐，您演技差也没关系但是没见过人死吗。。。。要不是帕西诺在嚎啕就完全没泪点了。,2011-11-07 15:16:33
1668,113,Lan~die,力荐,"""All the power on faith can't change destiny.""
任何信念的力量，都无法改变命运。
人们觉得第三部不好的原因只是我们不愿接受故事的真实结局。",2006-10-07 10:46:30
1669,113,光年‖影视歌三栖民工,力荐,可能是因为看电影中途没有被打断，也可能是因为阿尔哥岁数渐增，演技越加成熟，第三部的感觉比第二部好很多。如果说基督山伯爵最重要的五个字是期望和等待，那教父系列的主题就是责任和担当，或者得到和牺牲。教父三部，时间从72年，74年直到跨入90年，还有质有量，科波拉也非凡人。,2010-07-25 03:46:31
1670,113,张维托,力荐,在西西里乡下，死的时候只有一条狗陪。是我的归宿。,2015-11-05 00:52:49
1671,113,斯特,推荐,Michael Corleone也想做一个好人。但人在江湖，身不由己，为了家族，黑道浮沉数十载，甚至杀死了自己的哥哥。风烛残年的昔日教父坐在故乡夕阳下的藤椅上，回想这世间他最爱的三个女人，如今全都已离他而去。手间滑落的橘子、两只土狗与一口老井见证了他最后的悲凉。 ——2018重温,2014-03-19 13:20:32
1672,113,眠去,还行,说实话，我真不喜欢三。,2007-09-10 15:55:10
1673,113,130 Talbot Rd,力荐,如果能妻子是阿波罗尼亚，Mike会不会更幸福？无法忘记婚礼舞蹈那一段555555,2012-05-25 21:52:41
1674,113,Q。,推荐,一个完整的教父，最后风烛残年很令人感动。其实并没有像很多人那样不喜欢这部经典的第三部，毕竟时隔这么多年不管是导演还是演员各方面都变化太大了，能保持在水准之上已经实属不易。★★★★,2011-02-03 21:28:22
1675,113,冰红深蓝,力荐,《教父》系列完结之作，表现力和深刻性绝不亚于前两部！阿尔·帕西诺老了依然魅力十足，演技更无需赘言。片中依旧是很多一针见血的箴言，另外相比前两作这部感情和家庭戏份增多。影片配乐太动听了，高潮部分那段歌剧演出与腥风血雨明暗平行剪辑的场景真是美！（9.0/10）【2021.6.17.SIFF 大光明 4K修复导演重剪版】导剪版将迈克尔死亡结局删去，私以为比及原版悲剧性略逊。尽管迈克尔破天荒地忏悔告解，不顾一切想洗白事业让家族上岸，终还是逃不脱轮回与重蹈覆辙：狂欢节街头活动的刺杀同[教父2]，家庭聚会与全家福拍摄则与[教父1]一样暗示了代际传承，歌剧院多线刺杀恍如首作洗礼清算的再现，直升机楼顶机枪屠戮股东比前作的黑帮内讧更疯狂，文森特更多继承了桑尼的冲动狂傲，但也不无冷静谋算。迈克尔的糖尿病脑梗发作与无声的撕心裂肺之吼太心酸。,2014-04-07 23:02:14
1676,113,秋熙,力荐,一切始于对家庭的责任，可是最后却让家人处于更危险的处境之中，不归路有时以这样悖论的方式展开。人们都爱你意气风发的初登场，我却独爱你暮年的晚景凄凉，有悔但仍有爱。反正所有人的结局都一样。,2012-10-17 16:50:44
1677,113,米粒,力荐,牛逼人物的特质是枪都开不死。帕西诺。,2010-01-01 21:52:01
1678,113,JackKu,力荐,我这一辈子都在力争向上，希望能够成为一个清白的人。可我爬得越高，世道就越险恶。,2022-01-03 01:28:39
1679,113,汪金卫,力荐,膜拜神片最后一站。没想到这三部曲中评价最差的（但也是影史经典）一部却最对我的胃口，我很喜欢。帕西诺的老年妆很好。演技依旧出神入化。16年后的科导为此系列画上圆满句号！真是大师级神导演啊！科导的女儿不仅长得漂亮，演的也不错！（后来继承父业了~）//20150412资料馆大银幕胶片，字幕很差,2011-02-14 23:23:25
1680,113,提神醒脾的柠檬,力荐,个人看来，这部的完成度很高，最后舞台剧和暗杀线教堂线同步进行让人看得很过瘾，最后麦克在家孤独终老、手握橙子🍊、一只狗陪伴，自己一生中最爱的三个女人都离自己而去令人唏嘘。麦克一生都在为家族洗白而努力奔波，却悟出了：越往上走接触的人越是奸诈，所谓的上层白道只是有合法证明的强盗，黑起来比黑道还黑，勾心斗角、互相倾轧、暗中勾结，无非也是一些披着羊皮🐏的狼🐺。,2023-09-11 08:12:20
1681,114,伍德与夏洛蒂,还行,口碑巨好但我一直都特无感的一部。。。。。。可能是因为我特烦小孩吧。。。看到片子里那个孩子一直闹闹闹，我都快疯了。。。这里面最喜欢的就是布西密配的兰道~~~~~~~大眼怪也萌死了~不过放在2001年确实不错~~~,2013-06-26 17:20:45
1682,114,猫猫,推荐,其实我觉得。。。这片是一对gay couple养孩子的故事。。。,2012-03-30 16:55:47
1683,114,汝就做吾的犬吧,还行,片子本身很平庸，而且大毛怪这种只顾自己当好人的性格很让我觉得讨厌，那个小女孩也很烦，反派也不够强力，不过大眼怪这个角色倒是很有意思，另外CDA的No.1婆婆也很不错…剧情方面，开头电力公司到处去吓小朋友的故事很有意思，中段二怪照看小孩比较索然无味，最后的开门战还算精彩，3-4星间给个4星吧,2013-09-01 20:28:05
1684,114,一拳超人傻白,还行,我不太能理解Sully为了认识两天的小孩，害多年交情的朋友陷于危险，虽然Mike不计前嫌还是为Sully两肋插刀了，交朋友一定要交Mike这样的……这片算是把任意门玩到位了。不知给藤子不二雄版税了吗？hhhhhh（顺便小屁孩真的是太烦了太烦了太烦了🆘Top250不值。,2022-08-24 12:43:50
1685,114,豆友4348573,推荐,kitty长得有点像姜文~,2011-02-12 12:15:17
1686,114,战国客,力荐,"简直就是最爱啊！编剧太可爱了,居然能想到用孩子的哭声和笑声作为电力能源。什么叫创意?这就叫创意~~",2007-06-24 10:37:28
1687,114,影志,力荐,"""不要给它起名字，起了名字就有感情了""，不管是什么物种，它们的情感在皮克斯手笔下永远都是那么细腻，看到毛怪对小阿布告别时说：“Go ahead, Go grow up...” 眼珠各种打滚。《WALL·E》之外最爱的一部Pixar动画长片。We scare, because we care.",2006-01-08 05:01:51
1688,114,shininglove,还行,略显伧俗，灵气不足，虽有童心未泯的情怀，仍觉不够出众。,2016-07-23 08:25:20
1689,114,亚比煞,推荐,和女儿一起看的，她比阿布还要可爱。,2017-03-16 20:39:48
1690,114,亵渎电影,推荐,买了张蓝光碟，再次重看，画质优秀了，似乎离怪物们更近了，原来毛怪10年前的毛发就这么逼真了。再次感叹皮克斯的创意和想象力，最棒的地方也就是这个创意了，皮克斯的动画片过程可能都很相似，唯独创意个个都很独特。★★★★,2012-06-16 01:20:53
1691,114,godzilla,推荐,在怪兽的世界，有一家最大的电力公司，依靠吓唬甜睡的宝宝，取得孩子的惊叫声做成发电的能量。惊叹于他们天马行空的想像能力。,2018-03-20 06:51:57
1692,114,小耳朵图吗,推荐,因为关心才吓人 ~好萌的怪物们 喜欢死了啊,2010-01-08 23:29:59
1693,114,泪小鱼|念。,力荐,那一声KITTY，软了我的眼泪。,2007-02-06 12:03:45
1694,114,理想多钱一斤啊,力荐,好欢乐〜只是，麦克他俩发达了之后难道不应该回去探望感谢下雪人兄么？毕竟人家在他们被放逐的时候慷慨接待过，他俩也还摔烂了人家的雪橇，苟富贵，勿相忘啊。。。,2013-07-14 08:21:16
1695,114,流空破刃,推荐,皮克斯第四部长片，除了一炮而红的玩具总动员以及乘胜的二——以及成绩不佳的虫虫特工队之外的首个大收之作，阖家动画电影标本。,2011-01-25 20:29:25
1696,115,影志,力荐,“我的故事总是发生在夏天。炎热的气候使人们裸露得更多，也更能掩饰心中的欲望。那时侯，好像永远是夏天，太阳总是有空出来伴随着我，阳光充足，太亮，使得眼前一阵阵发黑”——电影《阳光灿烂的日子》开场对白,2006-01-08 05:13:12
1697,115,Song³,力荐,大陆青春片的巅峰之作。,2008-11-12 13:01:24
1698,115,纪恩同学,推荐,为什么你们都那么牛B地看到了时代的悲剧，我却傻B的没看出什么来？,2009-12-28 01:03:28
1699,115,呱呱,力荐,理想是用来毁灭的。一句傻逼，喊出青春最有力度的挽歌。,2009-10-23 13:33:48
1700,115,frozenmoon,推荐,看看当年夏雨演技多好，浑然天成。看看宁静，看看耿乐。这么牛逼的一群人。后来怎么都混成这么四六不靠的。,2014-11-26 15:38:26
1701,115,晚不安,力荐,在举国最灰暗的日子里，这帮大院子弟却在打架、泡妞、幻想，恣意消磨自己的黄金岁月，在一方小天地横行霸道但也畏惧大人。开锁、游泳、爬烟囱，少年在处理自己无处安放的欲望。闻到烧荒草的味道，是因为梦境被阳光烤黄。后来呢？后来的人生是黑白的，他们人模狗样地推杯换盏，活成了古伦木口中的傻逼。,2018-03-18 21:10:23
1702,115,Cherry,还行,别人说这部片子很绝望，我看到的只是与我无关的，男生的青春期,2005-07-12 16:59:05
1703,115,朝暮雪,推荐,冯小刚的电影，我最喜欢的就是《阳光灿烂的日子》和《让子弹飞》，还有《功夫》。,2013-01-12 12:57:35
1704,115,多看电影爱电影,推荐,姜文，夏雨，张一山长得太像了！,2017-03-18 11:55:24
1705,115,momo,推荐,整部影片看下来也没有多感慨，毕竟我的青春和他相距甚远。,2016-10-23 09:55:11
1706,115,卢十四,力荐,没办法，只能打五星。,2008-09-14 16:09:53
1707,115,喻鸣,力荐,姜小军的自传式处女作，回避文革时代的是非混淆黑白颠倒，用丰富的艺术手段和荒诞的表现方式，消解权威、解构神圣，再现成长的喧哗与骚动，青春的梦幻与激情。明明是最坏的时代，却也是他们最好的时光，甩当下青春打胎片一个世纪。,2014-12-17 19:50:18
1708,115,大鲤鱼（丹AI）,力荐,矫健又圆润的身材啊，这才是健康的审美。,2016-07-27 19:25:06
1709,115,巴乌,力荐,90年代最伟大的电影之一,2006-05-18 21:52:40
1710,115,冰红深蓝,力荐,"姜文导演处女作,夏雨成为最年轻的国际电影节影帝。1.运用意识流、虚实结合的手法,成功反映了文革时期青少年的迷惘、暴力和懵懂原始的爱情；2.主题曲是哀婉凄美的[乡村骑士]；3.纯真的意淫,回忆的扭曲与掩饰,结尾傻子的""傻B"",残酷青春；4.大量过曝和逆光镜头,灿烂得唯美；5.吹气球,泳池戏。（9.0/10）",2015-07-17 21:28:38
1711,116,Doublebitch,力荐,我只杀过两个人，一个伤害了我妈妈，一个伤害了你,2011-02-18 16:47:15
1712,116,裸踝,力荐,他看见他，他带走他，就像带走童年的自己。他终于相信这个世界有鬼了，眼前这个开枪打伤他的小鬼就是童年自己的鬼魅。“再见，这是完美之旅。”再见，布奇。,2008-12-15 14:09:09
1713,116,十个斗的眼窝浅,力荐,他杀过人，却未动手打过一下菲利普，这段通往地狱的旅行过程中，当他看到妈妈因为怕孩子把新车弄脏而打骂孩子；爷爷嫌孙子动作慢而对孙子抬手耳刮子时，眼底的愤怒与不屑、憎恨与仇视，皆因他拥有一个对任何人都拳脚相加的父亲。这段近似父子的不寻常感情在影片结尾得到升华，我亦哭得稀里哗啦！,2012-07-23 23:19:54
1714,116,小斑,力荐,遥远的记忆啊……每次看的时候都想如果Kevin要我做人质，一定张开双手欢迎，然后收紧两臂学足无尾熊的样子抱住他的大腿死都不放。有他当爹，再有Eastwood当爷爷，就是一个perfect world了。肚腩长在有些人身上莫名地就成了一块萌肉,2011-03-19 21:50:46
1715,116,柴斯卡,,支线挺多余的。真·情节剧，九分虚高。以爱之名控制自由，就有以绑架之名实现解放。我们是耶和华见证人教会。不要低估普通人的善意。你并不像看起来那样善良。环环相报没完没了。有些不是罪的罪很可恶，有些看起来可恶的罪则没什么大不了。受不了童年阴影的反复重现，所以要给你最幸福的童年。,2015-08-30 18:30:13
1716,116,Song³,力荐,将公路片、伦理片、警匪片等诸多片种熔于一炉，适应了当代美国电影的新趋向———类型交汇。于是，有了修正型公路片一说。,2008-11-09 11:19:39
1717,116,战国客,推荐,标准的好莱坞煽情之作，坏人的好总是比好人的好来得更感人~~,2009-08-09 13:08:48
1718,116,快乐大于天 ,推荐,母亲以爱之名绑架孩子，罪犯却以绑架之名解放孩子，大晚上看完心里有些酸酸的~,2021-01-29 23:26:10
1719,116,安蓝·怪伯爵𓆝𓆟𓆜,力荐,史上最泪奔斯德哥尔摩综合征。我这辈子只杀过两个人，一个伤害了我妈妈一个伤害了你。情感创伤带来贴心信任，一对陌生人手拉手踏上没有希望看不到终点的迷途，Butch对Buzz的每一个小动作，摸摸头，拍拍屁股，看一眼心就化了~满满的父爱，已哭瞎。20171111小西天二刷依然哭到抽……,2015-02-09 01:09:03
1720,116,豆腐脑敢死队,推荐,斯德哥尔摩综合症-Phillip 'Buzz' Perry,2007-12-03 15:29:16
1721,116,彌張,推荐,我这辈子只杀过两个人，一个是伤害我妈妈的人，一个是伤害你的人。这个“你”却是仅仅相识一天的男孩。。同样缺失父爱的两人以这种方式依赖对方。特别安静特别可爱的男孩，以后也要给我孩子穿这样的连体衣！太萌了！,2012-06-19 00:06:45
1722,116,亚比煞,推荐,“有一群孩子在一大块麦田里玩，几千几万的小孩子，附近没有一个大人，我是说，除了我，我就在那混帐的悬崖边，要是有哪个孩子往悬崖边来，我就把他捉住。我整天就干这样的事，我只想做个麦田里的守望者.”最后他死在了麦田里。,2018-01-12 19:27:01
1723,116,☮小小,力荐,灵魂在天上 看着绿草如茵的地方……,2006-08-28 23:18:39
1724,116,小肚子✨,推荐,标准的有点像是教科书里的故事,2008-10-25 04:48:09
1725,116,竹嬾,推荐,喜欢凯文.科思特勒,2005-06-12 02:22:32
1726,117,我对你的无语简直能沉默整个宇宙,力荐,这部电影的前十分钟就是我们的未来，旁友们。独居，失业，没有另一半，被年轻人嫌弃，想死死不成。,2016-08-27 09:46:43
1727,117,ʏɪɪɪʀ,推荐,剧情其实特别套路，每一个步骤都似曾相识。欧维就像飞屋环游记中的卡尔，怀念着完美的故人的同时偏执和固执被邻居一点一点的磨平最终变亲近。淡淡的音乐伴随着平凡又不平凡的小人物的一生。最后一幕真的无法不想到泰坦尼克吧。,2016-07-14 00:53:43
1728,117,根,力荐,巨人的花园，男主年轻时那副严谨又害羞的样子真是太迷人了。,2016-08-11 23:26:48
1729,117,обломов,推荐,「可是我撞了一辆车」「有什么关系，那是沃尔沃」分享一个萨博控老丧比，一个被医生定性为「心真大」的铲屎官，一个未来的我,2016-07-28 21:10:25
1730,117,BLUE,力荐,越多白痴的声音议论她，我对她仅存的回忆就越少。,2016-08-01 23:20:34
1731,117,CharlesChou,推荐,内心深处觉得这是宜家广告该有的样子,2016-07-28 15:26:31
1732,117,饱肚师叔,力荐,笑了哭哭了笑。人老了真的很容易变得“讨人嫌”：我奶奶八十多岁有一次不小心滑倒骨折，之后她每天都在说，我为什么还不死，活着简直就在给大家添麻烦。那时候我回去看她，被她念得头疼。现在她九十好几，以为我还只有十五六岁，她好像记不太清年月，但有时候我又觉得，她其实什么都清楚。,2016-08-09 23:58:43
1733,117,快把土豆交出来,推荐,我越是逃离，越是靠近你，我越是背过脸，却越是看见你。我是一座孤岛，处在相思之水中，四面八方，隔绝我通向你。一千零一面镜子，转映着你的容颜。我从你开始，我在你结束。----埃姆朗萨罗希《一千零一面镜子》,2016-08-02 10:47:12
1734,117,同志亦凡人中文站,还行,和“单身男子”完全一个套路，都是求死不得终得死的故事；可惜鸡精放太多了，整块都在锅里没化掉。没有了伯格曼的瑞典电影全是宜家味道，连调色都一模一样...,2016-09-03 05:44:05
1735,117,思考的猫,推荐,欧维对天堂的期待一定是：愿天堂没有沃尔沃,2017-04-22 23:44:14
1736,117,中野独人,推荐,看完第一件事去查了下萨博这车，很屌很牛逼，几经周转，已经停产,2016-08-02 16:59:50
1737,117,瑴,力荐,愛上一個人的感覺，就像突然有了軟肋也有了鎧甲。,2016-08-06 22:54:36
1738,117,基努里维斯基,力荐,剧情饱满充实，温馨耐看。既不是小萝莉改变固执老爷爷的故事，也不是猫咪驯化老头的故事，也不是娘娘腔改变顽固大叔的故事。林林总总，潜移默化，心终于打开，这才是人性。,2016-08-27 14:14:31
1739,117,朝暮雪,推荐,你身边每一个不讲道理的大爷，都可能是一个有故事的男人，他曾经拥有一段浪漫的爱情故事。,2016-09-28 13:55:26
1740,117,小草帽,推荐,一个孕妇那么能折腾孩子真的不会掉么😄😄😄,2016-08-02 21:42:47
1741,118,Danqing Liu,力荐,“第一次觉得李安可怕，是看《色戒》。觉得害怕，不是那十分钟的床戏，而是因为电影里彻头彻尾的虚无——爱情是荒谬的，友情是虚伪的，亲情是荒芜的，国家是四分五裂的，革命是似是而非的，革命者更是不可靠的……只有性爱的快乐是真实的，而这唯一的真实恰恰又是不可说的。”—摘录,2016-07-29 01:39:23
1742,118,眠去,力荐,恍惚间，她相信他爱她。,2007-11-19 13:24:34
1743,118,豆友1120428,,李安最大的成功不是拍摄了《色戒》，而是找到了一个王佳芝，一个有着隐忍闷骚眼神、永远嘤嘤喘息的王佳芝。,2007-12-10 21:44:10
1744,118,dotann,,看完之后整晚都觉得很累，李安的电影我只看过中文的，所以感觉风格相差还不是太多，用一个字来说就是很“细”，人物表情，布景，镜头移动，满满得都是细节，演员的发挥也是这么细致，每说一句话都意味深长，需要品味很久才能咽下去，这个故事情节本来就压抑，再加上这样缜密的拍法，感觉有点儿透不过气来。其实“卧虎藏龙”也是这样的细，不过里面穿插的几场打斗是很舒畅的内容，所以没那么累，“戒色”穿插的几场床上镜头，比其它情节更让人累了几分。唉，这真的是一场好电影，只不过没有情绪张弛的变换，让观众看得太辛苦了。,2007-10-08 18:17:36
1745,118,影志,推荐,男人是政治的动物，女人是情感的动物。李安用床戏“将易先生的内心活动外在化，外显他的恐惧、他的愤怒和挫折。你可以形容一个人如何不具备相信别人的能力，但更绝的是让他在高潮时都不敢闭上眼睛” “如果说断背山是一段发生在天堂里的爱情，那色戒就是来自地狱的爱情。”——李安,2007-11-06 22:51:01
1746,118,Futurismus,推荐,"“快走”, 汤唯说完这句话转到梁朝伟特写, 梁表情数变（“表情数变”,这是我在看网络小说时经常吐槽的一个词，但没想到居然真的有人能够表现出来）从微笑,困惑, 到醒悟, 再到慌乱, 种种神情一闪而过, 梁朝伟在这里直接奉献出了影帝级别的表演。最后一幕, 妻子进来, 光落在梁脸上, 而眼中隐有泪光闪动…",2017-05-22 17:06:11
1747,118,月想花容,力荐,再看《色戒》觉得很残酷。王佳芝是因为爱上了邝裕民才加入了这个所谓的爱国计划。但这个口才甚好的爱国青年却不像他所标榜的那样勇敢。甚至连担起对心爱的女人在肉体上负责的能力都没有。而后她却发现易先生跟她想的确实不一样。易是个好情人嘛。至少她愿意为了他放弃这个计划。而这个计划的败露则意味着让她自己死。最后那些革命者面对死亡哭了。这个电影蕴涵的太多。很喜欢。,2008-03-09 11:51:58
1748,118,Connie,力荐,载她的三轮车夫有多快活,2009-12-10 00:18:43
1749,118,庭院天涯,力荐,是个女学生时，她素颜也灵气十足；扮富太太时，她明艳不可方物。她真的是将才。,2011-12-12 16:53:51
1750,118,西楼尘,力荐,街市上人们急着回家烧饭，牌桌上太太闲话下次的宴请。没人关心一场波诡云谲的情爱，悄无声息轰然落幕，如床单上的皱褶，化成眼角噙着不落的泪。穿着，一件旗袍动了心；戴着，一枚钻戒动了情。他那么怕黑的人，却摸着黑和她走了情欲钢索。她如此无根的人，却把篱下当做家，把假戏当真情，淹进爱欲深海。,2017-04-16 17:01:16
1751,118,蒹葭,力荐,佳芝临死前面容很坦然，爱情就像有着超强药效的毒品可以使病危的人忘却痛楚。我想她不会后悔救了易，更加会庆幸自己终于可以摆脱这份灵魂和肉体的束缚。她随时都在准备着结束这场必输的赌局，只因为她压错了时间，压错方式，压错了对象。,2010-02-07 00:44:58
1752,118,友颜在先,力荐,王佳芝的一生毁在两个男人的手里，为第一个男人献身，为第二个男人牺牲。,2012-03-02 18:34:23
1753,118,桃桃林林,推荐,好一个汤唯,2007-11-01 18:58:53
1754,118,伊兰月,还行,这不是我会爱上的故事，一个失败的女间谍如何毁掉自己的故事。从一开始答应色诱就很荒唐，一群嘴上爱国的学生没看见他们为国出什么力，只看到他们让王佳芝做这做那，王佳芝等了那么多次同伴都不动手，就该知道这群人不靠谱，还不如想想自己怎么动手或者尽早离开，女人恋爱脑起来不仅误国也误己啊！,2022-02-17 13:28:36
1755,118,猫,推荐,对，我是一个很在意细节的人，甚至有细节偏执狂的倾向。我喜欢王佳芝的嘴角总是倔强地微微翘起，在父亲寄来结婚照片她发去贺信的时候，在她为了王力宏那一心复仇的疯狂甘愿把自己最宝贵的给一个不相干的人的时候，在她接到梁朝伟太太电话的时候，在她和他纠缠在一起的时候，在她看到足以让世界上所有女人疯狂的“鸽子蛋”的时候，在她确认自己是真的爱上他救他一命的时候，她嘴角的弧度，堪称完美。,2007-11-08 19:56:33
1756,119,猪是的念来过倒,力荐,我87年出生，，看toy 1是小学3年级。看toy3是大学毕业。纯爷们，没哭死我。。。。我想说 这是皮克斯送给我们这代人的一份礼物。再见了，我的童年，谢谢你，皮克斯,2010-06-16 22:12:00
1757,119,ｄａｂａｉ,力荐,玩具总动员3的感人之处就是帮我们这些老家伙给了一个正式的和童年say goodbye的机会，当上大学的andy再一次背起woody的时候，十五年的光阴就这么友好又温柔地消失在木栅屋远处的夕阳中了。,2010-06-16 02:00:01
1758,119,影子的影子,力荐,前半部分就有好几次想哭的冲动，本来以为这次能够幸免的，没想到最后几分钟那么煽情，简直要哭死了。其实3D效果并没有很出色，但是精彩的剧本真的很让人感动。这不是一部给小孩子的动画，是一部给成人的童话。,2010-06-11 06:36:18
1759,119,山人阿苍苍,力荐,让我笑已经够了，居然还能让我哭，nice job！,2010-06-12 19:56:06
1760,119,荔枝超人,推荐,"闪耀着万丈光芒的又一动画杰作。每一处笑点都能轻易抓到，让我就像是回到了15年前，开心到得意忘形。最后一场戏动人程度堪比UP的""married life""!",2010-06-12 21:18:22
1761,119,Q。,推荐,它对于我已经不仅仅是一部电影那么简单，而是代表了对于童年时代的记忆与怀念，整个电影院从头到尾笑声不断，但我相信，更多人会被影片的后半段打动，相信看过前两部的人都会很感慨。★★★★☆,2010-06-25 00:40:06
1762,119,桃桃林林,推荐,还记得你的那些玩伴么？,2010-08-15 09:38:40
1763,119,锡罐头,力荐,1.前一个多小时充分照顾了片子的趣味探险气质，后半个小时照顾了跨度十多年的老观众，真让人情到深处，潸然泪下！2.玩具们的最好归宿到底是哪？本片探讨的问题其实已经超越了前两部，整体性上也兼顾的很好，如果这是完结片，的确相当不错！,2010-06-16 15:31:04
1764,119,同志亦凡人中文站,力荐,结尾的煽情很见水准，但现实中哪里还找得到Andy这样单纯童真的17岁少年呢？！,2010-06-17 09:57:31
1765,119,Neroat,推荐,个人觉得比一二部要好，没想到最后温馨动人得我差点眼眶都要红了。17岁的青少年不玩玩具啦，尽管如此还是替玩具找到了好的归宿，“被人玩”才是玩具存在的意义啊，给我压箱底的娃娃说句对不起。,2018-08-06 23:18:47
1766,119,郭朋克,力荐,跨度十五年的欢乐与泪水,2010-06-16 21:04:06
1767,119,朝暮雪,力荐,"虽然是动画片，但没有一味地弘扬真善美，也反映了人性丑恶的一面。
比如抱抱熊罗素，它被替代了，它自己要走，还强行要别人也跟着离开。
胡迪救了它一命，它还恩将仇报。
除此之外，它还挑拨离间，企图让巴斯光年背叛朋友。
软的不行就来硬的，将巴斯光年恢复出厂设置，甚至提醒巴斯光年“当心它们对你用反间计”，太可怕了。
幼儿园充满黑暗和邪恶，连玩具也存在金字塔制度，分阶层和等级，有各种明争暗斗。
有卡车队伍巡逻，有岗哨，还有猴子随时看监控，戒备森严，宛如监狱。
毕竟这个世界并非只有美好的一面，也存在社会阴暗面。
《玩具总动员》前两部也很好，但相对而言还是比较低幼，第三部就真正是拍给大人看的了。
当邦妮想拿胡迪的时候，安迪条件反射地缩手，这一幕太细腻了。
我没有抛弃它们，恰恰相反，它们是我最宝贵的回忆。",2012-08-07 16:04:43
1768,119,辣辣的皮特,还行,感觉很平淡呀，难道童心离我而去了吗？no...另外，3D效果不如驯龙高手。,2010-06-16 12:02:25
1769,119,影志,力荐,比梦工厂《驯龙高手》更胜一筹的是，皮克斯动画总能让人感动持久，并且部部精彩、每每动容。,2010-06-23 23:31:52
1770,119,YoyoRan,力荐,最后安迪细数自己的玩具那让我意识到自己也就这样长大了，和我那些玩具。《玩具总动员》自幼在我心中烙下印记：让我觉得玩具都是有感情的小生命，在我们不知道的维度里有喜怒哀乐。而且玩具相对于真正的生命带给我的压力会小一些。玩具不会死，只要不遗弃它们，所以千万不要遗弃他们。7.9和你再看。,2010-06-16 19:52:49
1771,120,猪able,力荐,好伟大的爱情片，我都快哭了,2013-04-02 16:43:04
1772,120,wallace李,力荐,弄巧成拙姜科长，无心插柳李子成，唯我独尊李仲久，超长待机是丁青，壮哉天朝大黑客，实力助攻小延边，智商不够高局长，我没看够宋智孝,2017-05-27 18:09:49
1773,120,恶魔奶爸Sam,力荐,最后还是华侨统一了南棒黑社会，中国人最狠啊。。。,2016-07-06 22:05:01
1774,120,木卫二,推荐,哈哈，延边刀客，中国黑客,2013-05-20 02:33:53
1775,120,姨妈的鸭,力荐,怎么办，，，，我觉得他比吴彦祖都帅,2014-03-16 13:26:13
1776,120,玄辂Hyunlu,力荐,想对姜科长说 做人要厚道 做警察尤其要厚道 不信抬头看 黑道自有真情在 BGM怒赞,2015-11-07 21:47:29
1777,120,Obtson,力荐,杂糅《无间道》与《极恶非道》的宿命论，又兼具《教父》的审判意味。惊叹李政宰的表演，那种木偶对牵线者的疯狂反噬，成为影片绝对的高光时刻。一直被簇拥着走的人生突然跳出棋盘，伴随着的却是彻骨的寒意，这是新世界的阵痛，也是情义与人性的丧钟。,2013-07-23 18:20:56
1778,120,远子,还行,该片解答了我以前看香港黑帮片时的一个疑问：卧底这么厉害，干嘛不直接当老大？,2018-10-14 12:13:59
1779,120,souvent,推荐,《丽水爱情故事》。,2016-12-31 23:04:30
1780,120,城南草木生,推荐,老想按一个粤语音轨怎么破…………………………,2013-06-17 16:22:40
1781,120,一顆小天狼星,力荐,“你知道你在干什么吗 万一 千万分之一我活下来了 你该怎么办 你也会对付我吗?”相信结局是众望所归的 把你置身黑道的国家并不保护你 而你的敌人却愿意与你同生共死 接地气的丁青最后送给李子成的礼物 仍然是从中国带回来的假货。“要做出选择 要心狠一点才能活下去阿 brother”,2014-07-05 19:25:07
1782,120,萬和生,力荐,说实话，比「无间道」好看。,2013-05-17 22:27:40
1783,120,麻绳,推荐,卧底警察的内心交战和身不由己都不过是黑帮卧底片的常规戏码，此片的过人之处在于其一黑到底的决绝和霸气，不是所有电影都敢这么玩的，还有两个男人间的越界友情，虽然狗血但着实感人。本来是香港电影擅长的东西，现在只能看韩国人玩了。,2013-07-18 22:41:23
1784,120,行知小姐。,力荐,表情放松点，妈的，谁要把你吃了吗？以为再也见不到你了，真tm的高兴，喂，brother，你看起来很累，别这样子。你做个选择吧。听大哥的话，白痴。那样你才能活着。万一，千万分之一，我要是活着，你怎么办，你能对付我吗？,2022-12-14 18:24:46
1785,120,记不住密码,推荐,为了最后的回忆杀多给一颗星……,2013-05-08 10:17:08
1786,121,青灯有味,,"君知妾有夫，赠妾双明珠。
感君缠绵意，系在红罗襦。
妾家高楼连苑起，良人执戟明光里。
感君用心同日月，誓拟侍君同生死。
还君明珠双泪垂，恨不相逢未嫁时。",2007-11-16 10:36:18
1787,121,Ruby超人小姐,力荐,张曼玉比梁朝伟高，但他们站在一起那么协调。想来，是穿了高跟鞋的她，懂得委婉地低头的缘故。,2010-04-20 07:57:12
1788,121,柴斯卡,,这片不一定结过婚才能看懂。其实和中学生早恋意外地像：欲言又止，零身体接触，害怕被看见，一点风言风语都听不得，话里有话，电台点歌，吴哥窟刻字。旧时代的婚外情和早恋都是一种强大的外力和authority下说不出口的暧昧。婚外情因为两个人都并非没有爱的能力而更显悲凉。,2020-10-30 09:44:07
1789,121,寂地,推荐,"王家卫最强的,就是让人掉到一种情绪中去",2006-01-02 15:32:54
1790,121,小Z,推荐,谁先感到了寂寞，谁就输了。,2008-07-29 13:14:46
1791,121,办公室甜心,推荐,张曼玉最致命的武器便是她的各种旗袍。,2011-11-24 21:55:52
1792,121,无用西泮,力荐,孙太太的暗示，何先生的摇头，同样的事情，总是对女性苛责过多。,2021-05-12 18:44:27
1793,121,沉歌,推荐,这些年来我一直想问你，如果有多一张船票，你会不会跟他走？,2007-10-14 15:44:29
1794,121,醉舟,力荐,"They are in the mood for love, but not in the time and place for it. 剧本很有意思，设置了一对在电影里没有任何镜头的偷情男女，却又无时不刻地提醒着周慕云和苏丽珍不要做爱，所以王家卫镜头里沉闷的男女，空荡的房间里充斥着一种不可得的情欲，极省略的叙事，舒缓优雅的大提琴曲配乐实在是太到",2012-09-10 00:04:35
1795,121,P,推荐,张小姐小腿不错，梁先生发型不错。,2005-11-07 13:15:11
1796,121,故作冰天跃马行,还行,"我没有办法骗自己，我就是喜欢不起来。
感觉像是南方城市冬天的一场湿淋淋脏兮兮的雨。爱恨情仇和鸡毛蒜皮都被泡发了，又脏又挤地浮在水洼上。
我没法理解、没法共情，更没法欣赏。",2022-01-30 15:58:31
1797,121,任晓雯,还行,装,2008-11-03 13:44:15
1798,121,樹一,力荐,最棒的故事不是大战七七四十九个回合，而是欲言又止。,2013-08-12 01:48:21
1799,121,颜叙,力荐,深夜，雨巷，慢镜头；暧昧，寡欢，语还休。与君淡如水，千杯亦不醉。,2012-01-02 20:54:21
1800,121,影志,力荐,一切都退去了，香港、1962年、那个陈旧的秘密…“如果多一张船票，你会不会和我一起走？”也许~也许~,2005-07-22 01:44:23
1801,122,雨天女士藍調,力荐,两张绝世的脸。,2011-05-01 16:13:21
1802,122,辣辣的皮特,推荐,宁采臣只是张国荣的。,2008-02-17 16:53:23
1803,122,趙小漁,力荐,這個聶小倩，爾等休想再超越！,2008-05-04 17:56:36
1804,122,44口口,力荐,王祖贤太太美了，哥哥风华绝代。,2011-03-17 23:07:49
1805,122,如海,很差,黑山老妖被一本书打败？结尾宁采臣燕赤霞相视一笑，难道这里面的爱情故事的主角是他俩？,2018-04-20 23:08:21
1806,122,太阳的倒影,推荐,飘逸写意中国古典，现在拍不出来也不愿拍,2010-09-11 15:35:01
1807,122,missfaye,力荐,小贤之眉宇，没有再漂亮的,2005-12-13 23:05:06
1808,122,with,力荐,未见过电影院在非节假日只吉着第一排，未听过电影散场时有如此热烈的掌声，未见过全场观众都等到银幕彻底黑了才起身离场，未见过打字幕时有人拍照留念，十七年后，《倩女幽魂》仍然用事实告诉他人“经典”二字当之无愧,2010-05-28 18:34:44
1809,122,清影照心,力荐,港片中最经典的人鬼恋。张叔平为王祖贤设计的女鬼造型使其成为香港电影中最惊艳的女性形象之一，张国荣、午马等人的表演也都神采飞扬，还有徐克机智感人的故事，程小东天马行空的武打设计，黄霑变幻多端的电子配乐，共同构成了这一部经典。,2010-09-08 13:48:01
1810,122,原来是西门大嫂,推荐,王祖贤好看成这样有可能是人么！！！！,2008-07-04 23:10:30
1811,122,之仔想要间隔年,力荐,刚刚看完。电影一开始，旁边的一个女生就哭了。,2011-04-30 16:01:58
1812,122,胡克,力荐,此后心目中所有善良的女鬼都叫小倩,2007-07-15 14:30:26
1813,122,福鹿,推荐,四颗星给王祖贤和张国荣的风华绝代+造型+音乐。,2011-02-03 16:17:16
1814,122,岛上的夏奈,力荐,痴男怨女，遗爱于世。,2011-04-24 17:17:52
1815,122,伊豆,推荐,看过哥哥扮演的宁采臣后，之后谁演，都觉得那不是宁采臣。,2008-04-02 12:56:45
1816,123,司令,推荐,唯一令我不解的是，聪明绝顶的女主为什么不好好跟长得像马云的富二代在一块儿，而要回到那呆傻的丈夫身边呢？就因为看了会儿电视？,2014-10-10 09:54:51
1817,123,芦哲峰,推荐,爱人不见了，千夫所指。爱人回来了，万丈深渊；婚姻是一袭华美的袍，这是面子。爬满了虱子，这是里子。,2014-12-16 09:33:39
1818,123,ToTheMoon1900,力荐,"男：我们互相折磨，互相控制，这样有什么意义呢？
女：这就是婚姻。",2014-10-02 00:49:14
1819,123,Wilkins,力荐,I love David Fincher! P.S.: 开始前，旁边坐在一群couples中的单身小哥无聊郁闷地喝咖啡；结束后，他幸灾乐祸地跟我说，Now every couple feels no good...,2014-10-04 19:52:19
1820,123,L'automne,推荐,后半段我一直期待有更惊喜的东西，可惜没有。,2014-10-04 22:15:13
1821,123,朱老板,力荐,一对和谐的夫妇坐在沙发上尴尬地看完了这片。。。,2016-03-19 23:26:42
1822,123,文西,推荐,哈内克似的割喉真是万能药... 大卫芬奇要多恨现代媒体。美国社会结构就是少数精英控制了洗脑话语权，而大部分人则自觉或者不自觉地维护着虚幻的道德...,2014-10-03 14:15:42
1823,123,RKO,力荐,人渣大战,2014-10-02 11:53:01
1824,123,云中,力荐,这片无敌了。故事太尼玛牛了。人物状态看得我蛋都疼了。芬奇就是我的神！,2014-10-01 19:16:50
1825,123,我不是盆栽啊,,酷到不需要朋友。一个狗咬狗的故事，没有人是无辜的。喜欢男主问为什么我们要毁掉对方互相伤害的时候女主面无表情的答因为这就是婚姻。结局啊结局，我原本以为两个人中终究会有一个杀掉另一个，没想到是一个更加恐怖的结局。,2014-10-05 02:56:38
1826,123,张小强,力荐,很讽刺啊，高帅富输在大电视上，因为丈夫的深情表演被高分别率的宽屏大电视放大了，如果妻子看的是旅馆里飘着雪花的小电视的渣画质，八成是不会被忽悠的。所以这片子说得就是媒体，尤其是装备精良的媒体有多么可怕，正是为了对抗扭曲现实的媒体，才有的广电总局吧 #工业改变一切#,2014-12-13 21:53:32
1827,123,噜,推荐,年度最佳date movie💄,2014-10-05 04:29:48
1828,123,幸运儿与脱身术,推荐,讲了一个天蝎腹黑绿茶婊的故事！,2014-10-03 14:07:05
1829,123,艾小柯,推荐,芬奇的导演值得五星：干净、冷峻、爽利、紧凑而又松弛有度，高潮一幕的配乐甚为精彩，视觉冲击力十足。情节编排上出人意料，有较为明显的社会讽刺，唯一不足在于对Amy的性格解释缺乏，过分聪明的同时也相当愚蠢，而这一切却都理所当然。,2014-10-04 17:01:54
1830,123,JOJOORC/Z,,富二代招谁惹谁了,2014-12-11 21:46:04
1831,124,海獭,力荐,家中早已经没有了妈妈，生活早已经很拮据，水电早已经停了，今天吃过的泡面汤要留作明天拌饭，喜爱画画就画在水电停用通知单上，从公园偷水饮用，把摔死的妹妹埋掉......这一切，都没有人知道,2009-07-21 22:46:09
1832,124,半袖,推荐,看完以后，也还是沉默，没有煽情的眼泪，没有明显的愤怒，就和这部电影一样，平静的说一个难过的故事，但没有一个人流泪，甚至连埋怨都没有。被抛弃真的很可怕。,2009-09-12 16:07:19
1833,124,暗中清醒,力荐,我的平常生活就是他人的幸福,2009-10-12 20:40:35
1834,124,reed,很差,一直很奇怪，长男为什么没变坏，看过原型报导才知道，原来妹妹不是摔死的，是他放任自己朋友打死的。顿时对导演毫无好感。,2009-12-05 02:56:05
1835,124,西楼尘,力荐,寂寞放入时间，死生藏进四季。你怎么不来玩了？问出的都是寂寞离散；这就算告别吗？道尽的皆是生死喜悲。泡面桶种下了盛与衰，行李箱藏匿着生与死。头发长了蜡笔短了，寂寞随季节更迭；灯泡暗了蜡烛亮了，生命与时光流转。日复一日无所事事，只好承载思念。最好的一次是枝裕和，最残忍的一场成长悼念。,2016-08-11 23:58:19
1836,124,It's OK,推荐,男孩一次也没有掉过泪，你看见了吗。,2009-08-19 20:40:36
1837,124,桃桃林林,力荐,真是可爱的孩子啊。从《距离》之后，是枝裕和的电影就越来越生活化，有些纪实的风格，琐碎的生活细节，两个小孩甚至算不上表演，即兴发挥的表演也让这部电影充满了生活气息。更难得的是，面对这种狗血的题材，是枝裕和却并没有煽情和大喊大叫，只是让所有角色一起忍耐、承受着，连同观众一起,2010-08-21 11:04:04
1838,124,城南草木生,力荐,艾小柯写的：两个十几岁的孩子，白衣服上沾了泥巴，迎着微曦的曙光，在空旷的早晨一语不发的从黑暗走向黎明，耳边响起的是《珍宝》的歌声：“姗姗来迟的春光，让人深吸一口气……我逐渐成长，没有人可以亲近……”——这段情节最美了,2010-05-02 19:49:26
1839,124,亚比煞,力荐,初工作时认识一位同事，有次一起出差时他忽然对我说起，他从小是被遗弃的孤儿，曾在垃圾堆捡废品为生，那是个夏天，他说话时常走在我前面，白衬衫上有星点的汗印。昨夜看此片，明在午夜霓虹中奔跑的身影，又让我想起他那件刺眼的白衬衫，一瞬间心酸莫名。这些，都是在世界的某个角落里，真实的人生啊。,2011-07-10 08:13:13
1840,124,同志亦凡人中文站,推荐,还是喜欢早期的是枝裕和，不带煽情的写实就像扎进心脏的一根针，让人刺痛到无解。少年柳乐优弥的眼睛太传神了，像是有很多话、又像什么也没说，担当得起戛纳最年轻影帝。,2016-02-18 02:09:46
1841,124,苏丝韩,力荐,埋葬妹妹时，黑暗中特写哥哥微微颤抖的手，那是一双12岁男孩的小手，它将土慢慢撒到箱子上。死亡的主题再次让人动容。真正理解的生命的人不会在死亡面前别过头去，真正勇敢的人即使在不断的失去中也能找到安顿自己生命的力量，但当这种坚韧出现在这些无人知晓的孩子身上的时候，却只让人感到生之残酷,2010-04-03 13:25:37
1842,124,Mia,力荐,意识到yuki已经死掉的那一刻，我一连说了十几个shit。难过却哭不出，像是被谁狠狠打懵了，完全不知该如何反应。,2010-04-10 14:26:53
1843,124,缅怀树,推荐,年度压抑电影第一名,2009-07-20 18:25:19
1844,124,大头绿豆,推荐,看了开头以为这是关于爱的电影，其实这是关于无爱的电影。镜头和音乐看上去无比小清新，看进去之后，却无比悲凉。这四个孩子就像他们在路边捡的种子一样被丢弃，被遗忘，在角落里毫无希望地生长。方便面杯上写着的名字，终于出门时阿明的一笑，以及出门那段的轻快音乐，是仅有的动人时刻。,2011-08-08 00:37:40
1845,124,沉歌,力荐,对于成人世界的不信任在电影中几乎无处不在——妈妈，爸爸们，房东以及房东太太，便利店的店长，援助交易时的男人……,2007-12-30 23:50:10
1846,125,P,力荐,最爱~~~伊丽莎白在大雾中看到渐渐清晰向自己走来的达西先生，我眼睛都湿润了……,2006-06-12 10:16:02
1847,125,kingfish,力荐,"拍得挺美的,拍名著只要不把它拍砸了就是胜利",2006-03-23 09:55:42
1848,125,桃桃林林,推荐,乔·怀特对长镜头有种奇怪的迷恋，总会用那么一两处调度极其复杂的长镜头。美术真棒，布景超华丽，外景也漂亮，摄影很美。情绪很饱满，有几处细节很用心。当然，对于原著党来说，她们是永远不会满意的,2012-07-02 20:39:13
1849,125,陀螺凡达可,力荐,这一版的每一刻都美得让我心醉。特别是片尾达西从田野的晨雾中向伊丽莎白走来的镜头~,2011-12-28 04:55:41
1850,125,原 子,还行,这达西先生是痴呆不是傲慢吧……,2006-05-01 23:57:01
1851,125,jj73浅之,推荐,真受不鸟凯拉奈特莉狰狞的笑容,2009-06-14 16:07:19
1852,125,RUI,力荐,特別喜歡 看很多次了,2007-05-28 14:27:20
1853,125,吃李子不吐皮,力荐,爸爸说出：“如果你嫁给他，我就再也不要见到你了。”的时候真的很感动，他不会为了钱和名誉出卖任何一个女儿，他说他终于找到了配得上他的伊丽莎白的男人。达西从雾中走来，在日出中相依，他不是破晓的阳光刺眼而强烈，是冬日的暖阳温暖又笃定。的确也只有达西能配得上伊丽莎白了，虽然嘴笨的可以，但是每件事都善良而正直。“理智上我觉得我们不配，感情上我控制不住喜欢你。”，从一次次欲言又止中越来越喜欢，从彻夜的钢琴“比较好”在达西眼中变成了“非常好”中越来越喜欢，从雨中雾中的告白越来越喜欢。伊丽莎白简直和她的妈妈完全相反，直接干净，没有一丝物欲的沾染。如今的世界，还有几个达西和伊丽莎白呢。,2021-10-15 22:04:41
1854,125,布宜諾斯,推荐,一群发春的女人和一个完美的男人,2009-05-13 16:06:11
1855,125,Q。,推荐,喜欢导演对光线的运用，很多时候特别唯美。那个时代表达爱情的方式含蓄中有热烈，两人间保持着礼节的距离，目光却可以表达纯净、真挚的情感。片中温馨，平和的氛围，宛如一杯午后红茶，音乐也相当不错。但始终更喜欢BBC版。★★★☆,2008-05-18 01:14:11
1856,125,赫恩曼尼,推荐,当两个无比骄傲的人终于发现自己的愚蠢，爱情才超越一切从天而至，祥和美好。片尾，Darcy一声接一声、一边亲吻一边温柔地叫着Mrs. Darcy，真是美到摄魂。,2012-07-01 11:20:00
1857,125,芦哲峰,推荐,英伦田园的风景美丽如画，绅士淑女的爱情曲折如诗；也许这不是最好的一版，但绝对是最美的一版，画面太迷人了。,2012-01-13 11:51:26
1858,125,CC,推荐,"温馨的结局,看到和爸爸谈话的那段,哭了",2008-11-02 18:44:59
1859,125,阿vi子,推荐,全程痴迷于女主颜值中。。。长的好合我口味～有种别致的美,2017-09-13 20:19:06
1860,125,影志,力荐,以为很平庸，结果意外的好看。,2006-01-08 03:51:12
1861,126,with,推荐,和谐的生活离不开摸头与被摸头,2010-05-18 20:31:14
1862,126,THE M,力荐,哇哇哇好看 那龙的原型绝对是一猫,2010-03-28 23:33:23
1863,126,shell ❤ キリンさん。,推荐,妙蛙种子龙。。呜哇,2010-03-29 00:22:19
1864,126,哪吒男,推荐,这根本不是驯龙，这分明就是谈恋爱！,2017-01-23 14:50:01
1865,126,pogocho,,强过阿烦达太多太多了,2010-04-03 03:27:29
1866,126,Q。,推荐,虽然没有皮克斯那么有深度，故事情节也略显老套，但是好的电影就是能让观众沉浸其中，不管是用画面用音乐还是用其他的。错过档期没去电影院看3D只能说是一种遗憾，还好720p的效果也十分的赞，这应该是我今年到目前看过最好的一部动画片。★★★★☆,2010-10-05 04:56:57
1867,126,玻璃被子,力荐,我觉得今年其他的动画片可以不要演了,2010-03-29 07:03:20
1868,126,TORO VAN DARKO,推荐,90分钟绝不冷场愉悦刺激的观影体验！3D技术的进步更是锦上添花~恰到好处的笑料，让人爱不释手的角色，精准传达的主题，精彩的动作场面，都是此片绝对值得推荐的理由。遗憾的是仍有缺陷，使影片仍算不上完美。,2010-04-02 04:12:55
1869,126,张小北,推荐,自《阿凡达》之后最愉快的3D电影观影体验。,2010-05-16 01:25:04
1870,126,巽,还行,这片儿告诉我们的道理仍然是：技术宅拯救世界。,2010-11-11 11:40:42
1871,126,影志,力荐,“和谐的生活离不开摸头与被摸头。”《驯龙高手》的优秀足以证明皮克斯动画并不是不可超越。,2010-05-18 21:25:00
1872,126,tintin76,推荐,剧情有点颠覆，台词狠搞笑，3d可要可不要,2010-03-18 11:08:45
1873,126,Yolanda,力荐,没牙的本质是只狗,2010-05-30 19:24:23
1874,126,Doublebitch,力荐,“没牙”真可爱呀真可爱~,2010-04-16 21:32:35
1875,126,spencer,力荐,酷酷的小龙外表下，是一只大型宠物犬的个性。,2010-05-14 22:41:35
1876,127,老阿飞—故园,力荐,一句“freedom”煽的我眼泪哗哗的,2007-08-26 14:48:43
1877,127,老鸡｜扶立,力荐,有时候男人的一句嘶吼也可以让人流泪,2008-01-10 16:29:33
1878,127,影志,力荐,那时候的史诗片拍的多好，90年代的大片就应该是这样的。,2006-02-04 06:07:48
1879,127,lisa|离,还行,其实觉得一般来着,2008-04-11 19:11:42
1880,127,Cherry,力荐,freedom,2005-07-12 17:28:02
1881,127,今天小熊不吃糖,推荐,所有的人都会死，但并不是每一个人都活的有意义。,2010-06-20 10:25:24
1882,127,战国客,推荐,Freedom！自由从未来得这么震撼心灵过~~,2008-03-18 14:00:08
1883,127,冰红深蓝,力荐,梅尔吉布森自导自演，斩获奥斯卡多项大奖。这部影片从史实角度看完全不及格，但从史诗角度看绝对堪称经典。童年苦情经历、爱情、复仇、战争、背叛、受刑等英雄片的元素齐集，配以高潮迭起的剧情和悠扬的苏格兰风笛，让人即使知道剧情与史实不符，也禁不住流泪。（8.5/10）,2014-04-15 15:30:11
1884,127,伊卡洛斯,力荐,自由就是这么来的，可奴隶也是这么来的。,2009-12-01 17:18:42
1885,127,UrthónaD'Mors,力荐,里程碑式的电影,2007-09-30 00:30:48
1886,127,林愈静,力荐,看了三遍，很好看。Freedom！！时间：2003,2006-04-21 20:57:23
1887,127,Memento Mori,力荐,我不为结局震撼或感动。电影行至2/3，我冷笑所谓的【一生一世的爱情】最后还不是被苏菲玛索折腰。然而在他死刑前，见到的最后一个影像——眼泪就这样不争气，诺言就是这样顶天立地。,2010-04-27 22:01:01
1888,127,有未始有始也者,还行,剧情很扯淡，砍人很好看,2006-05-26 01:10:25
1889,127,雨果,力荐,"其中有一个场景很享受,大约是最后30分钟,华莱士的伙伴重新聚集力量,向其他人宣传华莱士召集士兵做战前准备，而华莱士独自一人登上高山顶峰,那一刻音乐背景画面以及心灵都异常的充实满足。因为这部电影爱上了苏格兰音乐，充满异域风情，风笛太好听了",2016-12-07 23:20:07
1890,127,朝暮雪,推荐,生命诚可贵，自由价更高。,2017-02-24 23:40:32
1891,128,苏菲sama,力荐,对于我们最爱的人，不说永远，只说珍惜。差点在电影院哭断气,2013-10-02 20:23:04
1892,128,眠去,推荐,穿越界第一女朋友:Rachel McAdams; 喜欢这部片子的光感，最爱大雨如注的那场婚礼，你紧张地问我，是不是想要一个阳光明媚的婚礼，不不，一切不需要重来，一生只这一次就好。,2014-01-10 19:59:42
1893,128,Reader,推荐,突然悟出一個道理。分分合合的戀情，多半因為其中一方熱切於go back in time，重臨兩人曾經的過往。而另一方並不。,2013-09-21 21:56:52
1894,128,Ying,力荐,你们有没有发现，所有的时空穿越的电影和书到了最后都在告诉我们，要living in the moment...最朴实庸常的时刻也是美好的,2014-04-20 00:31:11
1895,128,木卫二,还行,以为它是软科幻片，结果一开始的感觉，它是个喜剧片，紧接着你发现它是个爱情片，然后你发现它个伦理片，最终，你发现它是鸡汤片。不可否认，这鸡汤还是挺美味的。,2014-10-25 23:50:44
1896,128,二道贩子,力荐,可能是为了卖片，包装成穿越爱情故事，为此差点错过此片。谢谢贤妻的死拉硬拽。虽然中间说了几句这不合理，但真的很好，上了年纪的人，给我们上了一课，关于时间，关于人生，好像还关于电影，那个黑暗的小屋，何尝不可以是电影院。,2013-10-06 01:23:38
1897,128,桃桃林林,推荐,理查德·柯蒂斯擅长的轻松有趣加温情。时空旅行仅是噱头，重头还是亲情。当主角发现即便可以时空旅行，仍无法避免那些生活的悲剧。比如亲人的离去，我们始终无能为力，这恐怕是最触动我的地方。最终的主题仍是学会爱，学会生活，并珍惜与亲人的每一天，这话说来容易，实际却相当难。生活中同样应该如此,2014-01-11 11:54:01
1898,128,陀螺凡达可,还行,对真爱至上/海盗电台都无感的我，自然也喜欢不起来他的这部新片，受不了这种非要在Chick Flick中探讨人生的刻意感，好几个小清新的煽情段落都可以直接用来当心灵鸡汤式的公益广告了，配上干瘪的说教更是雪上加霜。时空穿梭的BUG实在碍眼，“再来一次”的笑料也过于重复，OST好听到让我不断出戏。,2013-11-09 07:55:17
1899,128,zinnia,推荐,被初恋诱惑时，竟然是拒绝后第一时间回家求婚，这个真是犯规了，太感动,2021-01-02 19:55:50
1900,128,davekozg,推荐,1、三观够正，道理积极；2、故事想法很有意思；3、原声配乐很好听；4、剧本有问题，过度弱化冲突，故事本身除了舒服外没有说服力，life is much harder；5、太多旁白只说明剧情推进的乏力；6、镜头不时莫名其妙地晃；7、片子质量有三分，给到四分是私心,2013-10-31 13:26:25
1901,128,秋禾 啾,力荐,奇怪的是，回到过去这项超能力，最终教会我们的却是头也不回地往前走。,2020-09-12 22:58:32
1902,128,影志,推荐,“我试着过好每一天，就像我已经穿越回去那天一样，去享受它，当它是我非凡却又普通人生的最后一天…跌跌撞撞和摔倒都造就了现在的我。” 扔掉可反悔的《人生遥控器》，过好每一天！50%的浪漫爱情+50%的家庭亲情和人生感悟，不如《真爱至上》《海盗电台》浪漫的彻底，却也直抵人心。打个俗分4星。,2014-01-05 00:20:13
1903,128,Nee,力荐,"编剧是Love Actually的Richard Curtis, 女主角是来自于另一部时间旅行电影The Time Traveler's Wife的Rachel McAdams. 配乐沿用了Gravity里的钢琴伴奏，画面美好到让人陷在爱恋中。在伦敦，若不好好谈一场恋爱就太辜负这个城市的一片深情。把每天当作最后一天般珍惜度过，积极拥抱生活，就是幸福。",2013-10-18 11:17:02
1904,128,荔枝超人,推荐,关于时空穿越的“技术流”问题不少，但是作为一部有笑有泪又有爱的心灵鸡汤片该做的也都基本表现到位，尤其泪点深得Eternal Sunshine of the Spotless Mind和The Curious Case of Benjamin Button之精髓。,2013-10-13 23:21:22
1905,128,#瞬间收藏家#,力荐,"""How long will I love you?""情节退后一步，把舞台留给家人、生活，留给错失爱人时的惊惶、表白时的笨拙不安，留给最后一次海滨散步、最后一次拥抱、最后一个吻。每天过两遍，会发现被忽略的美好；孩子养三个，万一某个太聪明笨笨的两个可以作伴。片名有点误导，画面美歌好听，一家人在一起真好。A-",2014-01-16 00:27:19
1906,129,宇宙,推荐,除了JohnnyDepp 还能有谁能有那样的眼神？,2008-04-28 14:45:43
1907,129,老鸡｜扶立,力荐,爱德华的眼睛让人心疼,2008-01-10 16:26:34
1908,129,一粒球。,推荐,有时候卑劣的人性才是剪刀。,2010-04-04 22:33:01
1909,129,UglyBerry,,就让我相信全世界的雪都是爱德华下的吧。,2010-01-09 11:41:37
1910,129,宋阿慕,力荐,"JohnnyDepp最经典的一部片.
很美丽的童话.
那个孤独而美丽的爱德华让我至少哭了两遍!",2008-02-19 15:21:29
1911,129,Rivers,推荐,孤独本是生命的常态,2010-01-24 11:42:57
1912,129,mongolialong,还行,奇怪喜欢的人这么多。我竟然找不到共鸣处。,2008-01-02 16:27:16
1913,129,大头绿豆,还行,感觉情绪还没酝酿好就结束了。失望。,2005-11-23 22:08:13
1914,129,幸运遇见你,推荐,"如果我没有刀，我就不能保护你。如果我有刀，我就不能拥抱你。
         这个城市看不到雪，我为你降一场雪，每一片雪花落地那都是在说，我爱你。
        我现在已经是个老妇人了。我只愿他记得我当初的样子。",2016-08-18 14:06:54
1915,129,lily,推荐,佩格居住的小镇是画笔般彩色的，这里的人们好奇热情也多疑。爱德华获得明星般的关注，也在人类的世界遭遇讨伐。金对于他，永远只能是剪刀下冰雕的女神像，无法拥抱，无法守护。完美的悲剧童话，如同后来每年的雪。,2016-11-19 16:52:51
1916,129,Doublebitch,力荐,Adward脆弱的眼神永远忘不掉,2008-01-26 18:39:55
1917,129,杜扬Seatory,力荐,童话真美好 现实太聒噪,2006-10-24 03:48:41
1918,129,吴花果,力荐,美好的东西注定只能潜藏在角落,2006-08-26 17:42:20
1919,129,宋小君,力荐,他来之前从不下雪。,2012-01-03 17:16:05
1920,129,smallsmile,推荐,第一页显示出来的影评都挺恶心的。滥情。影评的悲哀是写成了剧情介绍,2009-06-17 19:58:20
1921,130,沉歌,推荐,对待死的敬意，犹如对待生的真诚。举重若轻。,2009-03-18 17:03:04
1922,130,眠去,推荐,日本人的表演还是太做作,2009-04-01 14:09:06
1923,130,塞腮,力荐,我觉得这个电影不是讲死亡 甚至什么追忆怀念云云 而是讲一个人在逆境中如何面对世俗的目光生活 从在意别人的眼光 到最后在工作中找到自己的价值 高度认同它 与世界沟通 还有宽恕他人 从而达到自我的新生 从这个角度来讲 这部电影是更像是一部励志片 而不是简单的感情片,2010-01-03 01:02:08
1924,130,影志,力荐,The gift of the last memories. “人一辈子买的最后一样东西(棺材)是由他人决定的。” “死可能是一道门，逝去并不是终结，而是超越，走向下一程。” “入殓师就是让已经冰冷的人重新焕发生机，给她永恒的美丽，这要有冷静、准确、而且要怀着温柔的情感。”,2009-04-01 02:20:04
1925,130,徐小花,力荐,很温柔很温柔。。眼泪有很多种，这是非常有劲道，非常耐人寻味的一颗,2009-03-19 20:17:20
1926,130,故乡无用,推荐,我可能看这个片子太晚了，现在看不太有深的触动，反而会觉得情节制式化。澡堂奶奶的离世，太太的理解，父亲逝世时握紧的石子和亲缘关系的和解都可以猜到。临近结尾同场观众有很多啜泣和翻纸巾的声音，而我只觉得广末凉子扮演的女性角色太传统太刻板化了，“完美”的日本家庭主妇，永远微笑体贴理解的女性伴侣。,2021-10-29 22:07:23
1927,130,离,力荐,入殓师老板在自家店铺楼顶的玻璃花房里烤河豚鱼白吃，四周都是绿葱葱的植物。,2009-05-13 01:43:35
1928,130,hellstay,力荐,东亚三兄弟这个儒家体系（包括日本那个变种儒家文化）都有这个臭毛病，活着的时候一忍又忍，死了却“人都死了”就各种迁就了。想成为女性的儿子被父亲接受了、想穿长筒袜的老奶奶葬礼上穿上了，一辈子糟糠妻的女人死后让丈夫知道自己的美貌。想到从小的唯物论教育下死亡就一切的湮灭，以上的事情让人更加难过了。,2021-10-31 20:23:10
1929,130,A 涂,力荐,好吃得让人为难,2010-03-12 13:42:27
1930,130,素生,力荐,孝，最不能等,2009-03-31 19:19:29
1931,130,StarKnight,力荐,唯一缺憾：广末凉子太漂亮了……,2009-05-22 06:53:41
1932,130,同志亦凡人中文站,推荐,入殓既是生者的最后道别，也是死者的洒脱上路。生死之间，皆是肃穆。,2015-01-01 16:09:42
1933,130,boks,推荐,迷恋死亡仪式的日本人,2009-03-28 14:14:26
1934,130,赫恩曼尼,力荐,既然死是每个人终须面对的，何苦还挣扎于那些无谓的事情上？喝过的酒、爱过的人、浪费过的力气、余留下的残念、望不见的未来……凡此种种，终有一天烟消云散。我仿佛看见玫瑰落在眼睑上，作无人之眠。那里是我们曾眷恋和执着过的生命，还有无法逃离的死亡。,2013-08-05 16:10:39
1935,130,润物,力荐,奥斯卡最佳外语片，这应该是继黑泽明那部《徳苏乌扎拉》后日本又一次赢得此奖项。日本人总能抓住人类内心的那份感情，而且能用电影语言表达出来那种共鸣感，这次他们对于人生死亡的态度，深深地让世界为之感动，影片缓慢细腻，用最实在的真情打动了人类的灵魂。,2009-03-26 16:38:45
1936,131,影志,力荐,Ennis不爱男人，也不爱女人，他只爱Jack。“希斯·莱杰和吉伦哈尔让这个痛苦的感情故事在我们身体中蔓延，莱杰先生神奇且难以置信地从他自己的身上消失而完全融入了角色，这是一个在银幕上可以企及马龙·白兰度和西恩·潘的表演” 人人心中都有一座断背山，那是一个永远也无法抵达的梦-李安,2006-01-08 04:59:40
1937,131,大島,推荐,看来我没有弯的潜质，一上来我就把攻受猜反了,2015-09-08 17:43:23
1938,131,luce,推荐,没有办法不注意同妻的部分…… 都太苦了,2020-12-10 16:26:06
1939,131,林小乔,力荐,如果一生不能和最爱的人渡过，那贫富喜怒又有什么区别，责任信仰又有什么意义。,2011-04-09 11:31:18
1940,131,萨嘎摩多熊猫桑,力荐,【剧透】你有一个挚爱你的人，但我不敢说你也挚爱着他，因为你有太多的怯懦。我当然知道你爱他，你哭着对那两件衬衣发誓，让我也跟着掉泪。只不过我还是会想：或许你更爱你自己。他死了，再也不能爱你了，你后悔了吗？,2008-11-24 22:46:42
1941,131,nihaoma,力荐,这部电影于我，后劲很大,2006-10-11 20:54:13
1942,131,littletwo,力荐,"喜欢李安。他的深沉、细腻、柔和、感性。他在《断背山》里揉进了那么多东方欲说还休的矜持，让我一下子觉得，他们的世界离我是那么近……
如果让我选择几部自己认为最优秀的电影，〈断背山〉肯定是其中之一。",2007-10-09 09:30:00
1943,131,公子羽,力荐,这就是他们的命吧。李安说：人人的心中都有一座断背山。其实，不如说每个人都有回不去的地方。一个夏天的故事就是一辈子的回忆，因为这种不等式的交换才让他们生命的价值显得悲壮而又无奈。烟花已灭，埃尼斯与杰克都在黑暗之中，一开始看不清别人，也看不清楚自己，可慢慢的都习惯了。潮起潮落，有的人认命了，就飘飘荡荡地活着，有的人不肯认命，就挣扎地想抱一丝希望，无非是想多找到一点可以温暖的回忆。其实，不管怎样都是不容易，费劲是相当费劲的，除此之外也没更多选择。,2006-02-19 00:50:19
1944,131,Charlie,力荐,i wish i knew how to quit you~,2007-02-09 14:52:24
1945,131,同志亦凡人中文站,力荐,断背山讲述的并不仅仅是性，而是爱，一种因为犹疑而备受阻碍、最终化为心底悲哀的爱。每个人心中都有一座断背山，因为每个人都藏有一份禁忌的爱。,2012-01-17 09:26:23
1946,131,2013,推荐,深邃的大山和静谧的流水，一段如歌的爱情与疼痛的秘密。,2006-09-11 17:24:26
1947,131,不正经的夏夜,推荐,全程都觉得两个男主是纯洁的兄弟友情，看完了上豆瓣一搜才发现我他妈看的是删减版。,2017-03-12 12:37:27
1948,131,艾小柯,力荐,李安将一个动人的爱情故事讲述到了完美。导演天衣无缝。,2006-06-16 01:21:42
1949,131,細細陳,推荐,原来男人与男人之间，也可以爱得这么唯美,2008-09-09 22:02:47
1950,131,阿vi子,推荐,帐篷里的那段感觉挺突然的……,2018-01-13 22:53:26
1951,132,大头绿豆,力荐,从没见过那么流氓的温柔，从没见过那么温柔的流氓。,2005-09-04 15:05:33
1952,132,曾静,力荐,100个人看到片名，都会以为菊次郎是片中小男孩，哪怕看过了，以后看到片名，还是会这样认为。,2017-02-11 20:58:13
1953,132,丁一,推荐,北野武与老母不和。事业稍有起色，老母就每月催他寄钱回家，偶有延迟，便来电破口大骂。母亲的贪婪势利让北野十分气恨，老母去世时甚至不想回家奔丧。后来，北野武的大哥交给他两件母亲留给他的遗物：一封信和一张存折。信里写道：我儿，你从小就生性浪荡，我担心你日后一无所有…存折里有一千万圆,2018-05-18 20:24:18
1954,132,海心,力荐,看到最后我哭了，巨大的孤独感将我摧毁。,2009-01-03 14:48:35
1955,132,sgrl,很差,一个loser带一个又黑又丑小孩找妈妈，期间把路费钱赌输了，依靠蹭吃蹭车，如果别人不同意哪怕不主动帮助就采取坑蒙拐骗的方式，美其名曰坏大叔温柔的故事，一些豆瓣高端人士表示这部片子是大陆至今无法涉及并能拍的片子。,2019-03-14 11:48:06
1956,132,icancu,推荐,"北斗七星的来由：一个小女孩走了很久的路为她发烧的母亲找水，晕倒在路上，醒来时看到自己的水斗里盛满了水，她开心地要跑回家，这时来了一只很渴的小狗，她把水喂了它，水斗就变成银色的，升上了天空。
　　即便自己缺少爱，也带给别人爱，因为头上有北斗。
　　每个人都在旅行，有目的的，没方向的。有的人一直在走，有的人原地呆着，但我们都会经历很多人事，去遇见，或是被遇见。夏天，就这么结束。",2007-09-16 00:41:30
1957,132,西楼尘,还行,石头能变成糖果，橘子能变成饭团，河里能变出八爪鱼，郊外能变出外星人。习得了将水斗变出星光的魔法，却没有了将夏天留住的神力。拥有了治愈疼痛的纱布，却没有了治愈自己的风铃。去过最不幸运的赌场，最不热闹的车站，菊次郎仿佛牵着儿时的自己，发现长大以后竟然不能像正男那样抹眼泪，真叫人难过。,2020-09-25 23:07:30
1958,132,根,力荐,哈哈哈哈哈哈哈肚子都笑出波浪了。夏天真是一个奇怪的季节，明明实际上经历的只不过是黏糊糊的一身臭汗，可是总是忍不住将其与青春之类相联系，然后在夏天以外的季节回想起来的时候就特别特别怀念。每年都要陷入这样骗局似的怀念里。,2014-02-17 21:23:07
1959,132,七月的旅人,还行,其实电影拍的不好，无意义的镜头太多，使得全片显得过于刻意，有点拼命让你笑的感觉，且过度使用同一个BGM，显得烂俗、生硬。电影大部分时间都在消费久石让的音乐和日本本身就很美的风景，俩飙车族的出现更是显得莫名其妙，莫名其妙听菊次郎的话，莫名其妙陪正男玩。不过我承认确实被电影感动到了。,2016-07-17 10:02:18
1960,132,Zia,力荐,充满爱的北野武 有点木讷总是低着头的小男孩正男 细节总是让人感动和莞尔 在久石让美好的配乐中最后才恍然大悟 原来他才是是菊次郎呀,2009-08-31 15:55:40
1961,132,你大立,推荐,奇怪，明明夏天总会有能烧焦皮肤的太阳，讨人厌的蚊虫，闷热的空气。但只要有一阵风吹过来，夏天就是一年中最好的季节。,2017-05-06 17:09:23
1962,132,米糟糕,力荐,"大叔,你叫什么名字?
菊次郎.
……",2008-07-18 17:18:05
1963,132,白羽,力荐,幽默，小伤感，公路电影，难得的好片子，大陆至今无法涉及并能拍的片子,2009-05-11 10:26:13
1964,132,sia,力荐,天使终究是不会来的。可是我们还有北斗七星。,2006-02-12 01:07:54
1965,132,老阿飞—故园,力荐,爱有很多种~跟一个流氓过暑假会有这么好,2006-01-10 03:19:52
1966,133,小锡兵,力荐,此生暂借于世上。。这是无言的结局，我能想见阿莉艾蒂最终被同族淳朴少年打动，相守繁衍。那个有温柔眼眸的人，从此相忘天涯，深藏于心。,2011-06-20 01:40:22
1967,133,Q。,推荐,“你永远在我心中，我永远都不会忘记你。”这是一部难得一见的富含诗意和伤感的动画片。细节和人设很棒，赏心悦目；配乐尤其出色，但叙事太过苍白匆忙。最后的轻轻告别，两人往后都会有自己人生，走自己的路，但曾经那段美好依旧会沉淀为一辈子的记忆。★★★★,2011-06-24 10:49:32
1968,133,岛上的夏奈,力荐,能赠予你的临别礼物，不过是一块小小的方糖。,2011-06-18 03:04:18
1969,133,Miya.,推荐,我相信他们终有一天还会遇见的。,2011-06-17 18:57:54
1970,133,shawnj,还行,富四代，虽然你粗暴地用华丽的厨房打动了丈母娘，却无法用奢华的别墅赢得美人的心。太多现实问题你没考虑，比如抚育下一代的问题，你想过没有？！！,2011-06-27 08:46:40
1971,133,根,力荐,阿春那种无缘无故的残忍和仇恨是怎么来的呢？不过想想我小时候也爱水淹蚂蚁什么的，大概是同一种心理吧。,2012-08-05 13:16:32
1972,133,方小孬,还行,那个阿春好讨厌啊，让人家好好生活步行么，为啥要抓起来啊。。,2011-06-19 10:39:12
1973,133,病気君,推荐,那个该死的女佣怎么不去吃屎啊！！！！！！！！！,2011-06-30 22:54:49
1974,133,称称,推荐,宫崎骏爷爷是要告诉我们，即便你爱着城堡少爷，你最后也只能嫁给隔壁张三。,2012-04-15 13:02:15
1975,133,shiya,力荐,比波妞好看多了……而且配乐相当好听……,2010-07-21 23:14:53
1976,133,阿翮,力荐,吉卜力的动画里，总有个坚强的姑娘。最后送别时阿莉埃蒂摘下发卡，栗色的头发飘起来，她把它送给翔，说把它带在身边，翔微微睁大眼睛。我就是在这个时候，掉下了眼泪。阿莉埃蒂也掉下眼泪。一年多以来几乎没有什么戳中我泪点的电影。少女说“你保护了我，很开心。”而少年只是轻声呼唤着少女的名字。,2011-06-18 23:49:52
1977,133,迦拉夏,力荐,刚去看了回来，音乐实在太赞了！,2010-07-17 21:23:00
1978,133,BabyMoon,力荐,香港首映宫崎峻的借东西的小女孩亚利亚蒂。刚看完出来。观众在亮灯时仍然没人起身，一直到字幕结束。非常唯美，非常感人。我要去下ost。电影给六颗星。,2010-12-25 23:20:32
1979,133,诺顿家的花儿,力荐,她在他的手心，她在他的肩头，她在他的心间。感谢宫崎骏，感谢吉卜力，总是给我们纤尘不染的梦。,2011-06-22 16:48:54
1980,133,五色全味,推荐,“我們要努力活下去！”但願你不要隨便放棄,2011-01-02 23:42:18
1981,134,说不清的蓝。,很差,我想我已经厌倦了王家卫式的忧伤，说来说去，不过爱情，记不清什么时候，三个月前或者九个月？是，这个世界难以言说的愁那么多，不可斗量。可，那又有什么用呢。我更加坚信好的作品是应该能给人美的感受的，能让人勇敢的对话心灵的。那么多的伤心拥挤，谁会让你快乐一点呢。心情很美丽，悲伤勿扰。,2012-04-01 23:18:20
1982,134,根,力荐,看旧电影最无法跨越的逻辑障碍：金城武怎么可能会被甩！梁朝伟怎么可能会被甩！这不是渎神吗！,2016-12-13 21:09:45
1983,134,児童症×,推荐,"一个人哭了，你给纸巾他就行； 
　　但如果一间屋哭了，你就要做很多事情。",2009-09-17 20:27:33
1984,134,老袁,力荐,重新看了一遍重庆森林。想知道金城武为什么可以连吃三十罐凤梨罐头加四份厨师沙拉薯条汉堡而不胖。因为早上六点起床跑步吗？,2016-12-28 00:37:09
1985,134,寂地,力荐,最喜欢王菲一边开着水龙头一边说因为下雨没有办法交电费.还有那个 加洲梦的音乐.,2006-01-02 15:10:17
1986,134,今天小熊不吃糖,力荐,我想和梁朝伟演的那个633谈恋爱……太帅了太帅了！！,2008-09-15 17:04:40
1987,134,RoyKyo,力荐,看了28遍,2007-01-07 02:37:27
1988,134,乐安蓝,力荐,最喜欢的一部王家卫片子。喜欢王菲的那种“我爱你与你无关”的单纯，喜欢她把唱碟机开到最大，摇头晃脑地听着mamas&papas的《california dreaming》的样子~~,2008-03-02 15:14:39
1989,134,Scarrie,推荐,"那时她还被叫做王靖雯,小鹿様闪烁的眼神,细痩无邪的身体,疯狂的暗恋也不过是纯真执着的本能",2010-08-15 20:17:50
1990,134,老鸡｜扶立,力荐,更喜欢后半段,2008-01-10 16:45:22
1991,134,宋阿慕,推荐,这部片里的王菲和金城武都还是他们最光芒万丈的时候.,2008-02-19 15:00:00
1992,134,芋圆4号,力荐,其实了解一个人并不代表什么，人是会变的，今天他喜欢凤梨，明天他可以喜欢别的。,2010-09-15 20:49:03
1993,134,喵,力荐,两个故事，似乎梁朝伟的故事更是我的菜。原来爱情还可以这样——梦游。无论是633的家里，还是“加州”，都是相同的地点，不同的时间。空间的距离，最终却都会重逢。“她走了之后，家里很多东西都很伤心，每天晚上，我都要安慰它们才能睡觉”——瘦了的肥皂、哭着滴水的毛巾、寂寞的衬衫,2013-03-04 20:19:53
1994,134,米粒,推荐,唉！装逼文艺青年必看，从台词到镜头，掉帧什么的，哎哟~~~骚！托尼梁制服诱惑受不了啊，原来那么多文艺青年的台词都是这里来的，连周星驰那句都是。。。。- - 那个时候的王菲（还叫王靖雯）和金城武都像虾饺一样白嫩可爱。音乐好听呀。,2011-09-08 10:08:48
1995,134,所有团的团长,还行,挺想知道如果这电影不是王家卫+梁朝伟+王菲+林青霞+金城武，一样的表演、台词、镜头 ，会不会被人喷出来翔？,2013-01-19 19:25:22
1996,135,托尼·王大拿,力荐,达伦，你到底从今敏那里偷了多少灵感，这和《黑天鹅》的设定有很多相似之处啊！镜子的割裂，心理暗示，散碎的剪辑，真他妈牛逼。,2011-04-24 14:15:26
1997,135,老阿飞—故园,推荐,谁说今敏不牛b我跟谁急,2006-03-15 03:35:48
1998,135,易老邪,力荐,片子结尾将一切坐实为留美所为不能不说有丝遗憾，其实我个人更赞赏影片60多分钟时的那个剧情构思和说法，即，之前所发生的一切只是一个名叫高仓阳子的平凡女子的人格分裂，把自己幻想为偶像歌女雾越未麻，把自己不堪回首的遭遇幻想成在演戏，藉此得以解脱。,2010-11-02 23:06:44
1999,135,如花就是小妖,力荐,好的剧本就是就算你猜到了结局也猜不到全部,2009-12-15 13:50:33
2000,135,翻滚吧！蛋堡,力荐,看今敏解读，他自己提到《梦之安魂曲》里浴室镜头的模仿：“什么致敬，明明就是抄袭！那个坐在浴缸里的女主角就是詹妮弗·康纳利。后来我还和她坐过同一架飞机，结果她在头等舱，我在经济舱。”哈哈哈哈哈哈,2015-07-08 00:13:12
2001,135,昏金暗玉,力荐,想想看这才是1997年的动画电影！今时今日很多真人电影仍然无法比拟它的用心良苦、诚意、和所达到的效果。为了扑朔迷离，今敏用尽心思。,2010-08-15 15:41:59
2002,135,Doublebitch,力荐,这绝逼不是给小孩子看的动画,2010-11-15 14:33:05
2003,135,同志亦凡人中文站,力荐,惊悚得头发梢都立起来了，今敏就是动画界的大卫·林奇啊！虚实切换得让人叹为观止～,2015-05-17 17:46:41
2004,135,有未始有始也者,推荐,強姦戲可以理解，拍裸體寫真就絕對是敗筆（雖然是留美發瘋的關鍵），這樣一來未麻的演員定位就有問題了，到底是實力派呢？还是三級片明星呢？,2007-01-23 02:54:59
2005,135,牧三洵,力荐,表现人物扭曲的方式：眼距加宽。,2022-11-24 13:08:50
2006,135,匡轶歌,力荐,这就是那种即便导演给有一个看似“封闭”了的结局，也依然完全“开放”的片子。任何一种诠释都可以成立，也都无法彻底成立。,2013-02-20 16:06:43
2007,135,JOJOORC/Z,推荐,边看边起鸡皮疙瘩，但看到结尾为什么觉得很励志……电影海报是神作,2007-05-28 00:02:22
2008,135,木由,力荐,最好看的今敏。一个细节，所有被杀的人都是被刺了眼睛。,2015-05-09 10:17:38
2009,135,Rivers,推荐,梦境 现实 虚幻 穆赫兰道的感觉,2010-10-11 09:57:03
2010,135,汪金卫,力荐,今敏大师导演的第一部动画，原来就如此牛逼！与之相比《黑天鹅》简直如同一个拙劣的模仿者。人格的分裂，梦境、戏剧和现实的混淆如此诡异、出色，只有动画……不，只有今敏的动画才做得出来！凌厉的剪辑令80分钟里观众时刻紧张万分。不停的思考情节和人格的真假。浑身冒冷汗。黑天鹅弱爆了！//20180923SAME法文展映。时隔多年再刷，买了原画分镜设定集，又看了今 敏的书了解了制作的来龙去脉。在影厅里依旧看得头皮发麻。除了因制作问题在作画方面有瑕疵，在剧情、分镜、音乐上堪称完美。梦境与现实，真实与虚幻，人格分裂、戏中戏……环环相扣，大师处女作即展露出尖锐的锋芒，已能看到后来作品的影子//20240424北京电影节资料馆4K修复版。,2011-11-27 19:14:26
2011,136,彩戏师,推荐,不管是书还是电影，火焰杯都是最好看的,2009-08-03 12:35:01
2012,136,同志亦凡人中文站,还行,发型和服装交给演员自己乱搞的结果...,2012-07-20 19:52:58
2013,136,和风莫吉托,推荐,感觉拍得最差的一部。初三在影院看完后你还找我借了书，记得不隔天上课时你捧着那本漂亮的绿皮书向后侧过身子指着描述穆迪假眼睛的那段对我笑得合不拢嘴。你让我多想亲你你知道不？,2011-03-15 23:46:15
2014,136,花花,力荐,其实与原著相差挺大，但是记忆里第一次窝在被窝里看到赫敏走下台阶的那刻惊艳永远不忘。凭着这个都愿意给5星,2018-05-19 22:42:55
2015,136,遇见彩虹🌈,推荐,剧情忘记了。赫敏越来越漂亮了，然后那两位越来越。。。,2018-04-17 15:23:13
2016,136,信电影得永生,推荐,这一集真心不错，青春期对异性的朦胧感觉切入，男生女生之间微妙的心理变化。波特接受挑战，内心开始成长。伏地魔复活，黑暗来临。好戏刚刚开始。片子还是感觉长，但因比较细腻，所以没那么无聊，说实话比赛好没劲儿，还好又节省的部分，从第三个比赛才开始紧凑起来。三星半,2013-10-01 21:24:16
2017,136,全都是风,推荐,每次看到第二轮比赛的时候哈利的珍宝是罗恩都笑翻了过去！,2014-06-11 23:01:25
2018,136,鱼丸粗面,还行,150分钟的片子还是感觉太仓促。一些场景、道具比想象中的要简陋。,2006-07-19 15:06:38
2019,136,Neroat,力荐,哈利波特系列最喜欢的一部，剧情最吸引人的一部。另外，克鲁姆很迷人。一如既往地爱着罗恩。,2014-11-17 09:38:33
2020,136,金黄的悬铃木属,推荐,开头的学院出场让我好不适，女孩们“风骚”的出场，男孩们“阳刚”的出场。四人里芙蓉总是最先淘汰,2023-12-27 18:10:46
2021,136,Nakedself,力荐,英国人把冒傻气的哈四演绎成了绝妙的青春戏剧，三人组的吵架，亲密得让人不好意思起来。而我最喜欢纳威。,2006-05-17 15:59:44
2022,136,流空破刃,还行,选角的糟糕抹杀掉了其他方面的所有努力。更何况……剧情推进太糟糕了，丢三落四紧赶慢赶要把一本书挤进一部电影里从此成为系列标配。,2011-08-03 22:13:58
2023,136,Griet,还行,搞P啊！DT的戲份也太少了！,2010-04-21 11:26:10
2024,136,tavico,力荐,目前为止这部最好看，不过可以想象书应该更精彩，尤其是斗龙那里,2009-07-26 16:11:05
2025,136,451½°F™,推荐,位于「哈利波特宇宙」中段的第四部也是从儿童轻喜剧冒险类转向青年成长阵痛向的关键点，伏地魔回归 / 哈利波特首次面对关键角色死亡，都是下阶段的伏笔和引线，英国演员群贡献了惊人的龙套群——从大卫田纳西到青葱时代的帕丁森。,2007-12-16 18:24:42
2026,137,吴花果,推荐,"""小时候,谁都觉得自己的未来闪闪发光,不是吗 　　但是一旦长大,没有一件事会遂自己心愿"" 　　 　　她总是想着办法，即便是些常人看起来怪异可笑的办法来面对不太公平的生活遭遇． 　　 　　看得我真他妈压抑. 　　我就是无比恐惧自己的生活会变成这个样子 　　导演和编剧把我对我生活的梦魇般的臆想变成了胶片",2007-04-08 15:21:18
2027,137,战国客,推荐,她只是怕寂寞……,2009-10-11 21:46:34
2028,137,一株🍀香菜,力荐,是嘲讽吧——你以为人生要完了的时候它还在继续，你以为人生可以重新开始的时候，人生已完。,2012-09-10 20:45:15
2029,137,原来是西门大嫂,推荐,生而为人对不起不是关键，不是该如何爱人的问题也不是该在乱世下如何生而为人的问题。因为永远怀着自以为的爱人的方式和错误的善意才是松子“被嫌弃”一生的杯具的源泉，临死前替路人中学生而进行的反抗才是她人生中第一次真正的勇敢。,2008-01-30 18:16:12
2030,137,小米=qdmimi,推荐,像吃了朵过敏的花,2009-04-23 22:30:29
2031,137,张天师,力荐,她不明白人生失败的根源就是全身心地投入舍弃自尊来博得并不值得拥有的所谓爱,2009-12-14 21:10:55
2032,137,Carson,力荐,"用喜剧的手法来拍一部悲剧
你会发现最后笑得前仰后合
而眼里却挂满了泪水",2007-06-07 13:32:05
2033,137,littletwo,推荐,蠢女人。,2008-09-28 17:02:08
2034,137,黄青蕉,推荐,卸负减压催泪神器，又称抖M的失败与伟大,2012-12-08 14:52:41
2035,137,半袖,力荐,松子的生命力真顽强，每次说着“我觉得人生完了”，但是又都站了起来，当然，那时候她多么年轻，还有时间，还有爱。可惜正常的人生还是可望不可及，无非想被爱和爱人，但是不止寡情会辜负人，浓情同样也会。她总是在忍受，即便挨打，也还是要坚持在一起，留着希望，也许这也是一种方式的被重视吧，聊胜于无。是呀，为了被重视，她不断的去讨好别人，用鬼脸、用身体、用爱，但是那雪地上的一击，任谁都会被打垮吧，所以她不再反抗了，对人生逆来顺受，没有人可以相信，善良终于被挥霍完毕了。,2009-01-26 20:41:28
2036,137,▲,还行,到底好看在哪，这样的人生不都是她咎由自取么。,2011-02-13 15:14:08
2037,137,同志亦凡人中文站,推荐,想要活下去才不会死。千回百转，便是人生一世。“欢迎回家”。鲜艳奇幻的日本电影，想象力大于叙事。能看得出来和“告白”是同一个导演。,2014-06-04 21:11:42
2038,137,寂地,力荐,这个故事是对“少女情怀”赤裸裸的嘲讽！,2010-01-10 22:49:17
2039,137,林||我们谈什么都像谈死！,力荐,明明是一个辛酸又残忍的故事，却拍得像童话一样漂亮，看的时候会笑，可看完却泪流满面，这种感觉我不喜欢。,2007-02-20 22:05:52
2040,137,后天的雨,推荐,还蛮唏嘘的一种人生吧，说到底松子一开始就极度渴求爱与关怀，把所有的希望都放在别人身上，以至于不能把握好自己的人生然后堕落，却从未真正得到自己想要的，最后一点似乎是醒悟过来却仍因为意外走完这样的一生,2016-11-19 21:45:06
2041,138,谋杀游戏机,还行,戛纳首映笑疯，放完全场欢呼，但抱歉我真的吃腻皮克斯这口了，一次都笑不出来。不说跟无敌破坏王有很多雷同，把不同情绪拟人化然后让它们打架这idea一点也不新鲜好么，人设奇丑无比，格局又小主题又无聊，好莱坞越来越爱生产瞎闹抑郁症的熊孩子了。谁来救救动画片的想象力？,2015-05-18 22:41:23
2042,138,私享史,还行,身为专业人士，我只能说本片是一部很好的心理学科普作品。但问题恰恰在于，由于它太过拘泥于科学上的正确，其实已经没有给想象力留出太多余地。至于非专业人士普遍给出想象力天马行空这样的赞美，恰恰说明了科学发现之旅本身就是人世间最瑰丽的创造，而艺术需要做的，是比科学走得更远。,2016-03-24 16:15:36
2043,138,陀螺凡达可,力荐,皮克斯第一部没有反派的动画也是其最大胆的作品。整部影片在给孩子看的低龄冒险故事之下，满是只有成年人才能体会到的源自生活的非凡想像力和创造力，核心记忆，个性小岛，抽象空间，造梦制片厂，潜意识监狱，遗忘深渊... 而一如既往的欢笑与感动更使之成功挤进皮克斯TOP之列。,2015-05-27 06:43:07
2044,138,皮革业,还行,正片只够给两颗星，拿猫狗打岔的彩蛋值一颗星。故事和世界观都不怎么吸引人，中间睡过去一段，脑细胞世界的人设丑爆了，估计玩具都不好卖。皮克斯一直在退步，而且幅度越来越大，感觉动画片快出现革新了。,2015-05-19 03:53:32
2045,138,Sophie  Z,推荐,不止是卖萌的画面和天马行空的想象力，看完电影后会重新审视自己的情绪，记忆，甚至梦境。BingBong消失的时候我哭得和Toy story3结尾时一样……,2015-06-24 11:48:30
2046,138,桃桃林林,推荐,好看，想不到一个动画片竟然看得我老泪纵横，从头到尾多处泪点。并不是说有多悲，而是从心底的感动。它会唤起你诸多的回忆，那些亲情与爱，难忘（或已经忘记的）回忆瞬间，一切都是这么真实又细腻，又是在这么一个充满想象力的故事基础上呈现。最终仍是成长与告别。真是服气。,2015-10-06 13:01:43
2047,138,蜜瓜,推荐,看到妈妈的大脑后不禁想是不是到了一个年纪，sadness就会替代joy的主导位,2021-11-21 19:04:27
2048,138,Peter Cat,还行,3.5，使得影片这个脑洞成立的科学基础是某种意义的“心理主义”；但正如心理主义广受诟病把人的复杂情绪概念化、简单化一样。抛开这个设置，影片两条线索都很弱。一边是芝麻大且断裂成长小事；另一边则是模式化诸“性格”俗套历险记。胜在俏皮的台词和略鸡汤growth pain.,2015-06-27 04:43:23
2049,138,翻滚吧！蛋堡,力荐,果然想象力爆棚！最惊喜的倒不是五种情绪的互相作用，而是对影响性格与情感的个性之岛、核心记忆、抽象思维、造梦工厂影像化的呈现。记忆废墟的设定太催泪了，那些被遗忘的曾经和所有崩坏的岛屿，就是我们成长的代价。,2015-07-05 12:17:32
2050,138,熊阿姨,还行,后半截好看。小粉象消失的瞬间看哭了，居然能把抽象的童年消逝变成了这么细致温情的意象，全片就两个情节达到了这个高度，第二个是结尾猫的脑子。,2016-11-05 14:31:46
2051,138,木卫二,推荐,转校故事多。本质上还是跟玩具总动员3讲的成长与失去一个道理，不同的玩具变成了颜色不同、Home Video性质的记忆球。人生当然不是单纯的Joy Story，混合球才是成长的标志物。要讲的事情其实很琐细，正如一滴泪你也可以当它微不足道。但是，如果你记得那滴泪，它就会变得很重很重。,2015-10-07 00:20:53
2052,138,同志亦凡人中文站,力荐,当有天我们会为快乐的回忆流下眼泪，那种笑中有泪的感觉就是长大啊。本质上只是一个儿童故事，但皮克斯的想象力让人叹为观止，尤其是构造出一个妙趣横生而又严谨有序的脑洞世界，看完后好想扒看每个人的脑内呀！！！,2015-06-14 12:46:05
2053,138,凌麦儿,力荐,那时你第一次明白人生不只由欢乐主导，第一次了解万物皆有反面，第一次忘却曾经觉得重要的记忆，第一次在无知无觉中送走曾经无比重要的成长点滴。第一次接受残缺，第一次懂得如何抱着怎么都会有的不完美继续小心翼翼走下去。令人赞叹的主题，毫不拖沓的情节推进，永不让人失望的皮克斯。,2015-07-24 00:52:33
2054,138,永恒的光,力荐,全片我大概50多次情不自禁的 “哇”， 甚至看到热泪盈眶。皮克斯的人都是从另一个世界里走出来的，太有创意了。结尾彩蛋，终于知道喵星人为什么都是蛇精病了，哈哈,2015-06-20 10:44:26
2055,138,伍德与夏洛蒂,力荐,这几年看的最悲伤的一个动画，皮克斯回归神作，#戛纳电影节#放映时掌声雷动，一开始最讨厌sadness，看到最后却最明白她，原声Bundle of Joy太好听了，bingbang那一幕让我和隔壁的美国妹子哭成狗，悲伤是觉得如果我脑里也有数个小岛，有些岛应该早已毁掉也不会再修复。结尾小彩蛋太棒。,2015-06-29 16:12:11
2056,139,荒也,推荐,最喜欢一起上楼梯那段，也是两小时话痨电影里唯一没有对话的一段，和九年前两人在视听室里一样，安静，尴尬，暧昧得浓厚。,2012-09-05 01:34:25
2057,139,大头绿豆,力荐,"“从某种意义上来说，我所有的浪漫
都在一夜之间消耗光了...”",2006-09-25 22:59:01
2058,139,桃桃林林,力荐,他为她写了本书，她为他写了首歌。其实，他们都记得，每个细节。这部就是来还愿的，又是一个开放式的结局。我想这次他们应该不会错过彼此了吧。,2010-06-06 20:03:28
2059,139,南笙,推荐,最后的结尾，杰西坐在沙发上似笑非笑的看着塞林，他一定在想，这个女人太他妈可爱，可爱的想立即上了她，再娶她。,2012-01-06 23:29:25
2060,139,天亮天黑,推荐,浪漫邂逅，偶然错过，久别重逢，物是人非……祝你们最后上床了,2010-07-18 23:23:11
2061,139,亚比煞,推荐,欲买桂花同载酒，终不似，少年游。,2012-02-27 07:41:02
2062,139,红发安,推荐,好的不得了的对白,2006-02-18 11:10:52
2063,139,眠去,力荐,她瘦了。好爱她那件黑色小衫，后背开襟。只是从她拥抱他开始，眼泪就往下掉,2007-09-15 08:17:01
2064,139,苇间疯,力荐,走啊说啊走啊，与一个能从婚姻、政治和理想谈到吹箫、快感和高潮的女人。整个过程，如Deja Vu，却又具象得令人发懵。回忆奇异飘渺，我会用三年的时光无间断地想念一晚上的事，却不愿用一晚上的时间去思索这三年中发生过什么。,2010-09-01 20:38:19
2065,139,欢乐分裂,推荐,2018年5月12日第三次重温。面容略憔悴的他们大谈政治经济以掩饰慌乱，说着无关紧要暗暗焦虑时间的流逝；可是车内的哭诉和家门前拥抱，还有那首歌，真的那么痛，那么无法抹去，“你”只不过已成为“爱”的抽象名词，终生和记忆捆绑。在语无伦次的的玩笑里，现实的冷峻逐渐渗透，眼神确认爱情的存在。,2013-07-14 22:37:59
2066,139,D I D A,力荐,这是我看过的关于男女相遇相爱最美好又最清醒的电影。,2010-02-16 01:04:13
2067,139,黄青蕉,推荐,大家花了10年时间来面对一点也不浪漫的现实生活……两部片子镜头切换的时候听到的全是胶原蛋白流失的哗哗声=  =,2012-03-12 18:54:06
2068,139,林||我们谈什么都像谈死！,力荐,如镜子一样的台词,2006-11-03 10:06:48
2069,139,绿鲤鱼与绿驴,推荐,"""你相信有一天巴黎圣母院会消失吗？""
在一个百无聊赖，写不出论文的晚上，在巴黎圣母院烧掉的晚上看了这部。
也许有一天我也会和一个人并排走在巴黎的夕阳里，慢慢给她讲我的爱情故事，讲我失败的，寡淡的感情经历。吹着塞纳河的风，让过去的都过去吧。",2019-04-16 06:12:43
2070,139,A-sun*,还行,哪浪漫了。哪浪漫了。我老了。我老了。我老了。,2010-04-21 21:54:40
2071,140,根,推荐,我觉得一个更可能的故事是：同一列火车上长相平庸的男女，也许真的能聊得非常非常投契，他们看过一样的书，喜欢同一部电影，讲的笑话能让对方哈哈大笑，甚至能理解彼此的某些小怪癖。但他们的面目是如此模糊啊，两个人的目光都没有在对方的身上停留过，下车的时候，大家也就这样擦过肩去了。,2016-04-15 22:57:10
2072,140,大头绿豆,力荐,两个人在试听间里听爱情歌曲的那一段，局促的空间里，想看对方，又有些矜持，目光刚一接触就赶紧离开，那么一段长长的时间，很好。餐厅里互打电话。对话总是很聪明。“很多人结婚的理由比这还少。”,2006-09-23 14:47:17
2073,140,ふふちゃん,力荐,当年抱着打不开字幕的盗版碟一句一句听写下来台词，一遍一遍读得爱不释手以至烂熟于心，然后我裸考雅思就7分了。。。,2012-07-05 08:05:08
2074,140,朝暮雪,推荐,这要是在中国，还没开始就结束了，因为火车上根本没有空位。,2013-08-20 00:25:03
2075,140,白发生,推荐,偷得浮生半日，换取相知一世。,2011-12-26 12:58:48
2076,140,眠去,力荐,你之前提到过以后几年的光景，一对夫妻会开始厌恶对方，对彼此的一举一动都了如指掌因此而感到厌烦，我想我会有相反的发展，我对一个人越是了解就越是能真正的去爱他，他会梳某种头发，他会穿哪件T恤，他在某种场合一定会讲的故事，我相信那会是我爱一个人最真实的境界。,2008-02-08 22:11:48
2077,140,暖鱼,力荐,全是对白的100分钟，能让你一点都不觉得沉闷，还泛起很多心思。当然是好片啦。,2008-03-01 00:35:37
2078,140,7酱™,推荐,成就了男人的幻想：遇见一个陌生的美貌女人，靠魅力跟她上床。成就了女人的幻想：遇见了一个陌生的帅气男人，拉着他的手叨逼叨一整天。,2014-03-30 08:05:21
2079,140,进宝,,「1989年，29岁的导演在费城与20岁的Amy相遇。两人渡过浪漫一夜，聊艺术、电影、科学。这段经历促成Before Sunrise，导演一直以为Amy会看到这部电影。可惜Amy早在1994年就因车祸去世，导演三年前才知道这个消息。终究是错过了」,2013-06-04 01:46:35
2080,140,紫漠,推荐,那个诗人让我印象深刻。,2008-10-28 10:57:47
2081,140,白关,推荐,有一次，在旅途上认识一姑娘，漂亮温柔。我们一起玩儿的挺开心，傍晚一起坐在草地上喝啤酒看流星，突然她问我：”看过《爱在黎明破晓前》那部电影没？“我说没看过呀！........后来我们喝完各自回房间睡了，等我回家，想起她说的话，下了一部看，看完我肠子都悔青了！,2013-01-06 13:02:22
2082,140,桃桃林林,力荐,一天的时限和异地两个因素得以让两人更无保留的展示和欣赏彼此的优点，而忽视彼此的缺点。才会有这么一场新鲜的，完全付出的浪漫故事。,2010-06-06 16:19:08
2083,140,易老邪,还行,三星，最多三星半，实在不能给的更高了。100多分钟全靠有一搭没一搭的对话撑起来。断断续续地看完，没有令人讨厌的地方，但也实在乏善可陈，没有惊喜，没有触动。故事过于简单且没有展开，看了前10分钟就可以直接跳到结尾。如果爱在日落黄昏后也停留在同一水准的话，就没有兴趣再看了。,2011-02-14 21:22:50
2084,140,.,推荐,这部电影是soulmate的最佳诠释吧。是我憧憬的爱情。能够一起讨论关于死亡 艺术 女权 爱情 梦想与灵魂等等等等，彼此心灵交汇。浪漫的现实主义者，现实的浪漫主义者。奋不顾身的去爱吧，不管结局如何，哪怕只有不到24小时。,2011-12-05 12:10:04
2085,140,苏比,力荐,难得几乎全部是对白的影片让人看的这么过瘾！,2006-10-26 19:42:07
2086,141,九尾黑猫,力荐,看到最后眼泪哗哗。。的惊悚片。。。,2008-05-01 02:00:43
2087,141,李九弟Jody,力荐,四次情节升华：第一次是Cole帮助死去的小女孩如愿，代表与自己和解；第二次是Cole拔出石中剑，代表与同龄人和解；第三次是告诉妈妈真相，代表与家人和解，而妈妈也与自己的妈妈和解。第四次，也就是全篇最精彩的一笔，即Mike与妻子以及自己的和解。那些正常世界无法言语的，只能透过非正常的世界告知。,2015-07-24 23:52:42
2088,141,我们高处见,力荐,小孩和妈咪的那一段结局 真感人,2009-12-14 15:14:27
2089,141,Doublebitch,力荐,爱竟然成了本片最大的悬念,2010-08-11 15:31:03
2090,141,小有™,力荐,虽然第一次看《第六感》已是四年前的事，但现在仍然记忆犹新。看之前就知道这是一部惊悚片，看的过程也的确被个别镜头“惊悚”了几下，但没想到的是，真正令人恐惧，心有余悸的却是影片的最后一分钟。当之前两个小时“惊悚”情节的铺垫成熟时，最后一分钟的真相大白更像是一种宣泄，一种试图冲破所有观看者心里防线的宣泄，而我的确被深深地震撼到了，那是一种发自心灵深处的震颤，一种深刻的心理体验。,2007-06-22 22:34:58
2091,141,影志,力荐,他们无处不在，就像正常人一样到处行走，他们彼此看不到对方，只能看到他们想看到的东西。-“你想要什么？”-“我想要不再害怕……”,2005-08-20 06:31:19
2092,141,大头绿豆,推荐,还好我没知道结局就看了。,2005-09-12 20:17:22
2093,141,陀螺凡达可,力荐,教科书级别的悬念,2011-12-28 08:14:06
2094,141,冬贝与9-13刺青,力荐,非常感人的悬疑片，有人性有剧情 不愧为经典之作 BruceWillis真的很牛比,2008-05-23 15:01:32
2095,141,桃桃林林,推荐,反转王加催泪王,2010-01-09 20:23:17
2096,141,第27章,力荐,全美观众票选1999年最喜爱的影片。惊悚悬疑片，其中有几个镜头确实突兀吓了我一跳。猛男布鲁斯·威利斯向来演那种枪战动作片，例如虎胆龙威系列，此片算是文戏，但他的拿捏相当到位，里面的主角小演员简直是天才童星。,2010-10-18 23:45:44
2097,141,Kaito,推荐,又是一部以结局见长的电影,2006-08-02 18:32:54
2098,141,cassidy,推荐,这小孩太正了！,2008-12-22 02:03:19
2099,141,吃个饭,力荐,"你不会再来见我了对吗？也许我们可以假装明天再见，只是假装。
（看过的所有反转里面最好的反转。）",2021-08-05 23:27:01
2100,141,申公豹豹豹,力荐,以为是大人救了小孩，其实是互相救赎。,2021-04-24 21:59:25
2101,142,少年 遊,力荐,“我看这大清要亡国啊”。,2010-07-21 20:40:13
2102,142,大熊猫,力荐,"芸芸众生，人间百态。
经典台词：我爱咱们的国呀，可是谁爱我。",2010-06-27 02:32:04
2103,142,#瞬间收藏家#,力荐,总想做常四爷，做来做去却还是成了王利发。,2009-04-06 18:13:12
2104,142,毛毛毛读作cuì,力荐,"管他什么时代，原来丑陋的现实都是一样的
ps:京味十足啊，那才叫演戏!!!看演员每一个比一个精彩，配角也不例外，和现在的国产电影相比，差距显而易见!!!",2010-06-19 17:32:23
2105,142,丁一,,“这年头让人高兴的事一件没有，让人见笑的事天天发生。”,2022-06-20 18:39:30
2106,142,桃桃林林,推荐,“打一个学生，五毛现大洋”这也算认主归宗了。片子拍得很话剧腔，不过味道还是很好，演得也好，有滋有味。秦二爷最后那段自白，现在听着还是有些伤感。,2012-07-12 20:50:49
2107,142,萌汉垚,力荐,我觉得这部作品不朽的原因是它的立意与故事的悲剧性，但最讽刺的是，创作他的人因为文革迫害投湖自尽，比他书中的角色还要悲惨。我真的要大笑三声，流下泪来。,2022-03-24 02:15:28
2108,142,Kerala,力荐,我总是以为过去的人善良单纯，但是看了老舍的作品之后，发现人们还都那样，真是八仙过海，各显神通，有些人偷奸耍滑，坏事做尽，有些人善良耿直，却没有好下场，坏人坏事时时有，而好人好事也并非无，简而言之，那个社会，活着已经不容易了，一切都慢慢来吧，油嘴滑舌，鸡贼心眼的人太多,2018-02-26 11:26:33
2109,142,bird,力荐,以前吃不着花生米，现在能吃了，可牙嚼不动了。,2014-10-26 10:04:31
2110,142,阿苏,还行,时代意义,2007-09-07 18:12:30
2111,142,轻河y,力荐,老舍先生怎么也想不到，最后自己竟然成了逆产。,2022-10-08 11:30:11
2112,142,Eve|Classified,力荐,结尾当年看哭我。芸芸众生有你我在那里，等着一切结束。,2015-12-22 14:10:21
2113,142,尹昭,力荐,话剧味儿还是挺浓，《茶馆》本身剧本搁在这儿就没话说了，老舍写得好啊，金句无数。三幕，三个时代，好像时局是变了，可照旧还是民生多艰。爱国者、实业家、圆滑者、顺民……都活不成，活不好。最后一幕，笑泪相加：“那帮狗男女他们可都活得有滋有味的，可干嘛不准我吃窝窝头啊！”,2018-11-18 19:30:33
2114,142,光华映像,力荐,如果中国电影一直都是如此水平，不敢说世界第一，亚洲第一绝对轻松……,2022-08-18 22:44:23
2115,142,xīn,力荐,资料馆2013.9.11.7pm 心内恻恻，看之流泪。撒完纸钱，秦二爷、常四爷相继离去，黑屋中只留一线光明，王掌柜再撒一把，摸下黑布，转入里屋，无限的凄凉绝望。京片子的热闹、诉苦的牢骚，在最后的空空里化为沉沉的哀痛。在老舍所投太平湖旁的资料馆看此片，百感千绪。,2013-09-11 21:59:31
2116,143,贝塔先生,力荐,"我们目击的事实，往往只是浮出水面的冰凌，冰山下面的巨大事实，更排山倒海穿透视听。
我们直面的人生舞台，也许只是化蝶幻影，层层垂帘般幕后的故事，更震撼世道人心。",2013-04-18 21:09:15
2117,143,影志,还行,《我是山姆》的《美丽人生》,2013-10-19 16:24:24
2118,143,[已注销],还行,纯扯淡 飞机上看得 浑身不自在 那表演那剧情之造作 每一秒我都在祈祷它快点结束 它就是不结束,2013-08-28 01:51:13
2119,143,卫斯理,力荐,里面有太多不现实的地方，故事的结局却又那么的现实。童话般的影片，让我大半夜看的哭到抽搐了。,2013-10-22 02:45:15
2120,143,麦,力荐,韩片一定要这样吗！！！哭肿了都,2013-05-15 01:11:09
2121,143,麻绳,推荐,看这么虐心的电影我都没哭，可能真的没什么电影可以让我哭了。如果想挥泪解毒的，可以尝试一下，十有八九会哭个稀里哗啦的。电影不乏刻意之处，但胡椒芥末用量太足，不中招也难，中国要能拍出这种杀伤力的催泪弹来，票房十亿起。,2013-04-22 00:33:37
2122,143,花衬衫,力荐,对亲情，友情之类的无法抵抗，影片后面女儿和爸爸在监狱门口分别那里哭得不能自已。,2018-02-08 19:09:33
2123,143,(๑⁼̴̀д⁼̴́๑),力荐,"他们甚至不惜冒险将艺胜带入牢房与父亲相会。
黑暗冰冷的监牢内，7号牢房阳光满满",2017-08-23 23:11:49
2124,143,Stark实习生,力荐,热气球那里真的希望父女俩就这样远走高飞吧，可是现实就是这么残酷又不讲道理。亲情真的是除动物外我最大的泪点。,2018-05-09 09:10:12
2125,143,桃桃林林,推荐,又一颗韩式催泪弹，亲情总是泪点，让你无法躲开。影片套用的是《我是山姆》那样的人物关系，而在情节上则更有戏剧性。冤案加亲情的双重催泪保障。监狱里的温情更感人是因为，相比善人做好事，人们更喜欢浪子回头，恶人行善的故事。无论我们怎么吐槽韩式催泪片的套路，但是真的很有效，也确实很感人。,2013-04-20 10:18:48
2126,143,刘康康,力荐,老说韩国电影人黑政府，其实我觉得一点都没黑，反而是在安抚民众的历史伤痛，从而实现诗意化悲惨的历史记忆，这才是帮了政府大忙呢。女主角穿越到过去的法庭上抱住父亲的头，以及最后父女两人乘着热气球离开监狱，都充满了魔幻和浪漫的动人色彩，是我最喜欢的两场戏。,2014-11-05 12:29:39
2127,143,白发生,推荐,电影本身还不错，但分数严重虚高。从外壳到内核依然是韩式煽情大餐不变的套路，然而有趣之处在于，尽管影片始终在讲述一个完全不切实际的故事，但其中很多地方却又让人感觉无比现实。,2013-09-10 13:58:55
2128,143,牵不到的爱,力荐,影片中有几部电影的影子 但又是独特的一部电影 亲情令人感动,2017-08-24 07:42:49
2129,143,偏要勉强,力荐,很棒的故事，感人催泪，韩国电影擅长打此类温情亲情牌，父爱如山，小女孩很可爱。,2018-05-08 13:23:46
2130,143,momo,力荐,当时在宿舍自己看的，真的哭的好惨！太感人了父女俩真的太戳人！小姑娘也一起在监狱生活真的看了太感人了！小姑娘演技真的很好长大后的朴信惠也是,2017-08-24 13:46:46
2131,144,影志,推荐,故事不新鲜，但角色有新意。几处萌点和泪点全部来自大白，大白的陪伴，让人想起的不仅仅是：大熊身边的哆啦A梦、教授帕克的忠犬八公、坚守地球的WALL·E、邻家的多多龙、维克多的科学怪狗、小嗝嗝身边的无牙、库珀身边的机器人Case、山姆身边的Gerty、Wallace身边的Gromit...,2015-01-12 22:39:00
2132,144,Bill,推荐,好想戳爆胖子看会发生什么……,2014-11-07 03:39:51
2133,144,sasasasa,推荐,balalala,2014-11-09 08:30:00
2134,144,芦哲峰,还行,以后打听动画，不用再问好吗，只需问人萌吗？动画好不好，全看萌不萌，动画片彻底进入萌时代。,2015-01-12 10:23:03
2135,144,岚枫十字,力荐,迪士尼最新的Hyperion渲染器，渲染旧金山全景，几千个光源，无数的precedural shading...碉堡... 剧情的话Hero's journy，感情带动很好。动画感觉比Dragon2有看头~ 忘了说一句，记得看彩蛋~ Stan Lee的哏儿~,2014-11-08 14:13:30
2136,144,Sigmund Fraud,力荐,三番和东京，动画和机器人，樱花和Caltech，我们的城市我们的大学我们的专业，这部片子对我的意义不一样，我真的惊。呆。了。对最近在想皮肤材质和场景建模和粒子特效的我也格外有教科书的意义。再见Monster Co，你现在排第二了！（DC在这个我所看过的最彩的彩蛋里被Marvel黑出翔~~~！！！！,2014-11-29 16:49:07
2137,144,一位少男,力荐,史上最萌胖子诞生！要抱抱！彩蛋里的斯坦·李也是蛮拼的！,2014-10-26 22:03:13
2138,144,白日美人_S,推荐,又是一个故事平平只靠细节讨巧的动画，但是没办法，就是超级吃这套啊！！,2014-11-16 12:21:15
2139,144,ANNA,力荐,又萌又燃有内涵，给大白五星满分！本片美指晚餐可以加个鸡腿，不过私心以为赛博和风的城市设计应该找帝国少年来做的。看完也想在飘满涡轮驱动风船的城市里找个呆萌呆萌的大白，一起坐在鱼风船上看夕阳……等等，大白和hiro酱好像都是男的？#不腐不是迪士尼#,2014-11-28 13:11:08
2140,144,同志亦凡人中文站,推荐,大胖胖终于将瓦力拱下了机器人萌货的头名宝座，日漫元素和迪斯尼风格合体开出了一朵大奇葩！故事其实就是“蜘蛛侠”1+2，但想象力和细节太挠人心窝子了…,2014-12-25 09:04:02
2141,144,亵渎电影,还行,我知道大白已经萌到你什么都可以不在乎了，它就像一朵美丽的塑料花，一桶异常甜腻的爆米花，萌到犯规的片子，加上工整成熟的剧作，就算是像现在这样，没有什么新鲜的俗套，依旧是用来打发时间的首选，它很像漫威电影的动画版，完全是一个套路，可惜我对这类片子从来都没什么好感。★★★,2015-01-13 22:26:14
2142,144,Kaito,力荐,大反派是乐高版章鱼博士吧哈哈,2015-02-19 23:50:09
2143,144,嘟嘟熊之父,还行,可爱是可爱，但正义战胜邪恶的戏码还是太套路化了，哪怕再多加一层反转都会大不一样吧。或者说既然已经拥有了这么可爱的人设，又何必死死守着英雄主义这一亩三分田。,2015-01-12 09:25:48
2144,144,Lycidas,力荐,啊啊啊啊啊啊啊啊啊啊啊啊啊baymax简直太可爱啦！！！放气戳肚子贴胶布按自动贩卖机什么的萌点都被戳爆了，他大概是唯一一个能把肚子挤成胸的超级英雄吧。San Fransokyo简直棒到超现实了，好想搬去......最后李大爷的彩蛋哈哈哈哈真是绝不放过一部啊。,2015-01-10 15:48:55
2145,144,[已注销],推荐,白馒头的专场 剧情弱 但做得真是帅 小细节眼花缭乱 倘若那SF旧金山是真的 我愿意在那儿呆到死 Baymax小碎步慢慢倒腾&各种卡门蠢cry Stan Lee老爷子真土豪 有绚烂的飞行的场面(估计是眼红隔壁棚驯龙记) 其他人尚好 唯独熊孩子那身基佬紫不能忍 哥哥实在太完美了...,2014-11-11 10:23:58
2146,145,Crazy Henry,力荐,令人奇怪的是，在当年那个人们思想观念比较禁锢的时代里，上美能创造出如此多卓越的作品，而在“自由”的今天，我们却很难再创造出如此富有民族特色的作品。或许这是市场经济的影响，但是我认为，更重要的原因还是因为我们丢了一些重要的东西,2021-07-13 00:14:09
2147,145,同志亦凡人中文站,推荐,东方普罗米修斯,2016-08-02 03:10:37
2148,145,润物,力荐,这是中国动画中的又一部里程碑似的、绝对顶级的、足以彪炳史册的伟大作品，从故事情节的编排到人物造型与性格的设计再到动画技术的运用都堪称无以伦比，它虽然没有《大闹天宫》《哪吒闹海》在国际上那么知名，但我相信不少人还是会在自己心中将其列为中国动画的第一，因为《天书奇谭》绝对有这个实力。,2010-07-23 02:45:37
2149,145,离香,力荐,可以打10星,2009-09-22 13:24:58
2150,145,CarenYin,力荐,"“你是蛋生的，所以叫蛋生~”

蛋生的师傅好帅啊~~~~~~~~",2009-04-14 14:26:03
2151,145,修复的薄码.AVI,,最漂亮的小狐狸,2006-03-27 16:45:52
2152,145,kill queen🇺🇦,力荐,我欣赏里面对于权威的嘲弄，从玉帝到皇帝，都是王八蛋。,2021-10-26 18:05:13
2153,145,Kaito,力荐,中国的普罗米修斯盗取天书之后。211106，这次影院4k幕后有十几分钟花絮，原来这个本来是和BBC的合作，但BBC后来说最近穷，没给钱哈哈哈,2017-03-13 21:07:59
2154,145,christann,力荐,这里出现了历史上最猥琐的玉帝形象……,2011-04-05 16:40:34
2155,145,零用钱的凌,力荐,虐片。师父死的时候老子哭得肝肠寸断,2011-02-19 14:34:22
2156,145,Ex,推荐,"看了很多遍.喜欢.那个年轻的女狐狸精真美,声音也动人.",2006-07-29 06:54:45
2157,145,陆钓雪de飘飘,推荐,刚看的。天书中性论，既能用作好事也能用作坏事，袁公秉承现代普罗米修斯观，认为还是要传给人类，但这也可能是玛丽·雪莱的弗兰肯斯坦式结局，蛋生过于天真的禀赋使他无法独自克服三位狐狸精的诡计和暴力，而袁公在被抓上天庭后，将不再存在机械降神，也就是说，蛋生将面临存在主义之后的荒诞处境，等待戈多不再归来，而他心头词典里的天书将如何传给后人却不遭恶用，这将是永远无法解决的难题。当然，如果我小时候看的话就不会说这堆东西了~,2018-08-27 11:08:25
2158,145,语无伦次田先生,推荐,蛋生不是生蛋。,2007-09-27 22:41:40
2159,145,обломов,力荐,不知道大家都记住了什么，我记住了，所谓天庭，高高在上，不管人间疾苦，所谓朝廷，愚昧自私，追求无度的欲望，所谓人类，让妖物登堂入室，指手画脚。只有袁公，不顾上级命令和自身安危，把知识和希望留给了孩子,2021-10-14 11:33:50
2160,145,晚不安,推荐,4K修复版在片尾加了一段纪录短片，才晓得项目源起是BBC递来合拍动画的剧本，上美厂在其基础上重构故事（改编《平妖传》），彻底甩开束缚，往搞怪喜剧的方向制作。人物造型和场景设计一如既往取材自传统绘画，叙事的展开非常松弛且自由，而我最惊讶的还是片子的讽刺力度，对官场、宗教、市民都有丝毫不留情面的批判。在西游记、白蛇传、封神榜风靡市场的当下，动画前辈的艺术观念仍是最超前的，他们用作品诠释着继承与创新。钱运达导演提到的“奇、趣、美”的标准，如今有几部国产动画真正达到了呢？把哪吒和赛博朋克结合、把青蛇扔到现代都市，只是画虎不成反类犬，真正的现代性在于反叛精神，《大闹天宫》《哪吒闹海》的立意远未被超越。,2021-11-07 02:13:04
2161,146,岛上的夏奈,力荐,Anne Hathaway美得足以把全世界的基佬都掰直，但刚被掰直的基佬们马上又会被囧瑟夫萌弯。,2012-08-27 19:15:55
2162,146,米粒,力荐,"三部曲，都是关于一次又一次的选择。庞大的人物线索和故事，诺兰已经构造出自己的世界观——我觉得，他是相信黑暗的。Gotham doesn't deserve a hero like this, but he'll still give everything to them. 另，小丑有且只有一个。（用打一星来表达对脑残粉的蔑视的人可以省省了，你们配吗？",2012-07-20 23:39:04
2163,146,Doublebitch,力荐,疯，诺兰究竟把蝙蝠侠系列拍到了怎样一个高度啊，弥漫始终的黑暗感几乎将人吞没，我甚至觉得其它英雄电影可以不要再拍下去了，复仇者联盟二剧组也赶紧解散吧，即使你搞来一万个超级英雄乱斗，也不比高谭市大楼顶上熊熊燃烧着的巨型蝙蝠那般凄美孤傲。四年的等待值了。,2012-08-27 20:18:55
2164,146,无殇,力荐,"超过TDK不敢说,但永垂影史是扛扛的.",2012-07-11 15:22:36
2165,146,胡天翼,推荐,孤立地看，这是一部无可争议的五星电影；但和第二部《黑暗骑士》比起来，它只能拿四颗星。,2012-07-19 01:25:45
2166,146,午安君,推荐,难道我是第一个看的吗？墨尔本crown village cinema， 所有人都鼓掌了，绝对是今年最伟大的电影！,2012-07-19 01:26:26
2167,146,白发生,力荐,英雄挥别，正气永存；史诗落幕，传奇不朽。漫长黑暗过后，终迎黎明曙光。,2012-07-26 16:10:25
2168,146,易老邪,较差,整个蝙蝠侠系列所讲的故事一言以蔽之不过就是：高帅富会武术，谁也挡不住！这部自然也不例外。与前两部相比只是变得更加冗长乏味而已，整体乏善可陈。全片无高潮，能淡出个鸟来。真有点替那些枪击案的死难者感到不值，为了看这么个鸟片而断送了自己的性命，真是死不瞑目。,2012-07-26 18:34:44
2169,146,根,推荐,所以那场床戏的作用就是为了证明蝙蝠侠这十几年还是有性生活的……,2017-08-30 20:52:21
2170,146,A L E X,力荐,"贝恩真的太可怜了。。。。知道真相的瞬间我原谅了他做的所有坏事！老湿的眼睛真的会演戏！不戴面具的一秒镜头好帅 好虐 好凄美 好想哭！本以为这次我会改邪归正彻底爱上大蝙蝠，搞了半天我还是个悲催的反派控 。。。Goodbye, My Friend. 此去便是永别。（轻微吐槽：马良挂掉的那一下有点囧）",2012-08-02 22:50:47
2171,146,何倩彤,力荐,雙手合十，十指緊扣，我和一場的毒撚淚流滿面，如此蒼白的心，既視之溫柔，只有真心愛過的人，會照單全收，It really doesn't matter，燃燒有時，道成灰燼也有時，在話語把我們逮住之前，我知道我已轟轟烈烈的，真心愛過。★★★★★★★★★★★★★★★★★★★★★★★★★★★★★★★★★★★★★,2012-07-20 03:10:16
2172,146,艾小柯,推荐,拍出了黑暗英雄的铁血丹心，但没能超越《黑暗骑士》。配乐超赞！,2012-07-20 19:50:43
2173,146,桃桃林林,推荐,解释了英雄以及英雄精神，蝙蝠侠终于找到了他的答案，无论是伤感或是其他情绪，这个黑暗系列终于结束了。汉斯·季默的配乐很棒，激昂或忧伤，很好的推动了情绪，很大一段时间都是被配乐震得热血沸腾的。合格的大片，场面、气势以及紧张感都有。最喜欢的还是猫女，Bane的发挥空间太有限了。三星半,2012-08-27 11:29:52
2174,146,叉叉,力荐,我绝逼无法忍受四十天的剧透所以果断去小破岛看掉了！OH MY GOD！Kneel before the Nolans！之前不看trailer采访TV花絮什么的果然是对的，不然惊喜都没了！I just can't find even one appropriate word to describe it. The epic ending of the Batman trilogy！！！这么一比较妇联好幼稚≧▽≦,2012-07-19 13:22:31
2175,146,LORENZO 洛伦佐,推荐,四星半。鸡蛋里挑骨头：配角形象不够丰满，转折欠缺说服力，三个月的时间没有拍出维度，感情戏有点进展太快，井底戏有点抽象。虽不是诺兰最好的电影，但比起其他电影仍甩N条街。英雄故事结尾虽然有点老套，可当尘埃落定之后，所有人缅怀过去、继续生活时，仍落下泪来：传说终会终结，英雄永远不死。,2012-07-21 06:47:46
2176,147,西楼尘,推荐,沐浴庭院里的阳光就能进化成人，呼吸暗室里的空气只会走肉如鬼。抱上贫穷的石头终生无法脱手，染上廉价的气味永世不能消除。蜷缩地下的臭虫，用药剂开窗替自己杀菌；位居高处的宿主，用金钱雇人给自己消毒。富人吸着穷人的血高升，穷人寄在富人的屋苟活，人鬼同处一室分享食物，虫兽寄生一体发育恩仇。,2019-07-07 15:19:04
2177,147,大旗虎皮,推荐,我先来第一瓢凉水吧，富人的形象太简单了，富人很傻吗？😄,2019-06-22 14:38:18
2178,147,蚂蚁没问题,力荐,这部电影最伟大的地方就是，有钱人实际上是什么都没做错的，夫妻恩爱，儿女喜人，没有出轨，没有冷暴力，没有虐待儿童，对司机、佣人也大方不抠门，他们真的真的善良单纯，但是你就是忍不住恨他们，恨他们，恨他们。,2019-08-08 00:04:31
2179,147,朝暮雪,力荐,"一边是水淹陋室，一边是生日聚会。
一边是冰冷坚硬的体育馆，一边是豪华柔软的后花园。
钱就是熨斗，把一切都烫平了。
他们蹭网、住地下室、为了一份工作不择手段。
当你觉得他们已经够惨的时候，电影突然反转：他们还不是最惨的，还有更惨的。
你富，就一定有比你更富的；你穷，也一定有比你更穷的。
贫富差距就像无数面墙，将人分为了三六九等。
这面墙，任凭风吹日晒雨淋也岿然屹立，纹丝不动。
朴夫妇看起来傻乎乎的，可他们还是越来越有钱；
金基泽一家聪明过人，可还是翻不了身。
你以为找个好工作，有份好薪水，就摆脱了贫穷的身份，其实还差了十万八千里。
你能洗掉衣服的汗味，却洗不掉已经融入血液的地下室的气味。
你爬了十层楼、二十层楼，可能才刚刚到达别人的地下室。
他们是虫子，所以他们生活艰难；
他们是虫子，所以什么都杀不死他们。",2019-08-07 09:41:47
2180,147,违规昵称6789,力荐,不得奥斯卡最佳外语片我吃键盘,2019-05-26 10:55:03
2181,147,舒农,推荐,这片子口碑爆炸，只能说明，平时看了100部文艺片，人类的本质还是喜欢商业类型电影。,2019-05-22 17:12:49
2182,147,Peter Cat,推荐,奉俊昊才是我们时代（各种）类型大师。,2019-05-22 07:12:56
2183,147,千舟,力荐,那些只会镜头往那一杵，不把人拍睡着不罢休的国内艺术片导演可以学学，电影到底是啥，啥叫剧作节奏，镜头语言，剧本钩子，一天天竟沉浸在自己的艺术国度里意淫，中国电影就是被那些新浪潮的忠实信徒带跑偏了，因为不会技术，美名冠曰搞艺术，看十分钟就关了，抓不住观众你在那拍你🐴艺术呢？用吸引人的视听前提去解构故事的隐喻和主题，这才是懂电影，才是拍电影，同样是长镜头，人家拿来做剧情反转，这明显在怼只会用长镜头做自己技术遮羞布的艺术片导演，从电影市场看充满讽刺。你可以说韩国电影翻来覆去总是那些很黑暗的题材，但他们现在至少在电影的视听技法上（摄影，灯光，剪辑）是亚洲的扛把子。商业节奏≠商业片，用商业节奏去讲艺术才是电影该做的事啊！,2019-05-26 08:22:06
2184,147,南悠一,推荐,像是被朴赞郁和李沧东都附了体，奉俊昊显然受Netflix创作理念影响了，他用商业套路向我们证明，情节剧在表达社会苦难上的伟大，且他是以戏谑的形式讲述。电影将韩国社会阶层（与《燃烧》同一主题，可见韩国社会阶层问题的严重）问题，设计为一个戏剧张力很强、悬疑感十足的巧妙的小人物故事。片名寄生虫是个隐喻，而石头也是个隐喻，大量涉及政治背景的边角作为点缀，大量台词都可以高亮划出来当金句。然而，这部电影虽然非常非常非常好看，它无论如何都讲得太明白了，我绝对不会再看第二遍，没意思。,2019-05-22 07:20:09
2185,147,孔鲤,力荐,看完《寄生虫》，一直和大家一个想法，隐喻太明显，结果对了一下，发现大家的隐喻体系都不一样。这电影在我看来讲的就不是阶级的事。讲的是韩国自己。朴社长那家人，从头到尾都流露出两个字：美国。儿子的印第安控，女儿的外语老师，夫人时不时蹦出的英语和社长公司里的美国奖状。这一家象征着什么？别忘了，这一家是搬过来的，在搬过来之前有一户人家为了防止北边而修了地下室，那这个年代就能基本确定了。这和韩国史是对应的。我们还可以再来看一个细节，假装自己是美国留学回来的妹妹去应聘时，哼的歌是《独岛是我们的领土》。寄生虫，寄生的可不只是阶级，更多说的是韩国自己。,2019-08-11 20:22:24
2186,147,陀螺凡达可,力荐,Respect！雨夜从满屋躲藏到仓皇逃跑的那一整段明明拍的是人，但让观众看到的始终是蟑螂，太精彩了。两个小时完全停不下来，把商业类型片做到了极致，中段mindfuck反转时的长镜头看得心脏都要炸了。四刷后观感排序：一刷>四刷>二刷>三刷,2019-05-22 06:20:37
2187,147,frozenmoon,推荐,《燃烧》根本不是现实批判的框架，和阶层阶级什么的毫无关系，那个电影探讨的是“存在是否有意义”，完全哲学化的，但这个才是阶级和阶层的故事。好看是没得可挑剔的，但就是都过于直白了，气味、石头、蟑螂，隐喻变成明喻，象征近乎叫嚷。《燃烧》可以看很多遍，这个可以好好看一遍。技术层面的公正和纯熟大于内容和所谓的意义。,2019-08-08 12:51:02
2188,147,木卫二,力荐,不是我带着这块石头，是这块石头死死地跟着我。钱像熨斗，能把人熨平，没有一丝褶皱。如果有钱，我会比他们还善良。这些精辟，俨然金句的老辣台词，很快会流行起来——出现在你明年的电影日历上。我从第一个镜头开始，就想起2012年北京那场大暴雨。许多居民，发现小区冒出来许多平时看不见的人。原来各种地下室里头，还有上百万人。最后他们作为低端人口，一起被慢慢擦掉。大洪水来的时候，谁能陪你点一根烟，话说从前？,2019-06-22 14:29:39
2189,147,豆瓣浅度用户,推荐,时间和空间的掌控力都很巧妙，奉俊昊是不是窥破宇宙的真谛了？,2019-05-22 06:45:40
2190,147,Lies of Lies,推荐,一个无尽的玩笑，直到最后一个镜头前都保持了刀尖上的平衡。地下室气味催发了社长夫妇的情欲，生日宴会的楼上是亲吻的年轻人，不是很有福楼拜农展会的趣味么？影片不仅仅书写了一段封闭叙事，也构筑了一种永恒的共生关系，躲在地下的诺斯费拉图随时可能回来夺取政权。,2019-08-08 02:58:09
2191,148,Megan,推荐,你们看到了爱情，我看到了背叛。,2011-01-05 10:44:33
2192,148,Ragdoll™,力荐,你什么时候变得这么罗嗦，以前都不是这样，傻女，听我说，现在立刻回家，洗个热水澡，明早起来，满街都有男人，个个都比豹哥好。不用担心，我很有办法的，在台湾有很多老婆，高雄有一个，台中有一个，花莲有一个，阿里山也有一个…… \\\\我这辈子最开心的那一天，就是威廉带我去半岛吃饭，我趁着他不留意，偷了我们用过的刀叉杯碟，现在偶尔拿出来看一下，仍然是很开心，可能威廉早就不记得我了，不过不要紧，我记得就行了，想一下，我现在这么老这么难看，他不来找我其实都是好的。\\\哈，那你要快点，芥兰有艾滋。,2009-05-18 18:00:48
2193,148,瓜。相信这个世界很变态。,还行,其实是曾志伟的角色最令我动容。,2008-08-09 21:31:19
2194,148,王大盆,推荐,傻女，听我说，现在立刻回家，洗个热水澡，明早起来，满街都有男人，个个都比豹哥好。,2013-07-12 00:39:48
2195,148,弗朗索瓦张。,推荐,这么多人都看哭了么。。。我就在张曼玉低头碰到喇叭那块儿眼红了下。。。这俩人的缘分太让人嫉妒了,2009-12-18 14:43:25
2196,148,郁殷,推荐,曾经的香港电影多么令人激动与感动。,2009-07-30 23:17:28
2197,148,LOOK,推荐,张曼玉精彩绝伦的演出成就了这部电影。聚散离合，缘起缘灭，情感的纹理与能量、生成与幻灭、真挚与虚妄，历史的荒诞与无情，一切的一切都是张曼玉。情到深处爆发出来的能量，如花瞬间绽放，充沛又从容，亚洲女星中大概唯有巅峰年代的高峰秀子可与之比肩。,2017-03-05 21:42:27
2198,148,王xx,力荐,每次看完这种片子，都觉得像过了一辈子那么长,2009-01-06 19:07:26
2199,148,Ocap,推荐,同时代入黎明张曼玉，两人都是我。一句“我来香港的目的不是你，你来香港的目的也不是我”钻破心底，做爱容易说爱难，口口声声好朋友，怕的不是爱你，是怕成全自己。实现人生价值什么的，确实太TM重要了，可老子又不是追梦机器，我TM是个人啊。碍于狡猾的陈可辛，全程没眼水，却犹已流泪千万回。,2017-03-11 14:25:29
2200,148,小儿勾,力荐,其实我是被米老鼠感动的,2007-01-17 13:31:10
2201,148,南笙,推荐,时间会把正确的人带来你身边。,2011-10-14 19:22:59
2202,148,mu,力荐,重逢只要一瞬间，等待却像是一辈子。,2010-10-29 19:00:19
2203,148,西楼尘,推荐,人生只此一次的重逢，而缘分在那趟由大陆开往香港的列车上业已注定。一场跨越时代背景的小人物离合悲欢，千回百转，伴着邓丽君的甜歌谱出时代恋曲。黎小军万千人潮里的回眸、李翘异国街头上的奔跑、姑妈终其一生的守候、豹哥言之不尽的爱恋、斋卤味义无反顾的相随，都化在《甜蜜蜜》里说不完也道不尽。,2015-07-25 13:49:24
2204,148,drunkdoggy,力荐,“我不是文艺片导演，这是部十足的商业片，结尾纯粹为讨好观众而设计。现实中，男女主人公不可能在一起。但观众想要他们在一起。其实呢，如果他们能在一起，早在一起了。”我们怎么办啊……,2014-09-10 22:45:39
2205,148,Miss Lucky,,"随性,就是用滑过的火柴当眉笔",2006-12-22 20:35:39
2206,149,麻绳,力荐,这电影要是早两年看，不会有这么深感触。很多情况下，真相是什么对围观者并不重要，他们需要的只是一个支点，让自己站在虚妄的道德制高点上，得意一时是一时，反正过几天他们就会遗忘，任由真相被新的猎奇淹没，微博上这样的人和事比比皆是。,2013-03-28 16:26:59
2207,149,又又,还行,權力的反轉，受害者卻成加害者，有趣。其實小孩很早就說是自己瞎說的，但是她周圍的大人選擇相信這件事真的發生，畢竟，我們心裡都隱隱希望罪行真的發生過，這樣我們就都能成為善良正義的人了。,2013-03-22 23:44:37
2208,149,1米9的嘤嘤怪,很差,前一个小时我很生气，一度压抑到看不下去，觉得男主太惨了，但是后面我更生气，因为掉进了导演的陷阱，被牵着鼻子走，导演故意选择了这么个视角来呈现“被污蔑的白男与恋童癖”，事实上换个视角，倘若从小女孩的视角，从家长的视角，从老师的视角，从真实事件来看，不就是是一部《素媛》或《熔炉》？这么多年好不容易大家开始谈性教育和恋童癖，一部《狩猎》立马又变回男人无罪，女人该死。另外看看豆瓣电影的评论区，简直就是一场大型厌女狂欢，连“想杀掉小女孩”这种话都能说得出口，基本也就丧失了自我思考的能力，导演给你看了什么，你就选择相信你自己看到的。,2022-07-14 10:13:00
2209,149,老晃,推荐,1、看的人想死的心都有了；2、……还得活着。,2013-03-30 23:36:38
2210,149,.,,女人好可怕。。男人好愚蠢。。。。,2012-05-20 06:23:09
2211,149,我做导演不为艺术只为潜规则,推荐,Mads Mikkelsen被冤枉以后变成汉尼拔报复社会了,2013-04-09 19:44:35
2212,149,柏林苍穹下,力荐,占据道德的制高点猎杀他者，你手上可有血污！？,2013-03-24 03:09:56
2213,149,cancel,力荐,如果你有个上幼儿园的孩子，就会明白，大多数情况下，通过诱导的方式，成人都能从孩子的口中得到他们想要得到的信息，所以，关键问题是大人们想得到什么，而不是孩子说了什么,2014-05-23 11:51:03
2214,149,wino,力荐,1.萝莉由爱生怨的报复手段又狠又蠢 2.孩子最可怕就在于明明无知，却会本能地以纯真作为武器，让他人深信不疑 3.人们习惯于自以为是，站在弱者角度分发所谓的正义和怜悯心，本身就是一种不公 4.信任和声誉一样，一旦破坏就无法修复 5.你永远活在他人的目光里，而世界本就有太多恶意~结局很现实，好片,2013-03-22 18:10:35
2215,149,桃桃林林,推荐,实在是一部虐心的片子。感觉这样的故事很像时下微博流行的一些谣言，我们都喜欢耸动的新闻，人们不关注真相，更关注这个故事是否与自己预想的一致，或是对自己有利。而恶意一旦形成，将伴你一生。黑暗压抑的故事，麦德斯的表演很棒。这是个寓言，所以情节会略有刻意，尽可能的虐心。,2013-03-24 10:29:03
2216,149,匡轶歌,力荐,极度深寒。很难不联想到韩寒事件、杰克逊娈童案、及阿瑟米勒剧本的<妒焰飞灰>。孩童之恶源于无知。成人之恶却发乎偏见、道听盲从、各种嗜血癖嗜尸癖嗜黑癖，对恶的无反思、不推己、不自知。诬名者往往善假正义之帜，无不高举道德刑具。泼粪杀人的最大恐惧是谁也无法预知，这冤假错何时会降临自己头上。,2013-03-28 16:09:12
2217,149,安非,力荐,天真无邪才是最大的邪，童言无忌才是最大的忌，天使有时候才是恶魔。能说出口的委屈都不叫委屈，最大的委屈是承受不白之冤还百口莫辩。,2013-03-23 22:56:14
2218,149,大奇特(Grinch),推荐,童言无忌的威慑力足以将成人置于死地，但更怕的是人言可畏的成人世界，一味愚蠢、盲从、暴力，善良的猎人最终变成众人眼中的猎物。,2013-03-24 02:09:52
2219,149,大头绿豆,力荐,❶本片极度绝望压抑（但毫不沉闷），易产生诸如替男主抬起猎枪从幼儿园园长超市店员开始杀起这样的冲动，请谨慎观看。❷我们都可能成为那些抛弃卢卡斯的人。就像我们认定一个人精神病，他的所有举止就是精神病。❸熊孩子的恶意比任何恶意都可怕，因为他们不知道后果。,2013-04-11 22:34:17
2220,149,影歌yorihisa,力荐,即使整个社会抛弃了你，也要活得有尊严。叔顶着满头鲜血回到超市去要回属于自己的东西真是帅爆了=口=卢卡斯从没有抱怨过我什么都没有做你们却要这样对待我之类弱爆的怨言，而是咬牙挺胸堂堂正正的挺过去。如果恶意无法避免，至少要活得坚强。顺说我总觉得下一幕叔就会化身汉尼拔把全镇下饭…,2013-07-05 06:44:26
2221,150,A-sun*,推荐,宫骑骏就是个生态环保大师啊。,2010-03-08 22:46:29
2222,150,艾小柯,力荐,宫崎骏的巅峰之作,2006-07-03 15:23:46
2223,150,沉歌,力荐,他的作品中的思想深度和人文思考区别于其他浅薄的娱乐性动画片。,2007-10-03 15:10:00
2224,150,朝暮雪,推荐,"幻姬作为工业文明的化身，既是为子民谋福祉的领袖，又是砍伐森林、猎杀神灵的“恶人”；
幽灵公主小桑作为被狼神养大的人类弃婴，既是自然野性的象征，又始终无法摆脱人性情感的牵绊。
被火枪击伤的野猪神化作黑色流体侵蚀生命的邪神，是对人类贪婪的隐喻——当掠夺超越生存需求，仇恨便会如病毒般蔓延，最终反噬自身。
28年后再看《幽灵公主》，会发现它早已预言了当下时代的病症：气候危机、物种灭绝、核污染……宫崎骏用动画搭建的末日剧场，正在现实世界逐幕上演。
但影片结尾那片从灰烬中萌发的新绿，仍给予我们悲怆的启示：或许人类永远无法与自然真正“和解”，但只要我们尚存“活下去”的信念，并能像阿西达卡那样在仇恨蔓延时伸出手臂，在毁灭降临前归还被掠夺的头颅，文明就仍有与地球共舞的可能。",2017-03-18 01:16:21
2225,150,老朱無電影不歡,力荐,探讨过“反战”之后，宫崎骏把主题直刺人类的心脏——“人与自然的关系”。尽管宫崎骏自己也没有答案，但年纪已高的他忍着伤痛完成了这部触及人类内心深处的伟大史诗动画。加上久石让画龙点睛的配乐，使全片充满了浓郁的古日本风情，奏出了苍凉广阔、荡气回肠的效果。震撼又震惊！宫崎骏最优之作,2011-02-28 14:54:18
2226,150,冰红深蓝,力荐,宫崎骏最好的作品，在内涵的深刻性、复杂性及广度上都超越《千与千寻》。久石让的交响乐恢弘苍凉，宛如天籁。片中角色都不是善恶分明的脸谱化形象。血肉横飞的黑暗场景与单纯可爱的小精灵形成鲜明对比。关于仇恨与宽恕，关于无尽的冲突，关于人与自然循环往复的角力，没有出路也要活下去。（9.5/10）  | 2025.5.1 时隔整整十年，终于大银幕重温史上最佳动画电影，近乎全程噙着泪水。本片的多样丰厚驳杂更突出表现在每个人物的多面和立体中。小桑、阿席达卡、黑帽三位主人公其实都融合了传统的男女特质，给人雌雄同体感觉。同时，压抑怨愤与绝望里又蕴含了包容和希望，一如阿席达卡面对小桑的浓烈恨意与挥刺的刀锋时，轻轻地拥抱住她：“对不起，我已经尽力阻止这一切。”,2015-05-12 17:36:51
2227,150,आविर्भाव,推荐,《幽》不落窠臼的一点在于其所提出的一组永恒的矛盾：生存是否意味着必须要弑神？人与自然、人与人之间是否存在一种“共同活下去”的可能？导演借Ashitaka之口表达了自身在处理该问题时的暧昧态度：Ashitaka始终在进行着一场孤独的战斗，他拒绝屈服于任何一方简单的价值观，而近乎愚蠢地坚信着和平共处的切实可能；或者说，他对于如何调节这对近乎没有任何可能实现和解的矛盾保持着一种无奈的态度——“活下去”，并非是一种充满着乐观主义的生命礼赞；恰恰相反，它是一种充满着哀叹与迷惘的祈愿——我们唯有活下去，我们只能耐心地等待，用时间冲刷一切罪孽与诅咒，期待着某一天这一永恒的问题可以得到解决，抑或是迎来一个无法解决的终局——待到那时，东京早已被洪水淹没，人类的湮灭不过是地球所患的一场热症。,2020-07-28 12:49:18
2228,150,某J。624,推荐,应该是宫崎骏在内容以及构架上最宏伟饱满的一部，史诗般的叙事方式很有气势。但老爷子还是太心软了，人类用恶意回馈大自然，大自然却始终轻而易举地选择宽容与新生；不得不说，结尾真的有几分憋气。,2020-05-28 14:59:22
2229,150,谋杀游戏机,力荐,尽管由五小时缩减至两小时略显晦涩，尽管为商业目的加入过多感情戏，然而剧本酝酿长达十六年的本片是宫崎骏的顶峰与转折。史无前例的13.5万张胶片，CG技术与吉卜力少见的血腥镜头带来一系列视觉及心理上的震撼，宫崎骏放弃了理想主义，将人与自然视为不可调和的两个极端，指出人类首要问题是生存。,2009-09-11 18:52:46
2230,150,安德烈大叔,力荐,飞鸟的一句你好美，把我心都化了。还有六部宫崎骏的动画片没看，这样算来岂不是比诸位都幸福多了？,2015-11-06 09:44:49
2231,150,Loquilolackles,推荐,"黑帽这个角色塑造的太好了，这个对神灵妖魔都毫不畏惧，不恐惧天罚，也不害怕诅咒的角色，可以说她毫无敬畏心，但这种极致的坚决的力量感又很吸引我。而且她深深明白，有火枪在手，她才有力量去团结这些女人，这些女性才有力量保卫自己。

“她是自然资源的掠夺者，同时也是理想家园的建设者。”",2025-05-01 15:18:37
2232,150,落落的风,推荐,宫崎骏曾说过这么一句话：“我希望再活30年。我想看到东京被大海淹没，NTV(日本电视公司)的电视塔成为孤岛。我想看到曼哈顿成为水下之城……我对这一切感到兴奋，因为金钱和欲望，所有这一切会走向崩溃，绿色的杂草将接管世界。”,2022-08-28 23:25:14
2233,150,Carson,力荐,老宫最宏伟的巨作,2007-02-04 00:39:43
2234,150,已注销🇨🇳,还行,97年有这样的动漫实属不易，可是很不明白日本人的文化，没有绝对的恶，就算犯错也都可以一笑置之，取走鹿神的首级酿成大祸，且根本不肯归还，最后还可以笑着露脸，该说日本人宽容呢，还是什么？,2012-09-01 19:26:38
2235,150,[己注销],推荐,"（９／１０）珊其实是三个主角中戏份最少、人物刻画力度最低的一个，但不知为什么，每次提起《幽灵公主》时，我第一个想起的总是珊，脑海里浮现出野性、高傲、勇猛、初次登场就满嘴是血……但又无比美丽的少女形象。
精彩的角色，并不需要最多的戏份，而是每次出场都引人注目、一举一动都令人难忘。",2010-12-31 01:16:44
2236,151,So Magic,推荐,吴镇宇绝了,2009-12-08 09:59:37
2237,151,某茶君,推荐,无间道的前世今生...吴镇宇实在是太有味道了...,2007-01-28 03:16:49
2238,151,润物,力荐,如果看了无间道第一部，这部续作是必须要看的，这是一部前传，错综复杂的关系结合着之前作品来理解，非常有味道，编剧确实很有水平，设计得相当缜密。演员阵容依旧十分强悍，这部里吴镇宇的出演是最大亮点，可以毫不夸张的说，他甚至抢走了几位主演的风头，虽然黄、曾二人是公认的演技派，但给我留下最深刻印象的还是吴镇宇，他演老大简直绝了。看过之后，慨叹着命运的无常。,2007-03-31 14:15:06
2239,151,A-sun*,推荐,要是没有吴镇宇怎么办！,2010-10-08 12:13:11
2240,151,redmayne,力荐,因为这部戏 我第一次 清楚看到吴镇宇这个人 只是这点 已经是满分,2007-09-25 13:10:05
2241,151,白鲸,力荐,倪永孝中枪栽倒在弟弟的怀里，弥留之时拽出了藏在他衣服内侧的窃听器，一瞬间的眼神没有人能读懂，趁还有一丝力气，又把窃听器塞回到弟弟的衣服里，接着撒手，瞳孔放大离去…这是我看过最荡气回肠又悲天悯人的黑帮电影。,2016-01-25 23:55:49
2242,151,旅途人生,还行,应该是前传而非续集，相比第一部，结构更复杂，更侧重对黑道江湖恩怨情仇的描绘，而非单纯的卧底故事。需要静下心来看。但因为结构世界观的庞大，使得电影叙事复杂，趣味减少，又是一部不成功的续集,2017-03-13 11:37:03
2243,151,Edward,,各种型男，总有一款适合你（神马曾志伟也算吗）！陈冠希和余文乐本该是现在港片的中流砥柱了，可惜一个不懂电脑，一个不会挑片，可惜，尤其是陈老师，可惜！赐你们BL！,2010-12-07 11:21:12
2244,151,[x],推荐,我不想再做卧底了，再做两年我就成尖沙咀老大了。（笑尿）,2015-10-15 20:11:17
2245,151,黃美麗,力荐,5粒星係比吴镇宇的,2008-06-28 02:39:46
2246,151,战国客,力荐,论好看，2不敌1，也不如3。但就影片本身的质量，2绝对是3部中最好的。跟《黑社会》系列一样，拍出了黑帮史诗片的感觉——大气~~,2007-06-25 10:20:40
2247,151,我爱阳光,力荐,吴镇宇非常出彩。片子很有教父的感觉，但有些场景和心理刻画比教父更细腻些，很喜欢！,2007-10-31 18:13:31
2248,151,|,力荐,老吴是香港的Godfather 没有之一,2007-08-11 09:14:53
2249,151,阿德,推荐,倪永孝这个角色被吴镇宇演绝了，每个眼神每句台词都“教父”范儿！,2011-06-03 10:08:56
2250,151,辣辣的皮特,力荐,看第二遍了，但当倪永孝倒在陈永仁怀里时，眼泪还是出来了。高中那会看的感觉是这人的生命真是渺小。现在看，一是对故事有了更多的感受，二是再一次拜倒在吴镇宇的西装裤下...,2007-11-29 13:50:19
2251,152,桃桃林林,力荐,这部竟然拍得非常温柔，有点落寞和伤感，看完会被人的善良所打动。虽然确实有些天真，但还是好爱这样的电影，会让你很享受这个故事。当然，导演之前擅长的喜剧部分仍然很到位。几个演员都非常出色，女主和两个男配，写得好，演得更好。挺奥斯卡的片，应该能有斩获吧。,2017-11-14 21:16:46
2252,152,哪吒男,推荐,本届奥斯卡主题——美国妈妈牛逼死了。《伯德小姐》《我花样女王》《大病》《三块广告牌》拜托把这几个妈妈凑在一起吧，光聊天吵架就行，比超级英雄联盟好看一万倍。,2018-01-03 12:30:50
2253,152,豆瓣浅度用户,推荐,胖牙医十分可疑,2017-09-04 19:26:55
2254,152,大島,力荐,我的情绪和观点在这100分钟里面不停地翻转和颠覆,2018-01-21 11:19:35
2255,152,亵渎电影,推荐,一直觉得马丁·麦克唐纳是继昆汀·塔伦蒂诺之后最有才华的编剧，他的剧本每次都是超高的难度，既有一流的编剧技巧又有严肃的文学性。他总是以黑色和荒诞的东西先爽到你，最后再慢慢的用正能量感动你，让你在残酷的生活里看到一丝人性的暖色。这次的人物塑造很厉害，最佳群像表演也是这个剧本的功劳。,2018-01-03 13:00:44
2256,152,张天翼,力荐,三块火一样烧红的广告牌，三个人，三封信。角色的面目都是逐渐清晰起来的，就像警局里前一秒两人还针锋相对，局长意外吐血，米尔德脱口而出一句“baby”。全片就是充满那样意外又令人心软的转折。,2018-01-09 15:40:39
2257,152,谢飞导演,力荐,老套的寻凶复仇故事讲述得如此生动，编剧值一颗星；情节似层层剥笋，露出的是七八个清晰、独特、复杂的人物，两个星给予出色的女主演及男配角；将视觉场面、音乐服化等手段与叙事有节奏的、完整地掌控融合起来，应是导演获得的一颗星；结尾高明的情节逆转和开放式，为这部电影赢得了最后一颗星。满分！,2018-01-09 17:22:59
2258,152,影志,力荐,一晚上居然写了三封信！厉害了Woody叔。环环相扣，宿命轮回，错与对的双刃剑，比《杀手没有假期》更以小见大，提前预定今年奥斯卡最佳影片。女主、双男配演技巅峰，群戏也个个出色，剧本无可挑剔，开放式结局令人唏嘘…“-你确定我们还要这么做吗？-我不确定。-我们可以路上慢慢决定”,2018-01-03 22:41:28
2259,152,胤祥,力荐,#Venice2017# 影后已出。真是教科书一般的好剧本，破了不少套路，人物塑造十分生动。再加上导演控制力很强，不乏幽默感，也有不错的社会观察。对仇恨与愤怒的探讨颇有与当下社会状况的契合点。,2017-09-04 19:48:11
2260,152,竹和,力荐,太精彩了，实在想不到今年还有什么影片可以挑战。剧情音乐节奏摄影都接近满分，更可贵的是除了女主弗兰西斯的超水准表演之外，剩下所有演员的演出都精彩到可以颁最佳群戏。由于不妥协与不谅解所引发一系列悲剧，但是悲剧中更有合理的人性，戾气重的浪漫诗。从第一幕路过告示牌咬指甲就最佳女主内定了。,2017-10-28 12:33:58
2261,152,LoVe,力荐,或许是今年的高分之一吧。有种去年看海曼的感觉。这个镇子上的人都感觉脑子缺根弦。又名《局长的三封信》,2018-01-03 11:46:35
2262,152,朝暮雪,力荐,米尔德里德被愤怒冲昏了头脑，丧失了判断，和女儿争吵间接引发惨剧；迪克逊被仇恨蒙蔽了双眼，降低了智慧，伤害了莱德。后来，米尔德里德放下偏执，与前夫达成和解；迪克逊收起愤怒，和莱德握手言和。这一切源自愤怒和仇恨，又以大爱和善意结束。因为“仇恨从来就无法解决问题，但是爱可以解决问题”。,2018-01-03 10:38:27
2263,152,如火如茶,力荐,其实伍迪哈里森演的是一个天使,2017-12-27 21:06:56
2264,152,同志亦凡人中文站,推荐,今年两大最政治不正确电影之一（另一部是《凭空而来》）。愤怒是活下去的动力，怼天怼地才能内心平静，麦克唐纳用冲天戾气和负能量熬出一碗悲喜交加的心灵鸡汤。科恩嫂的表演太炸裂了，枯瘦的身躯下隐藏着滚烫的力量，全片仅有的一次笑容锁定奥提...,2017-11-30 15:58:02
2265,152,明安,力荐,牛逼，屌，好看，广告牌边的曼彻斯特。,2018-02-04 04:26:24
2266,153,青菜萝卜和豆腐,推荐,为嘛医生不用锯子够手机？,2010-01-30 14:29:38
2267,153,Ridden,力荐,最后五分钟让我全身发抖！,2007-11-09 23:35:22
2268,153,王xx,,如果一开始够不到那个东西人家老头可不要急死了,2010-03-19 21:12:44
2269,153,远子,还行,没有想象中的恐怖。恐怖的是，片子快结束的时候，我住处厨房的天花板塌了，噼里啪啦的，酱油瓶打碎泼了一地。拖地的时候，忽然想，这黑乎乎的一片好像人血啊……,2016-07-13 01:31:07
2270,153,毛,推荐,可是跟电锯有毛线关系啊 明明是手动的,2010-12-07 21:31:42
2271,153,是灰小猫啊,力荐,这其实是个励志片好不好，杀手先生告诉俺们即使在生命的尽头还是能干成很多事情滴~,2010-10-21 21:53:51
2272,153,有心打扰,力荐,当那躺在地上一动不动的那个人站起来后，我就彻底震惊了。,2010-04-19 12:33:30
2273,153,范小奚,力荐,看第一部的时候着实被他的情节设计给惊讶到了。,2008-07-21 12:46:09
2274,153,易,较差,看看有那么多人赞同拼图杀人狂的做法就知道我为什么只打来那个星了，这是一部好看的电影，剧情精密张力十足，但这不是重点，重点是它让观众产生对作恶的向往，这很可怕，而事实上，残害别人生命自己作为道德评判的上帝的做法本身就是反人类的，可惜，导演站到了撒旦的那一头。,2010-12-17 15:58:05
2275,153,束,力荐,第二次看，感觉着仍然是一部顶级的血腥电影，结构和叙事都很牛逼，叙事张弛有度。,2006-01-24 04:05:59
2276,153,任小可051,力荐,他喜欢近距离观察受害人，这个结局直接满分。,2021-05-09 22:32:07
2277,153,杨迪,力荐,警察是不是傻？？？,2018-02-16 15:58:22
2278,153,晨光荣耀,推荐,最终boss躺着不累吗？？,2009-03-09 23:35:00
2279,153,朝暮雪,力荐,只有面对自己的污点，才能实现自我救赎。,2012-08-12 21:53:56
2280,153,老朱無電影不歡,力荐,为什么总是第一部是最好看，所以不要把电影当电视剧拍,2008-04-10 14:19:31
2281,154,苇间疯,力荐,紧凑、凌厉，史上最佳间谍动作片。,2007-09-27 16:12:33
2282,154,viennavirus,力荐,车站和小镇两段，绝对的经典。,2007-09-19 15:33:33
2283,154,荔枝超人,力荐,COOL到一塌糊涂！,2007-11-12 15:46:54
2284,154,芹泽虾饺菌,推荐,“如果你在办公室，那我们现在就是面对面谈话了。”这句对白太拽了。,2012-11-01 14:42:56
2285,154,🐖,力荐,难怪马特达蒙那几年间当选最性感男星，伯恩系列的特点是主角冷静理智不耍帅，靠智商和观察力取胜，这才像个特工吧，和伯恩相比，邦德和汤帅哥都不够聪明的感觉，编剧让人想鼓掌，低调又紧凑。诚恳的五星好片。,2012-08-03 08:12:59
2286,154,danyboy,力荐,第三部，男主角终于不再杀人，因为他成佛了。自从他遇见了CIA的女观音菩萨后，就走上了成为斗战胜佛的道路。,2015-08-09 23:59:46
2287,154,冰红深蓝,力荐,《谍影重重》1~3是我看过的最棒的动作惊悚片了！这三部比碟中谍、007什么的更刺激、更真实。没有美女帮忙和高科技道具，全靠观察力、DIY和身手~ 导演和编剧功力不浅，马特·达蒙把动作戏和感情戏都演得宁静自然。毫无多余的煽情或莫名其妙的拖延，代入感极佳。（9.5/10）,2014-02-23 14:26:30
2288,154,高歌,力荐,一夫当关万夫莫开。虽然有点神化，但伯恩真是这一行的大师啊~,2010-09-23 00:31:20
2289,154,roxanneX,力荐,Matt各种有型,2011-02-05 20:52:46
2290,154,艾小柯,推荐,作为Bourne系列，这部真是豹尾，节奏与情节安排都极为令人称道。,2007-08-04 16:37:42
2291,154,暖鱼,推荐,Bourne去救Nicky这段最抓人。,2007-08-23 23:53:25
2292,154,琧婯,推荐,三集里最好的一部,2007-12-09 18:31:35
2293,154,晚安小姐,推荐,第3部还那么NB,2009-03-15 20:21:32
2294,154,米粒,力荐,这部真是精彩了~~！瞧瞧人家这讲故事的效率！,2010-03-17 22:48:08
2295,154,Lan~die,推荐,格林格拉斯彻底革新了动作场面，干净利落紧张刺激，这也是谍影重重系列最好的一部。,2008-05-02 19:57:19
2296,155,焚紙樓,还行,語拙的《V字特攻隊》、主旨（仇富）延續卻說服力更低的《黑暗騎士崛起》、社經背景缺席的《計程車司機》、墮落的《喜劇之王》、超齡的《天氣之子》……擔憂這樣一部電影能引發民亂未免杞人憂天，如果厭世者能被這個輕薄到近乎世界系的故事給騷動，那七年前的諾蘭恐怕能推翻美國。瓦昆的演出無懈可擊──畢竟當代還有幾個演員能同時演繹耶穌和小丑？然而全劇最神來之筆的一幕卻不屬於他，而是給了一個侏儒。,2019-10-04 00:19:46
2297,155,TWY,还行,华金演绎的小丑固然精彩，但从导演不相信小丑可以从化学池里诞生这件事中，大概能看出他并不是很相信影像，所以只好大搞心理现实主义的mumbo jumbo，然而最终还是只能用大量堆砌的刻板印象制造冲突来推动故事发生。,2019-10-04 11:11:19
2298,155,谋杀游戏机,推荐,完全不是超英片，就是一个以普通底层小市民为主角的犯罪片，大概也是这些年漫威DC所有电影里人性剖析最深刻的一部。影片对哥谭市有着出色的氛围营造，阴暗潮湿的道路，满目垃圾的街头，一触即发的暴动气息，这样的环境，再加上悲惨的身世、糟糕的一天，足以把一个老实的可怜人逼向深渊，从理性善良一点点变得麻木和疯癫，每一步转变都真实可信。杰昆·菲尼克斯瘦骨嶙峋的样子让人心疼，毫无疑问，影帝级的表演，“希斯·莱杰后再无小丑”的话可以收回了。,2019-08-31 17:59:06
2299,155,大島,推荐,变成职业精神病后果然精神好多了,2019-11-12 15:50:11
2300,155,小小明月几时有,力荐,"漫威:制造一个大坏蛋，首先要给他超高的智慧，强大的肉体，绝顶的战斗技能，对了，还有无限宝石

 DC: 给他一个糟糕的人生吧",2019-09-04 07:35:43
2301,155,私～川流,力荐,这才叫DC，谢谢。,2019-08-31 22:57:17
2302,155,Tilda Li,力荐,#Venezia 12“希斯·莱杰之后无小丑“这个论述终于是被打破了。这是当代电影史的光荣日。,2019-08-31 19:46:39
2303,155,Fly you fool！,力荐,"Life is a tragedy when seen in close-up, but a comedy in long-shot.

-- Charlie Chaplin

人生近看是场悲剧，但从长远来看却是场喜剧。——查理卓别林",2019-08-31 01:34:46
2304,155,长颈鹿饲养员,力荐,"看完世界首映激动的打卡！剧情节奏感满分，内涵思考张力满分，艺术戏剧性满分，人物塑造满分。
所有奥斯卡大奖给它都不过分，因为此片足够划时代的宣布，超级英雄的时代结束了。",2019-08-31 20:47:40
2305,155,桃桃林林,推荐,9分，菲尼克斯值得一座奥斯卡，表演太带情绪了，以无法抑制的狂笑表达痛苦，竟然笑到让人难过。影片与之前大部分超级英雄电影截然不同，没有特效、没有奇观、甚至没太多动作场面。而是以略复古的方式，讲小丑为什么会成为那个小丑。其实是挺严肃的一部片子，包括去关注社会问题。片子还挺邪恶的，会让你有些同情这个小丑。另外，这片应该是无法续集和衍生，因为还是太实了，如果这个角色重新漫画化，也就不再是他了。,2019-10-03 15:27:48
2306,155,保卫胡萝卜,推荐,再也不要有人跳出来把DC和漫威比了，这已经是金狮体系了。,2019-09-10 11:38:09
2307,155,朝暮雪,力荐,"一个生活中的loser，人们眼中的笑话，永远被忽略，永远没有存在感。
路人欺负他，同事出卖他，主持人嘲笑他……
所有人都不在乎他，把他当成空气。
他从来不知道自己是否真的存在过，他唯一的愿望就是他的死比他的人生更值得。
他不是小丑，人们却说他是没用的小丑；
他真正有病，人们又希望他假装没病。
于是，他决定再也不要做他人生命中的过客，他要做自己生命的主宰。
你说我是小丑，我就做小丑给你看。
谁出卖我，我就让他知道出卖我的下场；
谁把我当做笑话，我就让他再也笑不出来。
曾经他戴上面具，总想为他人带来欢笑；
如今他卸下伪装，只想活出自己的人生。
他是人们眼中的失败者，也成了另外一群人心目中的英雄。
他在世界舞台翩翩起舞，宛如一名艺术家。
以前他认为自己的生活是一出悲剧，现在他意识到，它是喜剧。",2019-10-11 23:47:59
2308,155,spiegel,力荐,这个世界的阶层固化到底严重到了什么程度？已经到了俯仰皆拾都能成为好电影素材的程度。于是我们扎堆看到了《燃烧》《寄生虫》《何以为家》《小丑》，底层人民在这些电影中表达出了最可能的几种选择：挣扎，控诉，疯狂。,2019-09-02 22:18:40
2309,155,黄青蕉,推荐,看看社会都把搞喜剧的逼成啥样了！大家善良一点，听到不好笑的笑话多多包容，少疯一个对大噶都有好处,2019-11-10 12:55:21
2310,155,同志亦凡人中文站,推荐,社会的疯狂带来反社会的集体疯狂，只需要糟糕的一天，人人皆可成为小丑。坦白说，“因为压迫、所以作恶”的命题已经不算新鲜了，但杰昆·菲尼克斯一步登天的方法派表演升华了整部电影！他的肢体和表情，完美告诉了世人什么是密不透风的绝对黑暗~,2019-10-04 15:48:26
2311,156,花冠袭人,力荐,严重被低估的好片。我走到哪里都为它叫好平反。,2007-10-06 21:41:08
2312,156,根,推荐,厉害的概念都在第一部了，后两部根本只有打打打打打嘛,2017-04-14 23:07:29
2313,156,绿音儿&外星兔,力荐,不说好，是因为你没看懂,2005-09-10 20:56:26
2314,156,朝暮雪,力荐,"《黑客帝国1》还比较容易看懂，《黑客帝国2》《黑客帝国3》就很深奥了。
造物主（Architect）负责维持母体的平衡，先知则负责引导母体中的人们觉醒。
两个人的共同作用下，母体中的人类社会稳定进化，机器人也从中吸取经验。
这也是机器人“种植”人类的终极目的，并不仅仅是用人类发电，更是为了学习人类，从而实现进化。
锡安之所以存在，也是机器人故意让它存在。
机器人无法避免母体出现bug（也就是有人觉醒），所以就等他们觉醒、等他们组建反抗军。
机器人每隔一段时间就来一次大清洗，把反抗军歼灭，然后再把母体重启。
这种大清洗已经进行过5次了，这是第6次了。
前5次的结局都是反抗军全军覆没，母体重启，而尼奥的出现让世界首次出现了不同的结局——和平。
人类和机器人互利共生，共同进化。
但是这种和平又能维持多久呢？",2012-08-18 01:26:39
2315,156,同志亦凡人中文站,力荐,不管别人怎么说，我觉得这是我看过最完美的系列电影。,2012-07-20 19:58:54
2316,156,Lan~die,力荐,在《黑客1》的结尾所说的那个“无限可能的世界”无疑给了我们最美好的憧憬，但是在《黑客3》中，尼奥的死亡却达到了弥赛亚主义的最高潮，虽然“上帝之国”依然没有得到建立，虽然最后的平衡只是暂时的，但是《黑客帝国》依然给我们留下了一个大同世界的梦。,2008-04-09 02:28:02
2317,156,蔕,力荐,重看多遍，每次都能更深一步感受，这悲伤也越来越大。正如电影名字一样，The Matrix Revolutions，这是矩阵的革命、升级，并非人类。这已是机器的时代，人类只是夹缝求生的弱者。Neo，The one，他为使命而存在，他的牺牲和为之争取到的一点点曙光，在机器时代中，又是什么。黑客帝国三部曲，更像是机器编年史中的一个节点，人类用巨大牺牲和第六代The One的悲剧使命，在机器的控制和变数下，完成了这段历史进程。未来，人类的命运，这有限的和平，历史长河如何书写，不得而知。黑客帝国三部曲，科幻电影史上里程碑神作,2019-02-08 10:53:08
2318,156,Mr.5,推荐,"见过太多的才子，才发现都是膜拜的傻子。
到底有多少的电影有你的影子。",2017-03-21 21:54:15
2319,156,寂地,力荐,"黑客帝国全套都喜欢,有空再看...嘎嘎",2006-01-05 00:15:33
2320,156,拉夫德鲁的厨子,推荐,华丽的Zion大战，Neo死掉了，替Matrix除掉了脱离控制的Smith，Zion得以暂获和平，还会不断地有The One来重蹈覆辙。个人英雄主义地又圆了一个大同梦。——杀毒成功，机器恢复正常，就不需要重装系统了……仔细想想居然就是这么个事。,2017-04-05 13:31:15
2321,156,Q。,推荐,相对于第一部与第二部，这次的完结篇动作场面和特技场面大幅增加。以表达“和平”为战争的主要目的，并且还有几条感情分支为辅助，以大规模机器人作战和最终一战都堪称完美，也让这个经典的科幻作品画上了完美的休止符。★★★★,2011-04-23 02:36:08
2322,156,Country Mile,力荐,第三部主题升华了，华丽丽的锡安大决战,2015-02-01 00:00:49
2323,156,阿科,力荐,五星，但是电脑为什么要用人发电，核能，地热不行吗？人能发多少电啊！,2012-07-11 21:27:02
2324,156,苏多多,推荐,看完之后觉得没看懂于是看别人的剧评，感觉自己好像懂了，但是再看一遍又发现好像有解释不通的地方，于是又找搜索剧评，如此循环往复，还是觉得似懂非懂的一部电影。算了还是欣赏帅帅的基努里维斯就好啦,2018-02-07 21:48:44
2325,156,女儿吃鸡腿联会,还行,一个bug和一个流氓软件打来打去，打来打去和打来打去,2011-05-05 23:25:24
2326,157,火娃,推荐,8/10。批判大于歌颂，臭弹失效招致部队牺牲，上级用尺量图瞎指挥，副连长开路牺牲却因生前话直不予评功，革命干部家母亲打电话到前线开后门。后半段以人死不赖账为主线揭示老区人民的贫困，收阵亡通纸书、遗物等桥段含蓄处理为哭坟高潮释放巨大情感，烈士归来及家属的人物关系层层递进、结构线索流畅。 @2016-11-20 19:19:13,2016-11-20 19:19:13
2327,157,津五渡,力荐,我觉得是中国最好的战争片，并且很长一段时间内不会再出现了，再见伟大的八十年代。电影中表达的情感到今天依旧能打动我，战友情、亲情、爱情，以及对国家的拳拳赤子之心，真挚而热烈。中国是我的，可也是你的。二百个亿养个狼。赵蒙生，名字起得好，赵家从沂蒙老区那样的群众中诞生，千万不要忘了啊。,2017-08-11 13:37:16
2328,157,峰峰峰峰,还行,共和国的旗帜上有我们血染的风采，共和国的土壤里有我们付出的爱。,2015-04-14 16:37:05
2329,157,驱逐舰,力荐,"不论是真实出镜的武器装备（62坦克，170，56等）,还是战术动作细节（单手换弹夹，三三式等），还是对尖锐问题的反映（WG十年对工业体系的影响，高层特权等），处处透着认真和严谨，秒杀一众当下敷衍圈钱的片子。",2017-07-31 01:14:02
2330,157,亵渎电影,推荐,借着《芳华》，看一下这部，人物塑造情感充沛。,2017-12-24 12:16:20
2331,157,最爱喝白开水,力荐,30年后的《芳华》竟然还比不过当年《高山下的花环》，谢晋导演牛逼！,2018-04-21 15:30:01
2332,157,半日光辉,力荐,这部电影我肯定看过，但是确实没有印象了，所有的印象都来自于原著小说，应该说，在80年代初期出现的原著小说思想性相当超前的，说实在，这片子放在今天，可能都要禁映，反应的问题实在是太尖锐了。,2011-10-01 15:19:44
2333,157,唐宋,力荐,三十多年后再看才发现是谢晋导演的，唐国强演的小白脸，是斯琴高娃演的东来嫂。战争场面堪称巨制，飞机坦克在当时应该是让人叹为观止了。这电影打100分的话，战狼什么的15分吧。,2017-12-23 14:30:59
2334,157,Die Katze,力荐,至高牺牲都是温饱生活 都不曾享有的人做出来的。唐国强演出的指导员，望好里说是高富帅接上了地气、受了真正的人的薰陶；望坏里说，就是安插进去化解阶级矛盾的洗地侠。宣传干事那个角色在30年前，就隐隐透出了一股微博大V兼公知的味道。,2014-04-27 11:42:38
2335,157,丁嘉豪,力荐,"你离开战争，太久了；
咱们离开人民，太远了。",2022-08-10 09:32:54
2336,157,竹傲风,力荐,我只用一句话来表示我看这部电影的感觉：我差点没在公司里哭死。第一次看电影如此。,2011-10-31 11:45:43
2337,157,一句话与一辈子,力荐,黄昏将至，我们吃着白米饭，喝着快乐水，想不通那些身强力壮的士兵会死，我在深夜惊醒，突然想起，他们是为我而死。愿后代子孙铭记历史，惟愿青山不老，忠骨永存，惟愿国家强盛，无敌来犯，我们的英雄能够不再流血牺牲。,2021-02-27 11:19:22
2338,157,Putin 547,推荐,我想说的是，这电影之所以成功，不是应为导演的能力，是因为书的作者，我们应该感谢的是这本书的作者，你看过书，再对比电影就知道，电影上的东西基本上找不出跟书上不一样的，情节、动作乃至对白，基本完全一样，我甚至怀疑根本没有剧本，剧本就是那本小说,2007-03-16 03:50:27
2339,157,阴到贵,力荐,国产五星，千禧年之后中国的电影最大的毛病，还是情感的缺失，导演当商品做，不带情感，标榜冷静克制，虽然八十年代电影滥情，但这种电影里的真情感，现在是在也看不到了,2018-02-17 22:10:25
2340,157,不分北南,还行,"战争中没有女性（全程叹气）
她是消遣。她是奖杯。她是妇人之仁，心思狭隘。她是毫无自主性，生育顾家的机器。有一个女性人物的一个镜头是与男性无关的吗？
不过确实是很优秀的战争片了，每一个细节都在塑造人物形象，在煽情上很节制，镜头和剧本都是教科书级别的。最喜欢是恰到好处的静默。
还有就是缺少一些对战争本身的反思。",2023-09-22 22:41:00
2341,158,shininglove,力荐,小人物，大成功。低成本，高票房。热电影，冷导演。旧模式，新包装。雅追求，俗定位。内棚衬，外景托。熟表演，生情境。远特效，近手持。慢推入，快剪辑。有利益，无朋友。左警察，右悍匪。正势力，恶交锋。假道德，真和谐。恩未报，怨已结。问有主，答无解。单兵战，双人桥。哭邻国，笑天朝。,2013-09-27 04:49:56
2342,158,张小北,推荐,韩国电影中一直有一种东西，合适的时候叫『热血』，过量了就是『狗血』。但从来没见过不足的时候是什么样子。,2013-10-07 12:09:04
2343,158,柏林苍穹下,推荐,一部戾气如此深重的影片，注定能在我朝获取广泛共鸣。,2013-09-26 01:45:18
2344,158,陈大乘,推荐,"韩国人要逆天了,即使一听就知道那不是50岁男人的声音，即使任谁也安装不了如此犀利的炸弹",2013-09-12 20:01:33
2345,158,多多以南夫斯基,力荐,有紧张刺激的故事情节，有导演想传达出来的比恐怖炸弹还要严重的媒体、政治顽疾，还有河正宇超棒的表演（大势所趋，成影帝）。超喜欢最后一幕，河正宇摁下按钮，媒体大厦砸向国会议堂!!,2013-09-06 12:08:10
2346,158,Tekki,推荐,政界、传媒界以及某国的脸都被打得啪啪的，河正宇的演技简直无情,2013-09-15 01:04:11
2347,158,zhang 2nd,推荐,河正宇的个人秀，他一个人撑起了这部低成本封闭空间，对媒体政客等各种讽刺黑出翔,2013-09-13 23:52:55
2348,158,黄青蕉,力荐,一想到有生之年都无法参与这样的电影，忍不住呜呜哭了起来,2013-09-23 22:41:04
2349,158,影志,推荐,《致命呼叫》开篇，《狙击电话亭》过程，《搏击俱乐部》结尾。漏洞多多，但实在屌爆了！,2013-09-23 11:26:49
2350,158,芦哲峰,还行,天朝刀客杨之韩国炸药版——任何事情，你要给我一个说法，你不给我一个说法，我就给你一个说法。,2013-09-19 18:45:53
2351,158,同志亦凡人中文站,推荐,恐怖分子的“秋菊打官司”。夸张的地方都忍了，因为我们真就生活在这样一个冷血凉薄的世界。我也想摁那按钮。,2013-09-19 21:31:25
2352,158,白发生,推荐,故事敏感，扣人心弦；节奏紧凑，毫无尿点。又一场封闭空间里个人表演的精彩呈现，又一次感受韩国犯罪题材影片所带来的冲击与震撼。政治的阴暗、媒体的嘴脸，这些元素如此熟悉，然而每次出现都不会觉得厌倦。如果是你，将会作何选择？,2013-09-12 22:35:34
2353,158,Lyra Vega,力荐,爽，国内不可能有的剧情,2013-08-29 20:52:15
2354,158,LJ,力荐,一个演播室淋漓尽致的展现了人性的丑恶、传媒的势利、政治的可怕，美国都不敢这么拍。,2013-09-15 22:22:32
2355,158,风间隼,力荐,够狠哪！象征层面有国会旁的媒体大厦、桥梁、未完工的大楼、逐渐被剥去神性的演播间，情节层面，把恐怖袭击题材从美式中产阶级的虚伪道德绑架中解放了出来，失意主播不是官复原职夺回原配，而是被逼到了蓝领无产者一边，最后与官僚同归于尽。有种日本老电影的血气。,2013-09-27 10:23:36
2356,159,Little Punk,,heaven's drive.最后一刻，我是笑着的，却分明流下了眼泪,2006-11-28 11:42:50
2357,159,荒野狷鱼,力荐,看到评论里有人说这是女人被激怒了，还让她们冷静点，实在让人无语。现实中的女人还不够冷静吗？如果凡是女人被骚扰被调戏被羞辱都像电影一样拔枪相向，不知道多少男人横死街头。哪还有你轻飘飘说句“冷静”的机会。电影没有给两位女主活路，本身就是说这样行不通，编导是用这个故事告诉我们，那些不尊重女性的男人多么的可憎，多么该死！如果这都看不明白，不是蠢，便是坏。,2021-06-17 17:25:42
2358,159,七七|烂柯人bot,推荐,最大的败笔是警长啊是警长，她们并不需要来自男性世界貌似大公无私的救赎啊,2010-10-27 12:13:16
2359,159,战国客,推荐,“当一个女人说不要的时候，她是真的不愿意！”,2008-07-14 14:55:24
2360,159,我爱面子不爱你,力荐,说实在话，这真是难得一见的几个稍微看得过眼的外国影片的中文译名之一……,2009-09-26 22:52:09
2361,159,更深的白色,较差,因为女性受压迫就要以自绝于人民的方式来反抗？动机和方式都难以理解。,2016-02-07 13:50:59
2362,159,阿依达,力荐,你知道有多少女人在被别人欺负。你又要知道有多少女人在独立，在反击。,2010-12-08 16:35:57
2363,159,莫不谷,力荐,希望说出“一个女的如果答应跟一个男的单独吃饭单独看电影，就是答应跟这个男的上床了”这句话的韩寒和持有同样想法的男性可以看看这部电影，它里面的每一发子弹都是射向你们的。她们为什么要逃，以及为什么逃不脱，都是时至今日女性仍然面临的系统性的困境。末路狂花的飞车坠崖，和玉娇龙的纵身一跃，都是被压迫的生命最激烈的反抗和自由的抉择。,2022-01-14 20:27:40
2364,159,carmen,力荐,"枪是阳具的隐喻
只有女人有枪才能完成犯罪
说和女权女性觉醒无关的大概真的没看懂
安塞尔说i just cant live.时我就知道结局
结尾是那样的自由，注定鸟不属于父权的监牢
那个想保护女孩的警长特别像父权制下表现的爱护你但他无法冲破系统禁锢的男性。他认为这些女孩是善良的一切都是被逼的。如果我是导演，我会让她们射杀那个公路卡车司机，而不是惩戒他只是打爆他的车。刻板印象中男性是可能做出这样的事的。女性的善良难道不是一种规训？为什么少有连环变态女杀手的电影，以猎杀男性为乐？",2021-08-18 23:15:24
2365,159,熊大柚小內內,力荐,请原谅我土鳖了现在才看过这片，但我觉得特别特别好看！！！！！！！！,2010-04-05 04:20:19
2366,159,眠去,推荐,这个结尾让我看得特别悲伤，在长久的短期内，这个世界这个社会仍然是男权的。,2008-05-14 12:26:09
2367,159,王神爱,力荐,最后警察包围她们的时候说“任何不服从指令的行为，将视为对我们的挑衅” 这其实也是很多男人对女人的潜意识,2011-09-18 05:10:21
2368,159,宝钗洛克哈特,力荐,在唐山案的第二日看。电影与现实产生了许多互文：女性要如何反抗性暴力才不会使自己受伤？答案是一致的——不可能。要么是杀死对方，自己踏上逃亡的不归路，只能在悬崖一跃，追求最终的自由；要么是被男人残忍击打，倒在暗黑中。只有女性情谊才是这个疯狂世界的唯一救赎。30年过去了，一切都没有改变。,2022-06-11 20:43:24
2369,159,米粒,力荐,真好看啊！飞向自由的路上，就是要这么洒脱（虽然结局让我悲伤）。塞尔玛的性格转变很有意思也非常令人感动。最后两个人掏枪太棒了！我的妈呀皮特二十几岁时候的样子真是令人百看不厌。,2013-08-02 04:57:44
2370,159,方青,力荐,"一开始我觉得塞尔玛真牛比，丈夫内样就算了，坚持做纯纯直女结果差点被强奸，死性不改然后打炮被偷钱，毫无歉意死不长性。但在每一个厌女情绪往外蹦的下一刻，塞尔玛就会做出出乎意料的脱轨事件来一次次解决困境，打我的脸。

路易斯是相对理性的，理性的人自认无计可施时会更容易彻底绝望，所以你会发现塞尔玛的眼泪流得很轻易，甚至眼泪没有性欲来的快，但路易斯的眼泪谨慎又沉重，带着德州不可说的重压。

最后握紧的手让人流泪，向油罐车开枪潇洒坏了，抢劫商店不忘抢酒，枪指警察的对话令人发笑后又沉默。公路上的沙和光让人把口红和饰品这些玩意都踏马弃了，峡谷之上的自由谁又能说不是自由，反正女性命运在哪都指向死亡。

男导演拍女性片子怎么着都得整个奔向女性的救赎神父是吧，挺好，帮助观众做同情理解状，然后吃汽车尾气去吧。",2022-03-27 00:41:59
2371,160,五摆五折,推荐,再多各自牛逼的时光，也比不上一起傻逼的岁月。,2011-09-14 03:48:03
2372,160,詩優_shuu,力荐,再多分开牛逼的岁月，也比不上一起傻逼的时光。这个电影必须要看。。。,2011-05-19 18:49:08
2373,160,狷介有乌青,力荐,一起哭，一起笑，一起疯，一起闹，一起尽情折腾我们的人生，即使老去也有最美最好的青春可以一起祭奠。,2011-09-10 20:19:21
2374,160,撒旦的表妹,力荐,夏春花简直就是我的理想型！已弯！,2014-03-10 22:56:37
2375,160,___amoa,推荐,但是，如果她们都没有钱，故事还能顺利的展开、完美的收场吗,2011-09-11 18:00:35
2376,160,胡子（胡续冬）,力荐,同是姐妹片，比《伴娘团》牛逼多了。大有中学不良少女团体史诗片气概,2011-09-13 22:21:46
2377,160,Doublebitch,推荐,早知解散后各自有际遇作导游，奇就奇在接受了各自有路走，却没人像你让我眼泪背着流，严重似情侣讲分手,2011-09-27 09:57:57
2378,160,绿洲,力荐,五星佳片！一部人生的缩影！,2011-09-11 16:28:31
2379,160,桃桃林林,推荐,其实片子的问题很多，表演过度，两组时空变化有时会很牵强且情节有断。不过仍然被感动了，回忆跟青春真是一辈子也不会烂的催泪神技啊！熟悉的旋律，友情与爱情。结尾收的也好，终于没有韩片尾大不掉的毛病了，适时而止反而有些回味。,2011-09-12 12:21:18
2380,160,Tiffany♥,力荐,泪水和欢笑可以同时绽放。2011最爱韩国电影。无悔的青春就是和你们一起范2傻笑打闹。我们是永远的好朋友好姐妹。,2011-09-11 02:12:28
2381,160,琦殿,推荐,我操那哥们儿为什么长得像柔和版本的言承旭！,2011-11-12 17:22:02
2382,160,aluuuuuuuuuuuu,推荐,再怎么帅气的初恋情人最后还是会变成糟糕的大叔。。。,2011-09-30 06:43:30
2383,160,影志,力荐,过去与现在交织的镜头完美无缝，笑声与泪水共融的是我们回不去的年少，或纯真，或傻逼。又一部以情取胜的韩片，没有传说中的那么牛逼，却也真挚可贵。“我们说好以后要再见，如果有因为自己飞黄腾达而装逼的丫头，大家就找过去惩罚她；如果有因为自己穷而大气都不敢出的丫头，要折磨她到有钱为止。”,2012-01-01 14:20:01
2384,160,甜椒Oli,力荐,这个真的是回忆了。女生很多都在哭 男生不解的看着女生哭哭。可能我感性的不是姐妹情谊。我难过的是我们的以后也会是这样 好坏不知 生死未卜,2017-02-05 12:05:52
2385,160,周杰伧的小粉丝,力荐,真是好片儿，差点被这逗比片名给骗了,2014-03-22 22:19:57
2386,161,桃桃林林,还行,真正的戏眼是达科塔·范宁。她才是催泪的原动力,2010-02-26 14:33:11
2387,161,最美的时光,推荐,“没关系，爸爸，没关系。不要难过，我是幸运的，别人的爸爸都不会带孩子去公园。”,2017-08-24 18:34:51
2388,161,思考的猫,力荐,孩子和“傻子”演技都很强大，更重要的是，它表现的一种富于人文精神的理念。,2008-07-18 09:14:10
2389,161,abby,力荐,哭到只剩半条人命~,2008-01-13 17:11:34
2390,161,眠去,推荐,怎么说呢，西恩潘的表演五星，范宁五星，菲佛五星，也被催泪的不得了，可就是不知道问题在哪里，不喜欢这个（也确实显得很真实的）故事。,2011-05-03 12:57:15
2391,161,影志,推荐,哭啊 一直在哭……,2005-08-24 07:23:46
2392,161,高冷的鸡蛋仔,力荐,智障人给所谓的精明人上了一课，让他们明白什么才是生活中最重要的东西。,2017-08-24 08:31:36
2393,161,草威,推荐,幸亏没让汤姆汉克斯来演。,2011-04-25 09:00:46
2394,161,Doublebitch,力荐,all i need is love~很浓的beatles情结，小女孩好萌,2010-12-03 22:22:37
2395,161,猫一,力荐,哭得稀里哗啦~,2008-06-11 14:41:20
2396,161,海心,力荐,六星的片子，哭得一塌糊涂。老天忘了我这个可怜的小孩，偏偏要给我这部电影提醒我有些东西我永远得不到。不能重生，不能生，此生再无机会，那就只好死去了。,2008-08-17 12:00:21
2397,161,理想多钱一斤啊,推荐,父亲节看这电影真是应景。里面的小姑娘，原来真的是老友记1014里面卖房子夫妇的女儿McKenzie  —— 世故地吓人，凭什么她这样就感人至深，林妙可就受尽唾弃？？？不公平,2010-06-22 16:50:50
2398,161,Cherry,力荐,五星送个Sean Penn。,2008-07-20 20:54:40
2399,161,Q。,推荐,“lucy in the sky with diamonds……”十分的亲情，十分的爱，爱的能力并不是取决于智商的高低。原声好，主题好，演员好，但就是有些拖沓与着力过猛。★★★★,2011-07-17 03:06:31
2400,161,巴喆,力荐,催泪瓦斯。山姆那几次欲言又止的父爱，女律师几次的想逃避山姆，然后却又一次一次的帮助他。这或许不是一种责任，律师也许因为是出于面子而免费帮他打官司，但确实是真正的有爱的人，太让人感动。此片很具有人文意义上的价值。8.4,2012-02-17 16:37:29
2401,162,银河系漫游指南,力荐,这部片深刻地告诉我们 一个有好剧本的诚哥有多可怕 ☄,2016-09-05 21:17:35
2402,162,小鱼问题不大,力荐,"黛玉心中想道：“好生奇怪，倒像在哪里见过一般，何等眼熟到如此!”
宝玉看罢，因笑道：“这个妹妹我曾见过的。”
贾母笑道：“可又是胡说，你又何曾见过他？”
宝玉笑道：“虽然未曾见过他，然我看着面善，心里就算是旧相识，今日只作远别重逢，未为不可。”",2016-10-03 08:37:02
2403,162,翻滚吧！蛋堡,力荐,新海诚用这样的故事去温暖城市中每一个仍然愿意相信爱的人。在这么大的世界里，能够遇见你，竟然需要如此用力。穿越错位的时空，仰望陨落的星辰，你没留下你的名字，我却无法忘记那句“我爱你”。,2016-09-07 12:13:58
2404,162,库索,力荐,这一次要给新海诚打200分，在我鄙视他不过只是纯情小清新的10年前，没料到有朝一日会在电影院里哭到断气。恍惚看到了穿越时空少女时期的细田守。为所有的少女心和中二病鼓掌，青春不死就能相遇，就能拯救地球。现在我抹着眼泪走出影厅，看到后排的少年摘下眼镜，嚎啕大哭起来。。。,2016-08-27 18:55:23
2405,162,CharlesChou,还行,和《追逐繁星的孩子》同个毛病——一个平时专注于言情的人看了科幻小说之后可能就是这样的，他执着于用新学到的概念来包装自己的认知，而不是放手让这个概念去革新它。,2016-09-08 22:25:45
2406,162,同志亦凡人中文站,推荐,新海诚终于会讲一个复杂故事了，真不容易啊！当年那部搔首弄姿、无病呻吟的“言叶之庭”差点让我转成终身黑，“君之名”却轰出了我睽违已久的少女心。彗星降临的末世情怀，穿越时空的灵之绳结，只有7秒钟记忆的鱼...星空、爱情以及所有遇见都是注定。,2016-09-08 08:06:11
2407,162,华盛顿樱桃树,还行,到底该在哪里哭？？！！很悲哀，我已铁石心肠：）,2016-11-21 22:41:39
2408,162,空気嫁,力荐,错过和努力才是爱和青春的墓志铭,2016-08-28 15:57:13
2409,162,哪吒男,推荐,你我相逢在黑夜的空中，你有你的我有我的方向，你记得也好，最好你忘掉，在这交会时互放的光亮。,2016-09-08 17:48:31
2410,162,野象小姐,还行,难以置信你们都是在哪儿哭的？。。,2016-12-05 00:30:14
2411,162,桃桃林林,还行,挺漂亮的，仍有恋足展示，延续了言叶之庭，很好,2016-11-20 17:43:44
2412,162,Cindy,较差,和前作相比并没觉得有变好？？反倒在大屏幕更加显得像在看幻灯片，故事情节在哪里？觉得太没有人间性，想要做的很像人却都是完全没有感情的人偶。而且好多个瞬间都感受到作品透露着深处的冷漠，和表面包装的浪漫温暖美好相对比更让人害怕。,2016-09-01 02:12:06
2413,162,有心打扰,力荐,只有新海诚才能让我一次又一次感受到爱情的纯粹与美好。被爱情伤得遍体鳞伤的我，不再相信爱情的我，突然会想，不如再勇敢地去谈一场恋爱？嗯，好像可以！,2016-09-07 15:28:51
2414,162,乱花空,还行,评分真的太高了，可能因为这几年影视炒作太猛烈...个人感觉是一部看过就会忘的影片，没有太打动人的地方,2016-09-16 15:56:39
2415,162,隆咚锵,力荐,先写下 我爱你 再到世界尽头找你的名字,2016-09-09 01:39:10
2416,163,咸菜帮老大,推荐,以我有限的观影经验，优秀的战争片不会美化战场，不会粉饰死亡，不会矮化敌人，不会无视常识，最重要的，不会宣扬战争。这个片子基本都做到了。,2016-12-01 22:46:33
2417,163,桃桃林林,推荐,特别老派的热血直男片，甚至觉得叙事目的性强烈到有些直白。然而，就是好看。前半部分就是压制观众情绪，后面的战争就是帮主角和观者释放，去证明主角。战争场面太硬了，血腥可怕，看到紧张，如炼狱一般。我认同他的那些信仰？胡开尔啊！真正让人激动的，还是见证普通人创造的奇迹，因为这是真的。,2016-11-25 15:21:45
2418,163,littledepp,力荐,有个印象很深的片段，首战第一晚他与战友两人坐在战壕里，战友开了一个罐头问他怎么不吃。满脸黑漆漆战灰的道斯笑着摆了摆手说：我不吃肉。多么可敬的人啊，他的信仰无法改变战争，而战争却拿他看似最普通的信仰也无可奈何。,2016-11-28 22:41:13
2419,163,朝暮雪,推荐,救人75命，胜造525级浮屠。,2016-12-08 02:08:24
2420,163,木卫二,推荐,没有真人真事加持，你真会觉得，梅尔·吉布森是一枚假天主之名的神棍。当真实不可思议到某一个程度，你就会觉得，它怎么可以比电影还假啊。但这么老派的关乎个人信仰的电影，傻纯真的故事，看起来还是令人动容。电影是《全金属外壳》的两段式结构，大段的平静和抗争后，突然进入手撕鬼子的地狱模式。,2016-11-30 11:58:40
2421,163,失控的小跳蛋！,力荐,队伍配置中奶妈的重要性,2016-12-08 22:29:13
2422,163,davekozg,推荐,看完觉得吹牛啊，结果片尾出现正主时震惊了，再一查历史，真实道哥居然比电影里还开挂，真死人堆里爬出来的。当下好莱坞难得一见的右派电影，梅尔吉布森甩掉了神神叨叨，拿出宗教信仰和残酷战场，战争场景真实血腥，令人发指的牛逼 #这战争场景要是3D高清估计得看吐了#,2016-11-07 11:24:53
2423,163,巴伐利亞酒神,推荐,这部片子最牛逼的，把钢锯岭拍成了寂静岭，把鬼子拍成了鬼。第一次被一部战争片的恐怖场面吓到，感同身受于士兵的恐惧。,2016-12-09 00:47:43
2424,163,同志亦凡人中文站,力荐,枪林弹雨过，片叶不沾身。信仰没能改变战争，但也没让战争改变自己。梅尔·吉布森的宗教狂热病和个人英雄主义都让我想BB，但因为有本命在闭着眼睛也要给五星啊～（只有加菲才能这么一脸阳光的面对杀戮和暴力，五好青年的笑容太美！！！）,2016-11-02 16:56:03
2425,163,谢飞导演,推荐,青少年时期及父辈们的经历，永远是艺术家创作的源泉。看外国老一辈导演们的“老派”作品，当然有着强烈的共鸣与认同感，同时也为自己一代人由于时代的限制，在创作上的无语和失职而感伤。,2017-02-21 01:47:15
2426,163,影志,力荐,“每个人的信仰都值得尊重，这就是最真实的我们” 我操，好久没看到如此热血经典范儿的电影了！复古老派，却看得老泪纵横。继上一部导演作品《启示》后，阔别十年的梅尔·吉布森依然出手不凡！恍惚在看2016的《地心引力》《勇敢的心》《拯救大兵瑞恩》《辛德勒的名单》…（短评也得老干部一点,2016-11-29 23:21:18
2427,163,陀螺凡达可,推荐,3.5 前半小时和爱情戏俗得发指，从入伍开始才走上正轨，上战场就很好看了，虽然时不时出现的槽点还是会让人出戏，但最后成功被煽到。Bromance基友的存在感和感人程度抵十个女主告诉我不是一个人。对加菲的印象也大有改观。,2016-11-27 03:42:34
2428,163,李小丢,力荐,李安想告诉我们英雄是会软弱会迷茫的平凡人，梅尔吉布森告诉我们英雄都是神一样的人。但是这部片的好处是，同样是展现人的神化，它可比手撕鬼子的剧真实多了。大概是因为真正的神从来不觉得自己所做的一切常人难以企及，他只是谦卑地认为自己做的还不够。克制是最大的美德。,2016-12-12 14:03:36
2429,163,早日退休瑾朵朵,力荐,观众纷纷表示：前一个小时简直昏昏欲睡。你看，不管是屏幕内外，大家关心的、想看的都只是流血、战争与死亡，没有人关心你的选择和信仰,2016-12-09 19:32:21
2430,163,饮歌,推荐,这部电影工整的格局，宏大的场面和充沛的感情都足以让人重拾久违的心潮澎湃，尤其是战争题材才能带来的那种感动。宝刀不老的梅尔.吉普森用这份“老派”的扎实再次诠释了“勇敢的心”：真正的勇敢并非骁勇善战，而是无论何时何地都不忘初心，坚守信仰，并秉持自己始终不会放弃的那份纯粹。,2016-11-04 10:25:21
2431,164,掀桌超人,力荐,张学友让梁朝伟杀他那段，笑翻了,2006-04-17 19:31:04
2432,164,张天师,力荐,香港缺心眼儿喜剧之最，看100次笑100次～,2006-11-02 22:35:14
2433,164,眠去,力荐,从来不曾想起，永远不会忘记。,2007-03-03 12:16:45
2434,164,末宝儿,力荐,40几遍了吧,2008-06-24 05:35:13
2435,164,飞天PP猪,力荐,刘镇伟哪里比王家卫差？！,2008-07-31 22:43:12
2436,164,Connie,推荐,这样的parody电影，如今已经不可得.......梁家辉叫人吐血那场唱段戏，竟是众人乐得不支之下张哥哥一手编词、导演的，10几年后我才知情......,2006-01-18 18:31:48
2437,164,Ruby超人小姐,推荐,看不懂【东邪西毒】的时候就看【东成西就】。,2009-04-05 17:45:19
2438,164,三翘,,又看了一次 再也不会有这样聚集这么多大腕的电影了,2010-11-05 22:03:34
2439,164,米姐起飞,力荐,"向90年代的香港喜剧片儿致敬!多少年后,他们仍是挂在嘴边最活络气氛的谈资!",2010-06-11 11:04:01
2440,164,姨妈的鸭,力荐,"我第一次看梁朝伟先生的电影就是这本片子 从那之后 我再也没办法爱上这个男人了~
你们毁了梁朝伟！！！！！也毁了我！！！！！我从此之后对忧郁的眼神再也没有爱了！！！！！！但是我还是好高兴啊！！！！！哈哈哈哈！！！！！",2011-04-12 13:29:51
2441,164,尼桑，都是尼桑的错,,这种阵容如此强大又百看不厌的喜剧片估计以后也没啦~~,2008-08-23 22:00:11
2442,164,狮子真好吃啊,推荐,梁家辉和刘嘉玲是亮点，特别是后者，我简直被惊艳了,2009-04-29 12:29:53
2443,164,tavico,力荐,跟同学一起又看了一遍，最喜欢刘嘉玲,2007-01-13 23:16:56
2444,164,单线程青年,推荐,“给我来两根烤香肠”“你不是正在吃吗”“我打包带走不行呀！”哈,2008-03-14 16:21:37
2445,164,宋阿慕,推荐,当年看得我笑至浑身酥软的一部好电影.,2008-02-20 11:43:06
2446,165,阿德,力荐,人啊，政冶上觉得不行了，在生活上总得找点精神安慰,2011-02-05 23:01:57
2447,165,林三郎,力荐,黄建新早期作品，1994年公映，相当精彩。想想真奇妙，第五代导演不约而同地在1994年前后达到巅峰，张艺谋拍出《活着》，陈凯歌拍出《霸王别姬》，田壮壮拍出《蓝风筝》，黄建新拍出《背靠背脸对脸》。事实上，那也是中国电影一闪而逝的巅峰。,2016-02-13 18:52:37
2448,165,朝暮雪,力荐,"王馆长对局长说李会计应该把房子腾出来，又对李会计说这是马馆长的主意，还叫石经理把送礼的钱拿一部分出来给李会计装修新房，既没出自己的钱，还让李会计不敢举报他贿赂。
阎馆长叫李会计从王馆长工资里扣140，又对王馆长说李会计是假传圣旨。
王馆长叫医生伪造确诊证明，让他可以合法生二胎；王馆长的父亲故意弄破阎馆长的皮鞋，还声称要卖血还债，一招苦肉计扭转改变风向；
王馆长的妻子说跟着他一点光都沾不上，从而激将公公把私房钱拿出来；
李会计和猴子同样受到王馆长恩惠，李会计却见风使舵，很快就为阎馆长卖命；
而猴子假装帮阎馆长进口影碟，转身就把他举报了。
当然，最厉害的还是局长和副局长，把下面的人玩得团团转。
个个八面玲珑，圆滑处世，心有城府，堪称华语片最佳群戏。",2018-11-05 10:33:57
2449,165,云中,力荐,这个人去拍什么建国大业了……,2011-03-12 13:22:06
2450,165,欢乐分裂,力荐,2019-8-4重看；20年前的事业单位百态至今未改丝毫啊！各种勾心斗角、玲珑剔透的人情世故，各种绵延不绝官场丑态尽在小小文化馆中释放。鞠躬尽瘁用尽心思费尽心机，不过为一个正科级头破血流，抵不过背景雄厚的空降兵或上层路线（唯有触碰到道德问题等原则问题才有被扳倒可能），阶层固化使得底层向上流动几乎成为不可能---这点可能是本片最振聋发聩之处；醍醐灌顶之后的老庄哲学留下开放结尾，厚黑学永无尽头。配角们大有深意，人人都有一把小算盘，唯有浸淫于官场语境方能参破其中奥妙。剧本大赞，演员极好（牛振华演技绝了），剪辑棒，好看极了！,2014-07-15 21:11:46
2451,165,丁一,推荐,"电影基本照搬照拍刘醒龙小说《秋风醉了》，并沿用小说的白描手法——中国世情小说之白描手法，俱是一等一上乘化骨绵掌手段～
电影的画龙点睛之处是——导演黄建新把故事里的“单位”安排在了一座如千年衙门的中国古建筑里上演～
黄建新后来去拍了《建国大业》什么的也不算招安错位，只不过是现实中的王副馆长终于扶正升官了，希望黄馆长早日当上广电总局局长兼党组书记~",2010-08-25 12:26:52
2452,165,私享史,力荐,有道是，文化人进文化馆，文化馆上文化局，文化局上文化厅，文化厅上文化部，文化部上文化国，文化国育文化人。作者围绕小小文化馆的人情世故权力斗争展开叙事，隐喻的却是几千年亘古不变的大道理，学而优则仕，仕不达则生儿子，这就是死循环的中国。扭曲的众生，颓败的古建，清冷的色调，阴郁的配乐。,2014-12-09 17:34:09
2453,165,桃桃林林,力荐,"中国官场只是中国社会的一个缩影或是模型而已,中国人的处事哲学,这片基本把这事说透了,好多妙笔",2012-10-31 20:13:34
2454,165,巴喆,力荐,教学片，绝对可以当教材！中国两千年官场之道的高度浓缩，官场、体制、人情社会、世态，每处透着算计利弊的精明，机关算尽，最后融儒于道，只好知足常乐。回味无穷啊！建国大业之前黄导，差别这么就怎么大呢？8.5,2013-01-28 21:42:10
2455,165,胤祥,力荐,这片儿放到今天果断审不过吧……话说哪个宫斗戏能写到这个程度啊？确实精彩。稍稍有些像电视剧，稍稍有些长，有些细节处理得稍稍有些直白（比如文化馆这个空间），不过讽刺得真是入木三分。另外老爷子对孙女下手这种事，孩子妈竟然不撕逼不离婚，这得多能忍？所以小阎欺负到头上这事儿也忍了……呵呵,2016-06-09 02:18:14
2456,165,Ocap,还行,背靠背脸对脸的官场，给翻译成洋文，那就是House of Cards呀。电视剧感减分，收尾节点加分。,2018-02-15 18:12:36
2457,165,conge,力荐,王双利的这点儿手段，都不够给徐副局长提鞋的．,2014-04-04 09:43:33
2458,165,+Rae,力荐,精彩绝伦，十颗星。感慨啊，20年前大陆片还有如此佳作，鞭辟入里，讽刺辛辣，中国的官场百态、人情世故、封建价值观一一绝妙呈现，台词亮点非常多。建议所有考公务员和事业单位的人提前认真观看学习。,2015-02-10 01:11:30
2459,165,格鹿,力荐,个人并不觉得王双立最后是真的想透了，只是官场失意的自我安慰罢了。在猴子提供重要情报后的说辞，本就是王双立擅长的说好话、“为别人着想”，末了不忘补一句，听不听劝在你，只是别扯上我，意思已是明明白白，猴子已不是他能决定去留，不能输送利益就无法得以掌控。王双立的不与人争，一是看不到斗走阎的希望，二是明白了阎走了还会有“上层路线”的新人来，自己在领导眼里已打上不被重用的标签，继续斗争只是在折腾和消耗自己，只好在“生活上找找安慰”。官场上估计多是有劲儿且有希望的人才上蹿下跳的吧，感觉结尾的时候王双立的眼神像是又看到了希望，嘬一口烟赶紧琢磨利害关系。若真是看透放下，闲庭信步也能体现心境，这几步快走和嘬这几口烟的镜头都大可不必了。,2021-04-17 03:06:31
2460,165,Clyde,力荐,真没有想到1994年大陆有这么一部佳作，拍出了中国基层微妙的权力斗争和复杂的人际关系，细节生动，入木三分。牛振华演得极好，群戏也相得益彰。个人觉得这不是一部单纯的批判性的作品，更多的是表现了中国式的人情风俗和精神世界。,2014-09-17 14:42:02
2461,166,Lan~die,力荐,"小王子说：“因为有一朵我们看不到的花儿，星星才显得如此美丽。沙漠之所以美丽，是因为沙漠的某处藏着一口井。”
波顿说：“他说故事，因为他无法忍受这无趣的地方。”这片子是献给在现实世界中迷失、畏首畏尾、丢失了童年时代欢愉梦想的人，那条游向远方的大鱼是我们对美的向往。",2007-02-10 09:21:11
2462,166,争争Janice,力荐,父亲和母亲在浴缸里静静地抱在一起，父亲走后有很多朋友为他送行，这是最让我动容的两幕。此刻，我也知道了生命对我最重要的是什么了。,2010-11-14 14:07:06
2463,166,文泽尔,力荐,"哥特和亲情的融合..每个人心中都有一条大鱼，抱着梦想而活是最幸福的，怀抱梦想而死去的人是不朽的。
到了最后，真相已不重要，眼泪也淌下来了...其实他们都是真的，故事的虚化以外，所有的人们都是真实的.",2008-04-09 17:13:46
2464,166,早日退休瑾朵朵,推荐,孪生姐妹不是连体，巨人没有那么高，他妈妈在葬礼上穿的是大红的外套,2011-04-24 18:09:29
2465,166,一湄,力荐,表面在过的人生，和在内心世界奔涌的人生，本来就是并行和交叉的。这个世界不仅仅是我们看得到的世界，它更真实地存在于地表之下，头顶之上。最后他变成大鱼游走了，我都看哭了。,2011-05-26 08:19:09
2466,166,赫恩曼尼,力荐,靠编造故事度过平凡的一生的父亲，却在临终前依旧对自己在女巫的玻璃眼球中看见的河流耿耿于怀。他的儿子替他圆了这个“谎”，给了让父亲欣慰的答案。而父亲死后，他也成为他故事里的传奇。生命力极强的故事，天马行空的情节，最终却归于对平凡生活的抵抗。催泪。,2015-12-12 21:55:44
2467,166,浅浅,推荐,在这世界上，只有在你所爱的人之外，才需要辨别所谓真假。生活中的事，有种种说法。所谓真相，可能是最令人乏味最让人难以接受的。而在生活外表涂上彩虹颜色的人，他们值得尊重和信赖，因为他们的爱。,2006-08-14 12:35:49
2468,166,Futurismus,力荐,"出乎意料的感动。超五星。正如小波所说：“我呀，坚信每一个人看到的世界都不该是眼前的世界。眼前的世界无非是些吃喝拉撒睡，难道这就够了吗？”这不够，这远远不够。一个人只拥有此生此世是不够的,他还应该拥有诗意的世界、奇幻的世界、童话的世界、他自己的世界。",2014-08-29 01:04:37
2469,166,简里里,推荐,“知道自己会怎么死，便不担心了。因为你知道这世界上其他任何事情都杀不死你”。,2013-02-07 23:07:02
2470,166,浮生若梦,力荐,永远不要小看别人的故事,2006-10-15 20:50:28
2471,166,大头绿豆,力荐,你会因此想念父亲,2005-09-11 13:49:54
2472,166,海心,推荐,我怎么没有感动？因为我没有父亲。,2008-08-16 11:46:48
2473,166,病気君,推荐,这个叫蒂姆·波顿的人，身体里住着大鱼爸爸(Big Fish)、剪刀手爱德华(Edward Scissorhand)、威利·旺卡(Willy Wonka)和疯帽子先生们的灵魂。,2011-07-05 16:44:54
2474,166,木由,力荐,「人们说当你遇上你的挚爱时，时间会暂停。真的是这样。但他们没有告诉你，当时针再度恢复转动，它会飞快无比，让你无法赶上。」,2017-05-04 20:18:31
2475,166,冰红深蓝,力荐,温情哥特风的成人童话。大鱼，戒指，巨人，美人鱼，连体姐妹，狼人马戏团长，12年写3句诗的诗人，照见死亡的女巫玻璃眼，挂在晾衣绳上的鞋，错乱的朝鲜战争，回不去的丰都镇。微笑告别的动人仪式感契如[地下]的孤岛狂欢结尾。给枯燥的生活与冷酷的现实涂上一层彩虹霜糖，用上一支柔光滤镜。（9.0/10）,2016-01-05 17:57:39
2476,167,西楼尘,推荐,理发师用剃刀也能救人危难，造型师用针线也会缝补梦想。枝头掉落的树叶，街头鼓起的排风，地铁里忙碌人群中的歌声，角落里饥肠辘辘时的披萨，当你爱上生活的一刻，就找到了激活生命的火花。原来每天有那么多灵魂经历个体的锤炼，性格的塑造，奋力冲向地球。也会有无数灵魂被生活压垮，迷失进漠漠荒野。,2020-12-26 10:36:47
2477,167,礼拜六的两脚兽,力荐,未必有所成才算活着，梦想也不是什么了不起的东西，只喜欢看天、走路、吃披萨的人生也很好。（皮克斯送给社畜社恐的一记摸头,2020-12-16 19:00:15
2478,167,Woody,力荐,"一部极有可能拿到奥斯卡最佳动画长片/最佳原创配乐的电影；
一部迪士尼皮克斯近乎满分的作品；
一个出品23部长篇动画电影，拿下10个奥斯卡奖杯的工作室；
排片2%",2020-12-25 09:35:39
2479,167,盲忙,推荐,又挤又破的地铁，黄色的出租车，雄壮的布鲁克林大桥，哈德逊河上远眺万家灯火，曼哈顿的秋色，小酒吧里的爵士乐，这就是纽约啊。理想如果都实现了，那然后呢？你会继续问自己，人活着最重要是什么？不是爱，不是恨，不是痛，也不是成功与失败，而是感知，有些人把它看作是庸俗的生活，有人却认为它是活着的全部意义。两首歌太好听了，听完瞬间觉得生活美好了起来。,2020-12-14 18:17:51
2480,167,疼酱,推荐,“灵魂不会被压垮，压垮你的是生活啊。”三十岁的社畜看的内心澎湃，但为了维持成年人的体面又要在黑暗的影院里哭的默不作声。22迷失后，黑暗内里一句句话砸过来“你做不到”“找不到火花”“这不是目标，这是平庸的生活”和抑郁症发病的自我攻击好像…戳的我好久没缓过来。沉入心流和陷入执念只有一线之隔的设定好赞，基金经理被黑的又搞笑又辛酸XD～但故事和人物塑造还是比《寻梦》的完成度差一点点。,2020-12-14 17:11:00
2481,167,懒懒牛,力荐,你以为所有的故事都被讲完了，皮克斯给你讲一个所有元素都见过但前所未有的故事。终于梦想和目标都不再重要，feel it,2020-12-16 15:58:03
2482,167,可露丽,还行,3.5。凡尔赛动画，男主体验了得尝所愿，享受了人生巅峰，回头规劝大家平平淡淡才是真，能活着就是美好。？？？,2020-12-26 15:33:19
2483,167,嘟嘟熊之父,推荐,电影好残酷，都说应学会放下，但倘若从未得到过，又有什么资格说不想要？有机会挑拣快乐的人都是曾爬上巅峰看过风景的人，而平凡如我们，只能将脚下俯首即是的通通当作快乐，欺骗自己生命已足够美好。决定笑着告别，将生命拱手相让，不是爱的传递，而是心已死、梦已碎。一部纯粹的情绪电影：如果得到了，再多表达一点都会破坏这种得到；如果没有得到，不会寻找原因，只会感到遗憾。,2020-12-25 16:57:33
2484,167,托普希特,推荐,看完没有被鸡汤到 反而失落得很 我热爱生命 敬畏自然 真诚待人 保持一双发现美与善的眼睛 我坚持自我 不做不喜欢的事 不害怕表达脆弱 我理解个体的差异 尊重他人的观点 我特别健忘什么事情都不记得 我不化妆不打扮不控制食欲不取悦别人 可是我都觉得活着好不开心啊 没有“火花” 没有梦想 没有热爱 没有一技之长 赤裸地来赤裸地去 在慕强的世界里 连想死都会被嫌弃 何苦非要让我白白走这一遭呢,2020-12-25 21:40:13
2485,167,朝暮雪,力荐,"高纳终于实现了梦想，但他突然发现，他追求了一辈子的东西并不是他想象中那么高大上。
他突然发现，他为了他的爵士梦，错过了太多太多。
他错过了和母亲相处的机会，错过了丽莎……错过了除了爵士之外的一切。
很多电影都是给我们灌输成功学、心灵鸡汤，讲述主角努力追求梦想，最后就实现了梦想。
仿佛在说，只要你努力就能成功，如果你没成功，就说明你还不够努力。
皮克斯却告诉我们，并不是一定要有多么伟大的成就才算活着，就算没有成功又怎样呢？恰恰相反，一味追求成功而忘记了享受生活，这才是最遗憾的。
无论是看天空、走路，还是和家人相处、和爱人看海……只要你用心去感受，这些微不足道的事情其实都十分精彩而美好。
生活的真谛不是什么宏伟的梦想，恰恰就是那些生活中平凡的小事。
追求梦想是最不重要的，看天空、走路、吃披萨才是正事！",2020-12-27 13:26:41
2486,167,石狩川,力荐,惟江上之清风，与山间之明月，耳得之而为声，目遇之而成色。取之无禁，用之不竭。是造物者之无尽藏也，而吾与子之所共适。,2020-12-26 12:55:52
2487,167,匡轶歌,推荐,我听过关于一条鱼的故事。小鱼游到一条老鱼的旁边说：“我要找到他们称之为大海的东西”。“大海？” 老鱼问：“你现在就在大海里啊。” “这儿？” 小鱼说：“这儿是水，我想要的是大海。” 目标不是人生的spark，生活本身才是。看完此片，关掉电脑，所有曾经拥有的Spark，纷纷涌上心头。,2020-12-27 14:04:05
2488,167,twhiddleston,力荐,因为Disney+Pixar这样的存在 才使我对现代动画充满向往  我不仅向往那每一帧的画面 更向往那群创造奇迹的地方,2020-10-13 18:02:00
2489,167,Mr. Infamous,力荐,格外理解二十二。小时候被名人励志，长大才发现那真是一种无垠的压力，万里挑一的人以巨大的差距提醒你越来越是个失败者，你永远不够好。但观星赏月，听虫嗅花，也是人生最无用又最有用的修行，生活过得越来越糟心，不贪这星星点点的美好，撑一撑，顶一顶，我们这些庸碌之辈，早该熄灭了吧。颓败了一整年，我太感激这部温热的电影了，依然有绝佳的想象力供人移情，真想陪他们，在忘我或迷失时，哭哭啼啼一回。活着真的很不如意，但还能活着，真的很幸运。能跟所爱之人来看，也很幸运。影院这低排片真是叫人不齿。,2020-12-26 12:31:08
2490,167,谢飞导演,还行,除夕临近，看了这部“心灵鸡汤”式的皮克斯动画片，观感还算愉快，只是老套过多，欠缺新意。So so!,2020-12-31 08:34:35
2491,168,奇怪的普通市民,推荐,最喜欢的还是鸭子姐，一声不吭就搬到巴塞罗那，鸭子姐你会幸福的,2024-03-02 16:20:14
2492,168,麻烦帮我关下门,力荐,五星都给浣熊！世上最好的小浣熊！机器人破破烂烂，小浣熊缝缝补补！,2024-03-13 21:15:33
2493,168,Mayday,力荐,"太好看了！太好看了！太好看了！一句台词也没有！我感动的泪流满面。一直焦急等待着他们重逢没想到真的见面的时候选择了避而不见 一起不在同一个地方跳舞的时刻眼泪哗哗的流。一段关系的结束一段关系的开始我心中始终会给你留个位置，纯粹版换乘恋爱。再遇见新人时机器人已经懂得了牵手不能太用力，小狗也懂得了机器人进水会坏掉。上一段做错的在新的人身上不会再重复。好会拍啊好喜欢 不用语言的陪伴 不在身边的想念 重逢之后的放下 呜呜呜呜呜呜呜。
还有很多很有意思的桥段，雪人用头打保龄球，雪人喝饮料会变色，章鱼打鼓，机器人教小鸟飞翔，好喜欢这样的动画，心软的一塌糊涂。",2024-02-13 12:30:13
2494,168,普通人类材料,力荐,两个人不在彼此身边却跳着同一支舞😭有时候love doesn't overcome circumstances，而我们只能向前看、追寻新的幸福。,2023-09-09 22:55:43
2495,168,桃黑,推荐,虽然结局看起来大家都开始好了起来，但狗狗的幸福是自己可以主动得到的，而机器人的幸福却是靠着无尽等待，甚至支离破碎之后偶然获得的，这两者之间是绝对不一样的。,2024-02-18 12:37:00
2496,168,天马星,力荐,原来每一次与你重逢都是梦，尽管我们不能在一起了，但这并不代表我不爱你 。,2024-02-19 12:07:23
2497,168,Faust,力荐,"狗子要的是陪伴，机器人要的是狗子。  
狗子，你可以划船从海上去找它，也可以从天上落下去找它，还可以从下水管道去找它！但你没有！你也努力了，在你的能力范围，也算对得起自己的良心了，不会自责了，然后用一个便签掩盖了情感。去寻找新的陪伴。到期了，在海滩上挖了个大坑，来结束这份感情。狗子是现代消费文明下作茧自缚的人类，心底有爱却无从发现，也无从寻找。
机器人，理想的赤子，粉身碎骨后，它值得一份爱的拼接。
所以影片叫《机器人之梦》。",2024-03-14 11:32:06
2498,168,屑美乐蒂,力荐,"只希望你开心，不管身边人是谁。

真是哭得我满地找牙… 只恨不能打10星",2023-09-09 18:45:56
2499,168,田小禾,力荐,我是不是你最好的朋友，我是不是你独一无二的朋友，你来找过我吗，你还记得我吗，你有新的朋友了吗，冬天你度过了什么样的日子，春天呢，是谁砍掉了一条你的腿，谁给了你温暖，谁给了你新的生命。你的口哨吹给谁听，在你的梦里，我终于在你按响门铃后来给你开门了吗？是不是人类聪明到能发明机器人朋友，也还是会想这些愚蠢的问题，还是会感到孤独呢？那条熟悉的街道，那一小片沙滩，只能等待时间来解冻的冰面。在时间中我们记住和忘记的究竟是什么，在我们都感到孤独的时间里，各自度过了什么样微小而有趣的日子？钓鱼，然后又偷偷放生，放一只风筝，小心翼翼地交新朋友，成为三只小鸟的巢，看着它们长大然后飞走。,2024-02-24 21:04:44
2500,168,Meraki,推荐,相聚离散都有时候，不会再问小狗为什么不能更努力一点早早带走机器人，我们多多少少都已经领略过命运的斥力，默契情谊真实发生过，也总会有新际遇补位。看了会难过或豁然都太正常了，配乐很出色。,2024-02-08 23:11:35
2501,168,榴莲王子,力荐,我每个梦的结尾都是想要按下你的门铃,2024-04-25 09:45:44
2502,168,잡지를 읽기,力荐,最该死的就是沙滩浴场的管理人员和保安，暂时把人放进去一会儿能怎么的？？？！！！,2024-03-26 10:11:21
2503,168,UglyBerry,,我过得不错，你过得也不错，这一切看上去都不错，但却全错了。,2024-02-20 22:16:11
2504,168,水中的沙发,推荐,仿生机器人会梦见前任小狗吗？会，而且很伤心呜呜。（竟然听到了康定情歌）,2024-02-06 18:44:21
2505,168,Josephine,力荐,看的又笑又哭的，这绝对是爱情啊，我竟然觉得这个电影把爱情中的“轻”讲清楚了。我爱你，我想你，虽然你不在我身边了，我继续经历着新的事情认识新的人，永远在心里有你的位置。,2024-02-06 23:19:49
2506,169,塞塞,推荐,且看诺曼的last smile  毛骨悚然！,2008-05-03 12:41:41
2507,169,昏金暗玉,力荐,看这部电影必须回答一个经典的问题：女主角遭到刺杀时，镜头直面花洒，花洒每一条水痕都清晰无误如同肉眼看着一样上镜。请问，摄影机是如何做到的？,2008-09-18 14:52:42
2508,169,Doublebitch,力荐,人格分裂的鼻祖，试想60年代人们看到这部电影时能有几个不喊牛逼的,2011-01-18 17:19:49
2509,169,追忆,较差,我怀着十分崇敬的心情坚持看到了最后一分钟，最后只能用大失所望来形容，难道这就是影史经典？恕我十分十分的看不出来,2013-09-16 20:25:45
2510,169,17950,力荐,神作。全面滿分。如果有任何不被打動的理由，那就是觀眾晚生了50年，受到太多這部電影50年來泛濫的影響，就像一個沒有受過高等教育的英國老婦不會覺得沙劇牛逼一樣。,2010-11-13 23:15:39
2511,169,影志,力荐,“一个男孩最好的朋友就是他母亲” 诺曼上楼扭屁股…等细节虽然早就猜到了结局，但今天第一次看依然被震撼到。,2019-04-15 15:40:02
2512,169,远子,还行,希区柯克这回出现得太早了点，让观影的乐趣一下子降了不少。还有最后那个心理医生那趾高气扬的神情让人很不舒服。,2014-05-03 14:16:00
2513,169,孙此方,推荐,最后那一抹笑容堪称经典,2012-09-26 00:17:04
2514,169,同志亦凡人中文站,力荐,剧本和细节真是绝了，对性别的理解更是超前时代。万圣节去看希区柯克就是no zuo no die的节奏，惊恐交加中居然错抓了邻座小哥的手... o(>﹏<)o,2014-10-31 17:56:08
2515,169,Spotless Mind,力荐,80W成本的电影业同样可以做到流芳百世，希区柯克缜密的思维、独特的运镜，加重了对细节的刻画，其隐喻也值得回味，结尾那具骷髅头更让人不寒而栗。据说此片开创了人格分裂电影的先河，同时也暗示了希区柯克本人的“厌女癖”。,2010-01-15 21:45:39
2516,169,杂技演员,推荐,"""伪""的就是""娘""！",2010-10-27 10:57:19
2517,169,哪吒男,推荐,我杀了我妈妈，我妈妈杀了我。,2019-08-15 23:17:14
2518,169,心生,推荐,呃，有那么神么……顶多是意义重大吧……,2012-10-10 13:04:05
2519,169,刘康康,推荐,这片儿唯一的败笔是最后那位表情夸张、装腔作势的心理学家，一看就是演戏演过了的主。其实这片不被剧透的情况下看肯定很吓人（很难做到了吧），尤其是最后女主角单身去大屋里寻找诺曼的母亲那一段。浴室那场戏现在看也很吓人。,2014-07-16 10:34:35
2520,169,根,力荐,妈呀，（影史）知名酒店竟用拖把清洗浴缸！！,2019-08-18 23:59:22
2521,170,谢飞导演,推荐,大开眼界！对我这个只玩过斗地主的电脑游戏盲来说，《头号玩家》的内容确是匪夷所思。年轻观众欢呼雀跃的无数“彩蛋”我常常无从辨识，一头雾水，但是观影体验仍然痛快、满足。比我小四岁的老导演斯皮尔伯格，如此旺盛的艺术想象力和娴熟才华，让人佩服不已。后半部渐显落套，也无可苛求。,2018-04-02 17:07:38
2522,170,桃桃林林,推荐,9。我爱这部电影，就好像我的梦想是能进入马丁·斯科塞斯的《出租车司机》，看罗伯特德尼罗枪杀嫖客和鸡头，营救朱迪·福斯特。所以，我爱这部电影。,2018-03-29 22:22:43
2523,170,影志,力荐,斯皮尔伯格把他对电影的梦想、热心、爱与情怀，浓缩到这部片子，通过极具年代感的经典电影和角色，又并茂高科技的现代游戏闯关，他拿手的、专注的、想诉说的都在这里给影迷情倾盆呈现，并在最后一句“谢谢你玩我的游戏”推向高潮，就像在银幕前看着他对我们说“谢谢你看我的电影”…泪奔,2018-03-27 23:02:34
2524,170,芥末蘸酱,推荐,斯皮尔伯格就是那个头号玩家。,2018-03-27 23:19:17
2525,170,大奇特(Grinch),推荐,众里寻蛋千百度，玫瑰花蕾却在灯火阑珊处。“谢谢你玩我的游戏。”——谢谢你拍这样的电影。,2018-03-27 21:55:10
2526,170,翻滚吧！蛋堡,力荐,游戏宅和影迷的春药！还原《闪灵》那场戏看到要爆炸了！值得去电影院刷十遍！,2018-03-21 17:08:18
2527,170,邓安庆,还行,要哭了，每个友邻都是五星好评，而我羞愧地半路睡着了……就感觉故事蛮老套的，那些让人嗨的点，心里只是“哦”了一下。,2018-03-31 22:04:20
2528,170,大島,力荐,好想在有生之年玩一场全民大战马化腾,2018-03-31 22:52:01
2529,170,亚比煞,推荐,其它都挺好。但是你拍了一部片，讲述了一个在游戏里找到挚友，搞到真爱，还一夜暴富成为人生赢家的故事，最后告诉我只有现实是唯一的真实，不觉得结论太苍白了吗？强行政治正确吧。,2018-04-05 12:48:20
2530,170,张小北,推荐,看完之后，完全没感觉到这个电影有140分钟……时间过得好快……,2018-03-31 22:53:55
2531,170,Futurismus,还行,7分 目前豆瓣9.2一片溢美 不外乎精准搔到了影迷们的嗨点 让观影量变现为成就感。新浪潮及新好莱坞以后，电影导演不同以往的一点是有了电影史意识，能够在他们的作品中有意识观照以往的电影，这部不过斯皮尔伯格的游戏之作，流行文化拼贴彩蛋集合，过于讨巧，究竟难以掩盖内涵的平庸和故事的老套,2018-03-30 16:44:42
2532,170,杨欢喜Metiche,力荐,全场喊牛逼！没啥是斯皮尔伯格做不到的了，在一个商业片中把所有的特效情怀和爱结合得完整而彻底，让影迷乐迷游戏迷接二连三地高潮，即使都不是也能看得花枝乱颤，这样应该算是完美了吧。而最后也竟然默默抹了把眼泪…Reality is the only thing that is real.,2018-03-26 23:47:07
2533,170,mlln,还行,我知道这个电影很用心地抛了很多回忆梗，但是......完全不是我的回忆啊。它要抛出一个葫芦娃、黑猫警长和太阳之子一起打架，我就给五星了。,2018-04-01 22:40:43
2534,170,风间隼,力荐,公民凯恩串起了闪灵、鬼娃、高达、哥斯拉、亚基拉、街霸、铁巨人、金刚、龟波气功……，加上迪斯科音乐和各种游戏卡，简直是是一部全球世纪流行文化编年史。感谢撕皮儿剥壳，把我们这些大孩子一把拉回追看《回到未来》和《夺宝奇兵》的神奇年代，跟着逼真的特技和癫狂的想象去重温我们的“玫瑰花蕾“。,2018-03-21 19:45:37
2535,170,恶魔奶爸Sam,还行,全世界对抗马化腾！,2018-03-29 22:17:32
2536,171,同志亦凡人中文站,力荐,他给机器起名“克里斯托弗”，因为这是他初恋的名字；他同意接受化学阉割，因为这样政府才不会把它带走：这大概是今年大银幕上最含蓄和悲伤的一段同性恋情了。全世界的恐同者都该知道，他们用来敲出每个仇恨字眼的电脑在很多年前曾有一个名字——“克里斯托弗”。,2014-12-25 12:00:11
2537,171,对方正在输入.,推荐,看完之后才理解为什么学校的数学楼叫alan turing building，为什么工程学院的咖啡馆叫enigma cafe,2014-11-27 06:39:35
2538,171,李小饼,推荐,1最佳soul mate是去掉性吸引力 你仍是完美伴侣  2唯一爱你的方式，是建造一部解决人类所有问题的机器，冠以你名。 卷福又上升了一个新高度，演绎淋漓尽致  结巴天才四星半,2014-11-15 08:38:14
2539,171,春彦会长,推荐,天才之觞。Alan Turing的这台baby computer如今安静地站在曼城的科学工业博物馆一角，看电影之前我刚去看了它。机器不能思考，但天才倾注于它的所有心血和情感，也许是他孤独短暂的一生唯一可宝贵的珍藏。,2014-12-02 04:47:09
2540,171,翻滚吧！蛋堡,推荐,再被图灵的守护感动前竟然先被KK感动了，“那又如何？我们和一般人不一样，我们用自己的方式爱着对方”,2015-01-13 02:59:39
2541,171,蕭查某,推荐,看完图灵隐形眼镜都哭掉了，倒不是benny演的有多好，说实话还是没有突破自己固有的银幕形象，能入围的话就已经很不错了。但图灵的一生真的很有泪点，影片结束能听到后排抽泣的声音， 因为真实存在过，所以让人心更为他疼。,2014-11-25 04:41:38
2542,171,匡轶歌,力荐,借用一个木心的句式：别再提图灵了吧，他的死，使我们感到大家都是对不起他的。天才总天真、坦荡、毫不设防地迎向这个庸人占领的世界，一腔热诚付与世界。世界待他们，往往却是一盆脏水兜头浇下。有人说：人类社会进步得还是太慢了。嗯，或许吧。人类社会大约是进步了，但人性从未进步过。,2015-01-09 16:56:15
2543,171,陀螺凡达可,推荐,抱着又一部《万物理论》的低期待走进影院，结果当然是比预想的要好，毕竟要比《万物理论》还差还能提名奥斯卡也不太可能了吧。马脸前半段一直在演夏洛克，后半段才入戏，就这样也足够完爆雀斑。AD配乐煽啊煽。撑同志反歧视的主题被放在哪么中心的位置还挺惊喜。,2015-01-29 06:09:05
2544,171,裴Pey,推荐,故事本身便动人、跌宕起伏，看得难过。看到木心谈图灵的一句话，已经贴切地说出我所想的，“别再提图灵了吧，他的死，使我们感到大家都是对不起他的。天才总天真、坦荡、毫不设防地迎向这个庸人占领的世界，一腔热诚付与世界，世界待他们，往往却是一盆脏水兜头浇下。”,2015-01-14 16:25:17
2545,171,武井咲,推荐,"遗憾天才的陨落，也遗憾与小金人失之交臂。
可能，命运注定要两部史诗级人物传记相遇。
当图灵碰撞霍金。
他们都是为推动人类进步做出不可磨灭功绩的智者。你无法把他们摆在一个天秤上较量孰轻孰重。
许是粉丝滤镜吧，让我终究因为卷福更偏爱图灵。偏爱这个战火纷飞的年代里，压抑的，激情的故事。",2018-02-09 12:23:33
2546,171,litanerr,推荐,"每年年底标准的颁奖季命题作文 典型的笑点泪点刚刚好based on a true story主角无限飚戏空间观众（和奥斯卡评委）要什么就给什么的韦斯坦恩式好莱坞商业片 it's not bad, but it just hasn't got any surprises",2014-11-17 04:21:45
2547,171,罗马法王章北海,推荐,其实觉得三星半最适合。政治正确、节奏准确、分镜合格、叙述圆满，可还是少了一点什么我们称之为点睛之笔或泪点或精髓的地方，情绪一直悬在那里，未能宣泄。是不是如此憋屈而隐忍，是腐国所崇尚的高贵？,2015-07-24 00:37:52
2548,171,羚羊的灵魂,推荐,本质是爱情片  图灵这么拼都是为了初恋,2015-01-13 02:10:14
2549,171,毛豆バブン,力荐,太惨了，做人怎么能这么惨，惨得我和女士看完电影坐在椅子上一边擦眼泪一边思考了五分钟人生，上一次哭成狗的lgbt电影还是断背山。现在终于感觉，一个很厉害的人过得很惨，比一个很惨的正常人丧多了。,2014-11-15 09:46:21
2550,171,陆钓雪de飘飘,推荐,最恨精英主义的天才了，因为这总是对的，并且总让我想起自己这个人文主义者，总感觉他们都在技术的圈子里打转，偶尔扭曲了一下思想的笼子，动不动以为改变了世界就能够改变人类，可人性永远没变，这也是对的，并且还是真理。btw.不赞同同性恋就是不赞同人性，为什么永远有人那么瞎。,2015-08-07 03:32:35
2551,172,二甲,力荐,个人认为影片比《飞屋环游记》要出色,2009-10-27 20:30:08
2552,172,Doublebitch,力荐,年轻时我想变成任何人除了自己。,2009-11-02 19:14:18
2553,172,mayfly,力荐,"PS,娘的，我看哭了。PPS,推荐给所有的人看。PPPS,可以打十星吗？",2009-11-16 18:54:13
2554,172,阿北,推荐,伤心电影，好电影。结尾告诉我们，网友见面要早。,2009-12-02 23:02:50
2555,172,sasasasa,力荐,我们为什么需要3D？,2009-10-27 19:18:06
2556,172,陌生人,力荐,"God gave us our relatives, thank god we can choose our friends.",2009-10-01 03:17:26
2557,172,披着人皮的鬼,推荐,拍电影是不是和做爱一样 只有技术做不出感情,2009-11-12 23:33:46
2558,172,卡比巴拉的海,还行,你是我最好的朋友，你是我唯一的朋友,2017-04-07 14:53:37
2559,172,匡轶歌,推荐,当我年轻的时候，我想变成任何一个人，除了我自己。伯纳德医生说：我必须要接受我自己，我的缺点和全部。我们无法选择我们的缺点，它们也是我们的一部分，我们必须适应它们。然而，我们能选择我们的朋友，我很高兴选择了你。,2009-12-11 15:27:38
2560,172,曾于里,推荐,重温。马克思在原谅玛丽的同时，也原谅了自己。每个人都不完美，Love yourself first,2013-04-04 11:48:42
2561,172,指梦为马,力荐,谁脱了衣服没几道伤疤,2009-10-27 00:10:15
2562,172,匿名的宝贝♥,力荐,不是只有完美的人，才配爱自己。要知道，完美不存在于这个世界。,2009-10-26 22:38:14
2563,172,蚂蚁没问题,力荐,每个人都不完美，每个人的人生也总是不完美的，这不是一部迪斯尼电影，所以不会有Happily ever after。一部动画深刻到这步田地，我挺佩服的，挺喜欢的，其实自己也会有那么一时三刻很像Mary也像Max，自卑焦虑又孤独又低落，倒霉的事儿有时也发生，所以有点懂有点感动.,2009-10-28 23:06:17
2564,172,原来是西门大嫂,还行,黑暗版心灵鸡汤⋯⋯三年前我应该会给五星 可惜我已经长大而且已然老去 我明白人生虽然没有过份的美好可也并非缠绵着时刻的孤独 悉心制作的黏土动画所讲述的那些顿悟和可爱的小道理是无法煽动起人生波澜的啊,2010-01-03 02:08:49
2565,172,大丽花,,本来是要飙泪的，但打了个喷嚏之后我忍住了。,2009-11-02 22:54:05
2566,173,托尼·王大拿,力荐,我只能用”高山仰止”四字来形容我对黑泽天皇这部旷世杰作的仰慕之情；纷繁庞杂却又条理清晰的史诗，严苛而精准的镜头和构图，七个武士和若干农民的性格都被描绘得入木三分， “休憩”后的大决战无比恢弘，叹为观止。,2011-03-08 08:07:27
2567,173,[己注销],力荐,"原以为我会觉得“那时候能够拍成这样已经很了不起了”，看完后才知道“这种拍摄效果今天很多导演尤其中国导演都拍不出来”……
2019年重看了本片，发现了不少细节。故事开头找武士同伴，师父让徒弟用木棒袭击武士时，几个农民赶紧往后退，由于后退得太自然，以往这个细节被我忽略了，但这个后退的动作，却说明了农民把责任推给了武士（师父），不想承担被袭击武士的怒意，尽管他们才应该是主要责任人、而不是被他们雇佣的师父。还有徒弟暗中出钱让农民买米，这是一份恩情，但之后师父考虑徒弟年轻不让他参加打斗时，农民却巴不得徒弟凑个人数。当然黑泽明没有无脑黑农民，正如菊千代所说，农民虽然狡猾和自私，但这是武士阶级的战争造成农民这样的性格。武士很傲慢，农民也很自私，而双方都有各自的痛苦，见证这一切的，则是想当武士的农民菊千代。",2010-06-05 22:16:29
2568,173,deepwhite2333,力荐,看完把我累死了。。。,2008-12-26 13:08:08
2569,173,沉歌,力荐,完成度之高啊！三个半小时下来连个低潮都没有，后来的《影武者》、《乱》都比不过这部。每个人物性格都非常鲜明，志村乔仿佛一灯大师，三船敏郎似韦小宝，久葬是独孤求败，胜四郎像段誉……唯一的问题是志村乔剃完头怎么这么像张丰毅呀？！,2013-04-14 23:24:33
2570,173,seeme | 北北,力荐,我什么话都么的说。什么叫NB，这就叫NB。,2008-11-17 20:02:36
2571,173,暖鱼,力荐,和教父是一种类型的电影，突出人物性格，故事情节也曲折。最后真的是人民战争海洋。很有几次，都觉得这也可以算一部写中国人的电影，比如农民的狡猾与认命等，到最后的我能！,2009-03-22 00:04:35
2572,173,鸳鸯,推荐,赢的是那些农民，不是我们。,2009-06-01 13:02:49
2573,173,艾小柯,力荐,经典杰作，宏大与细腻并重，形式与主题俱佳，堪称模本。,2011-07-13 11:32:51
2574,173,玉麒麟宋哪吒,力荐,志乃的发型很时尚嘛,2008-11-15 01:17:42
2575,173,影志,力荐,怎么说服人，怎样坚持，怎样欲擒故纵、运筹帷幄…无以复加的经典！原来经典并不是多复杂，反而更简单。故事线索逻辑清晰，战斗开始后的每死一个人，观众都能跟导演一样明白清楚。,2017-06-28 11:06:32
2576,173,cruyff,力荐,五十多年前的动作片，久看不厌，历久常新，大师的功力不同凡响,2007-08-18 14:55:37
2577,173,西楼尘,还行,战旗猎猎，金鼓齐鸣，小山村的一场战役威震四方；晚风戚戚，墓草青冢，小驿站的一次招募彪炳千古。那些被逼到自杀绝境的农民，在初遇武士时闭门不出。那个满怀豪情的武士，在遇到红颜时亦不能免俗。人性的怯懦与虚伪，在备战训练里变得勇敢而无畏。每个时代都在呼唤英雄，于是七武士的故事便成为传说。,2018-04-25 14:30:52
2578,173,阿树,推荐,劇本的言外之意在結尾已經很明顯。農民獲勝就無視武士的付出。他們既可以殺害落魄武士搶奪他們的物品，也可以把弱小當作自己的武器吸引落魄武士的同情，利用他們保護自己，所以菊千代說農民是自私醜陋的。但武士終究貫徹自己的道義為民守城，這是寫給武士的讚歌，但也是武士的悲歌。結尾的對白太心酸,2017-01-11 21:09:37
2579,173,冉笛,力荐,我们又失败了，那些农民才是胜利者。武士就像风，从大地上漫卷而过，那些农民始终和大地在一起，永远地活下去。——武士拼死相搏，故事的终局却连他们安身立命的信条都给颠覆了，黑泽明这一刀实在是够狠，就是这种狠劲，给我们看见人性的真实和历史的严酷,2010-08-17 23:12:21
2580,173,深山夜读,力荐,保卫家园的片子，也能拍出如此深刻的人性。,2007-07-27 01:05:10
2581,174,shiya,力荐,"当罪人无法通过法律将其制裁的时候，唯有以暴制暴。
本以为是个推理片，想不到电影一开始就已经知道犯人是谁，只剩下女教师的复仇；本以为她在关键时刻会俗套地圣母一把，看在对方“还是个孩子”的份上原谅杀死自己女儿的学生，想不到她腹黑到底，把两个少年折磨到求生不得求死不能。太tm帅了。",2010-06-30 20:04:38
2582,174,木卫二,推荐,都是你爸害的（《松子》），都是你妈逼的（《告白》），中岛哲也太喜欢成长阴影了吧……,2011-01-21 23:26:14
2583,174,Dulcixote,推荐,这片告诉我们，正太与萝莉都是斗不过御姐的……,2011-01-27 15:58:47
2584,174,Flusse,力荐,"没有一人完全善，也没有一人完全恶。同情厌恶惊悚与快感最后一起炸裂，强烈震撼。
导演把黑暗绝望情节拍得如此娱乐好看，令人汗毛倒竖。",2010-06-09 20:27:46
2585,174,清千岁,较差,浓浓的日本电影剧集特有的罗里吧嗦做作装逼味儿。就是几个日本文艺作品里司空见惯的受点打击就变态的人格障碍吗，震撼个叉叉。什么时候改了“拿变态讲人性”“用极端说问题”的笨拙做作的毛病，泥轰的文艺作品才能进步。,2011-01-31 20:54:46
2586,174,周九九,力荐,深い、重い、中国で上映できない,2010-08-07 22:56:40
2587,174,朝暮雪,力荐,如果你是邪恶的，那我又何必提醒自己你只是个孩子。,2017-01-20 05:45:24
2588,174,Touma,力荐,"一个打碎的瓶子粘合起来没有痕迹/
散发了的香气又钻回密封的瓶里/
撑开的伞合起来走失的人回到原地/
一场大雨往上逆向卷起云层大气/
旋转木马倒着旋转时针它走往童年方向/
我们回到无数个开始那些个年轻激烈的早上",2011-01-21 21:13:46
2589,174,rockets912,力荐,好久没有看到过这么震撼的剧了，喜欢这部剧的导演，处理的非常好～～～,2010-06-28 20:48:38
2590,174,kissdemon,力荐,有三个理由给五星。其一，短评前几页充斥着“你丫要是打五星就是十足的傻逼弱智加白痴”，没错白痴总是是很多的，不介意加我一个；其二，没看过原著，没资格对其差异说三道四，但片子的流畅有足够的理由吸引我满106分钟；其三，中岛哲也一次不同以往的尝试，华丽的中岛很好看，阴暗的一样精彩。,2011-01-26 21:34:42
2591,174,桃桃林林,推荐,等本片有下载的时候一定会有不少恶评，与以往的中岛哲也完全不同，大量的特写与高速慢镜的运用，全片好似分段式MV，情节上各种意识流似的拼贴。导演视乎在还原一种心理动作。谈不上非常喜欢，但却仍想赞一下。,2010-11-06 20:34:15
2592,174,蘇湛,力荐,中岛哲也再次把我震撼了.在看过小说的前提下，映画竟然一点都不冷场，镜头和剪辑简直神了！爱radiohead那么多年，第一次把thom的质感视觉化的，就是这次了.....实在太爱了！赶紧出碟吧我要珍藏,2010-10-14 19:59:19
2593,174,大灰狼的兔,力荐,一直觉得日本是个将至美和至恶表现得最淋漓的国家，可能别人常说的变态来源于此。前一秒还是至真至纯唯美的慢镜头（此片特色），下一秒就是人性的最丑陋。每个人的告白，将故事讲述的逶迤婀娜。对一个人最强的复仇不是让他死，而是让他手刃自己最爱的人和唯一最懂自己的人。五星心理悬疑片,2011-01-23 01:01:25
2594,174,狷介有乌青,推荐,你善，是因为你未被这个社会狠狠伤过；你恶，是因为你未被这个世界好好爱过。伪善的我们，有的人伪装一下子，有的人伪装一辈子，于是前者就被称为恶人，后者就被称为善人。人之初，性本善，本来也就是屁话。,2011-01-25 19:07:21
2595,174,Q。,推荐,电影表现的方式与以往比较相当不同，全片充斥着大量的慢镜大量的特写，画面也甚是唯美。有很多人说此片因为拍摄、剪辑与音乐的搭配十足就是一部超长版的MV，但至少代表这部电影很美；也有人说内容空洞苍白，那只能说原著本身就有这样的问题。最后那句“开玩笑的……”比原著带来的震撼还大。★★★★,2011-01-22 14:31:14
2596,175,早日退休瑾朵朵,力荐,郁闷死了 守着一颗白白嫩嫩的大白菜多少年细心栽培没舍得吃，最后这颗大白菜被猪给拱了的感觉 (☍﹏⁰),2012-02-24 19:47:26
2597,175,和也也也也也n,推荐,妖怪有颜就是治愈片 妖怪没有颜就是恐怖片,2012-02-25 15:28:09
2598,175,LORENZO 洛伦佐,推荐,小孩子跑不好就不要跑好伐？！摔个什么摔！摔！,2012-03-09 21:29:04
2599,175,[己注销],力荐,我说………………既然树枝和毛巾可以，那么手套也不会有问题吧…………所以婚姻幸福就指望保险套了……………………………………………………………………,2012-02-23 23:34:41
2600,175,aluuuuuuuuuuuu,推荐,“总有一天，时间会把你我拆散吧，可是，即便如此，在那个时间到来之前，我们一直在一起吧”,2012-03-06 21:38:01
2601,175,♠¾゛,力荐,永远不会忘记的拥抱，是你让我曾有过怎样也不想结束夏天,2012-02-24 22:02:58
2602,175,凉,力荐,时间停止在阿金消失的那个夏天，一生一次的拥抱放在回忆里不会变老。,2012-02-24 20:53:58
2603,175,青 天大老爷,推荐,我有多渴望触碰你，我就有多害怕失去你。,2018-01-31 10:10:05
2604,175,路小北,力荐,有些故事，就算早已烂熟于心，再看时也还是忍不住要哭的,2012-02-24 19:31:25
2605,175,之弦,力荐,一点都没失望( >﹏<。) 真是发自内心的喜欢又痛恨这个故事！,2012-02-23 17:38:24
2606,175,一枝花奶糖子,还行,动画表现平平，算是很平庸的还原了原作，而且……好你妈的短！！,2011-10-14 01:21:00
2607,175,沉歌,推荐,“你绝对不可以碰到我啊”，除了一生一世的最后一回。这些悲伤而又温柔的夏天——绿川幸总是能直戳人心最柔软的地方啊！,2012-02-25 16:22:05
2608,175,你家贰哥,力荐,最爱 没有之一 少女心都在这了,2012-02-23 16:55:11
2609,175,同志亦凡人中文站,推荐,突然想起了小时候的玩伴些，长大后是再也没联系过了。也许——我们就这样，各自奔天涯...情怀被挑起来了，故事倒是一般。,2012-09-11 22:49:30
2610,175,工口工口小黃門,力荐,银发的狐面少年 夏日 花火 浴衣 隔着面具的那个吻 终于能够拥抱到你了阿金TAT 内山的声音好温柔 从开始就等着虐心的结局呜呜呜我又得内伤一天了,2012-02-25 14:36:49
2611,176,Doublebitch,力荐,弟弟偷了能偷的一切给哥哥，可哥哥被偷走的却是生命。,2010-04-11 13:20:19
2612,176,荔枝超人,推荐,没想到2010年还能看到这样的电影，感到很幸福。,2010-03-25 23:10:06
2613,176,痰盂猛鬼,力荐,突然觉得吴君如如此美丽.,2010-04-02 17:33:52
2614,176,麈生,推荐,當你發現時間是賊了，他早已偷光你的選擇,2010-04-18 18:02:06
2615,176,Santa Evita,推荐,本来只觉得是个俗套又滥情的故事，特别不明白为何要以哥哥死于血癌当主线；直到看到相关报导，才知电影是导演自传，情节基本全是真的：小男孩就是导演自己、鞋匠夫妻就是他父母、他哥哥真的早逝了。于是我们知道了这故事的后续：那小男孩长大后当了导演，让全世界都知道他有过这么一个哥哥。,2015-04-24 17:25:50
2616,176,吴慢慢,力荐,“在变幻的生命里， 岁月，原是最大的小偷。”我喜欢这种褪色的温情脉脉。,2010-03-12 13:42:48
2617,176,离,推荐,每个人都有一场被岁月偷走的记忆。眼泪流了那么多，但丝毫不觉得煸情。节奏虽慢，但不琐碎。很喜欢李治廷的表演。这一场感动，来得无比自然、真实而朴素。难一步，佳一步。一步难，一步佳。有这样的爸妈，我们难道没有理由看得见天空中同时出现的两条彩虹吗。另，海报上明明不可以少了李冶廷的份嘛。,2010-03-25 00:08:48
2618,176,木卫二,推荐,哥哥倒下到弟弟接力的精英回首，父亲的道别和母亲的无奈，隔一层玻璃观看的热带鱼和上世纪60年代的深水埗,2010-03-24 10:16:49
2619,176,あおい,推荐,全放映室的大叔大哥都在抹眼泪，更别说女生了，这电影点了香港人的泪穴,2010-03-14 23:46:50
2620,176,艾小柯,还行,老演员表现非常精彩，新生代与小演员则一塌糊涂；布景与摄影都很粗糙；台词过分直白外露，细节安排不周到，刻意煽情；太情节缺乏深度，除了亲情尚有力度，其余都是苍白的怀旧。,2010-06-15 13:54:27
2621,176,sasasasa,推荐,并未洗净铅华，却用最自然的从容令人动容,2010-03-20 19:30:48
2622,176,喜觀,力荐,"人生总是一日难，一日佳。
过去的总归是好日子。",2010-03-19 12:54:46
2623,176,桃桃林林,还行,有味道的是那份情怀。,2010-07-09 22:25:48
2624,176,今何在,推荐,这似乎是导演真实的经历，也可以算“港人的心灵史”（如果《唐山大地震》也敢自称中国人心灵史的话），那个孩子把英国国旗丢进水里时，是否也暗谕了一种对过去时光的告别。,2010-08-30 14:10:35
2625,176,文泽尔,推荐,在柏林有连绵的掌声，但这个故事模式却是做作多过感人.典型的港片励志怀旧手法，突兀且无趣的悲剧转换模式（如果不用某癌，而让哥哥只是因弃恋断肢而后沉沦自杀会不会好些），人生“一半难一半佳”以及“最重要是保住个顶”都过于说教.看在小弟本色演出、本色偷盗以及鱼缸头罩宇航员等等加至四星.,2010-06-10 19:06:56
2626,177,双喜,推荐,美版的才是忠诚，日版的看到是凄惨和无奈，无家可归，忍饥受冻，被人遗弃，追打，如果给他一个家，像教授一样爱它，它也不会这么凄惨，只能在车站那苦苦的等待那个唯一爱它的人。,2011-08-13 11:19:38
2627,177,ShowerP,力荐,看過才感受到美國版跟日本版的極大區別，除去整個情緒上的控制度，看過日本版才能理解為什麼阿八會用牠的餘生去等待主人，因為教授實在太愛牠了啊！教授對牠的那種愛和呵護是美國版完全沒有表現出來的，如果先看美國版會認為這是一隻神犬，跟主人之間的情感是冥冥中的，但日本版告訴我愛絕對是相互的。,2016-02-20 23:07:49
2628,177,麻绳,推荐,这真不是一个温情感人的宠物故事。如果说美版电影是在歌颂狗的忠诚，这个“被嫌弃的小八的一生”的日本原版则是在控诉，一个多么冷漠的社会才会发生这样的故事啊。作为日本著名的左派导演和本片的编剧，新藤兼人的剧本不简单，一巴掌一巴掌地打在那些表面上温良恭俭实际上内心虚伪的日本人的脸上。最后一个长长的镜头，昭和十年的涩谷车站，八公终于在雪中死去，但过往的行人无人理会，一队日本兵列队走过平静的东京街头，代表爱与诚的八公死去，一个全民癫狂的血腥年代即将开始。,2018-12-21 10:17:27
2629,177,vanille,力荐,我等你是因为，再没有人像你对我那么好T T,2010-06-18 15:08:41
2630,177,静@Einfühlung,推荐,一只狗对其生命最初的爱，又想起那句话“我们之所以痛苦是因为我们曾经幸福过”,2007-12-17 14:43:00
2631,177,匡轶歌,力荐,喜欢教授那句话：人有人格，狗也有“狗格”。日本动物爱护管理中心主页上写着：1.无法继续豢养的动物，请不要丢弃（以前是免费，现在只需交付2000日元即可由保护中心收容接管）。2. 遗弃、虐待动物是犯罪。3. 遗弃动物者，处以50万日元以下罚款。4. 杀、伤动物者，处以一年以下刑拘或100万元以下罚款。,2012-07-12 22:15:32
2632,177,Odile,力荐,"八公的""原味""还是在日版，教授去世后与之相关的人们对八公的薄凉，在它始一而终的热诚面前抬不起眼。
片尾的长镜头中，始终无人关照这位""人类的朋友""的死亡。似乎是一种讽刺，人弃忠友而去，却等待它们用生命为人类守灵。
除了教授，没人担得起这份守候。",2018-02-06 01:21:19
2633,177,爱的镇魂歌,力荐,美版突出悲伤氛围的塑造，日版则显得更加真实。除了八公与主人外，日版更多地刻画了八公与其他一些人之间的种种。相比美版里大家都爱的八公，日版里的八公则是忠诚过头而遭到其他人厌烦像踢皮球一般推搡的对象，也因此更加真实感人。,2013-08-21 21:54:37
2634,177,影志,推荐,“为什么要等一个永远不会来的人了？” 比美版更平实、简单，没有煽情和太戏剧化的情节，但美版先入为主，还是更喜欢美版。,2015-07-19 12:24:47
2635,177,Super S hit,力荐,哭死我也,2009-01-24 05:51:41
2636,177,洛洛的小甜甜,力荐,反复叮嘱家人：狗狗也有狗狗的权力，要保护狗狗权力的教授，台风天担心阿八着凉所以淋雨把阿八抱进屋取暖的教授。给阿八抓虱子还要整齐排列的强迫症教授。和阿八一起洗澡的教授，看到阿八在车站接自己，满足骄傲的教授。想到这么温柔的人一会儿就要死了，我的眼泪根本止不住。阿八啊，你久等了。,2018-02-01 12:00:10
2637,177,起床，吃饭,力荐,我小时候家里养了一只纯种土狗，天天陪我爬山抓鱼刨沙坑。它死的时候我妈说我哭了一星期，打那以后，她发誓不再养狗。,2015-12-19 13:50:30
2638,177,蓝文青,推荐,在看过美国版之后，来看这个版本，我更喜欢幽默中带有伤感的美国版。虽然脱胎于此，却“青出于蓝而胜于蓝”，所以，美国版5星，日本版4星了。,2010-02-12 21:53:32
2639,177,乐在其中,推荐,阿八，为何要等一个永不回来的人呢？？,2009-01-03 11:44:20
2640,177,天然呆,力荐,因为也喜欢小狗狗，所以这部电影让我很感动，爱与责任，一旦选择，终身负责,2017-03-20 15:07:41
2641,178,大崎娜娜忘记了,推荐,原来姜文从来没有年轻过！,2008-11-06 16:40:55
2642,178,战国客,力荐,“学着过点老百姓的日子，别总想着跟他们过不去。”,2009-04-29 09:47:21
2643,178,洛野,力荐,活下去 ，像牲口一样活下去。,2008-04-02 10:28:10
2644,178,心生,力荐,房子可以还，1500块可以还，甚至男人也可以还，时间呢，你拿什么还！？,2014-12-11 00:37:02
2645,178,junepig,力荐,谢晋凭借这一部电影就可以跻身世界一流导演的行列了~,2007-07-08 21:20:58
2646,178,RIPPER,力荐,"《活着》《霸王别姬》《芙蓉镇》讲述的都是中国同一段沉痛的史诗。《活着》戏谑荒诞，《霸王别姬》撕心裂肺，《芙蓉镇》直接将人间描述成无间地狱。人像牲口一样活，革命小将们做着布朗运动一样无秩序且永不停歇的勾当。这风云间打倒了多少胡玉音般的劳动人民？斗垮了多少秦书田般的知识分子？抛弃了多少谷燕山般的战争英雄？沉默了多少黎满庚般的普通军人？处决了多少黎桂桂般的有妇之夫？却又得势了多少王秋赦般的狗腿奴才与李国香般的地头蛇？在呓语中的“运动，运动”警醒着我们那个时代并未离去。无间地狱之所以无间，是因为时无间，空无间，受者无间。
难定你是你来负我是我的道。",2021-08-31 20:30:17
2647,178,冰红深蓝,力荐,"目前看过的最佳大陆电影(与[霸王别姬]并列)。①不仅直面历史批判极左思潮与政治运动,还上升至人性探讨;②意识流手法(如醉酒战场幻梦)和对性心理隐晦而高妙的描写;③演员表演登峰造极,尤其刘晓庆;④扫帚华尔兹,翻跟头与白对联;⑤珠玉台词:完了-没完,像牲口一样的活下去,运动了-,世道不变。（9.5/10）",2015-07-02 15:27:23
2648,178,Santa Evita,推荐,和胡玉音的苦情戏相比，“恶之女干部”李国香更引人注目，本以为她结尾也会遭到惩罚，结果却看到她继续平步青云，和自己迫害过的人谈笑风生，真是（真实得）可怕。,2017-07-31 22:55:09
2649,178,亚比煞,推荐,美好的人性，来源于美好的制度,2010-10-30 16:11:24
2650,178,老咪,力荐,艺谋和第6代的反思是流于愤怒诅咒的“倒霉蛋”似叙述，谢晋×阿城突出的是历史背后所坚持的“牲口一样活下去”的韧劲人格和冷静的明鉴，格局高下分明。有人在私欲中跟着党，有人在不公中喘着气，有人在现实里低着头，约莫是不分时代的 @2017-02-09 23:01:26,2017-02-09 23:01:26
2651,178,水仙操,推荐,米豆腐西施，蛾眉曾有人妒。“我是秦书田，外号秦癫子，专业是扫大街。”得知有了孩子后兴奋地在凌晨的石板街上翻跟头。大字报、挂破鞋、白对联。活下去，像牲口一样的活下去。“学着过点老百姓的日子，别总想着跟他们过不去。”革命如同醉酒，有人精神亢奋，有人昏头晕脑，总归都不清醒。何必，何苦。,2011-05-14 19:59:51
2652,178,渊野边小蛋挞,力荐,当年金鸡敢给最佳故事片，今年谢晋纪念展上却不能放了，这运动形势果然变化很快啊,2023-11-23 01:04:47
2653,178,一二三四卌,力荐,"片尾一幕。

“运动咯！运动咯！”疯了的王秋赦敲锣大喊，引发众人连连嘲笑。
谷燕山故意逗他：“运动咯？”
王秋赦连忙附和着，“是该运动了，该运动了！晚饭后集合！” 
秦书田（姜文）神色凝重且严峻：“世道不变，要是不防着点，他说的兴许是道理。”

原本嬉笑成一团的众人，脸刷的一下变得惊慌失措和失去了血色。

34年过去了，我也觉得好恐怖。",2021-08-29 00:15:23
2654,178,胤祥,推荐,重看胶片版真是牛逼！竟然是2.35：1的超宽银幕版本……先前没注意的许多细节毫发毕现，这部片子真勇猛！,2007-04-27 15:13:59
2655,178,汪金卫,力荐,相比胡玉音与秦书田，女干部李国香才是政治运动中最大的牺牲品，她一片真心又红又专，已丧失人性。变成了专政机器。折射出政治斗争的可怕。徐松子演活了这位招人恨的样板戏主角一般的女干部形象。电影一些段落的处理显得刻意拖沓。我在睡梦中居然续写了故事，还是很震撼的。远比当今电影有深度。四星半,2015-02-10 09:56:41
2656,179,王老虎,力荐,这只松鼠才是角儿！,2008-06-27 20:13:37
2657,179,沉歌,力荐,很久很久以前的冰河世纪，一只剑齿虎攻和一只树赖受相遇了……最后他们和宠物长毛象幸福的生活在了一起。THE END~,2008-05-03 18:37:02
2658,179,缈沨,还行,我纯粹是喜欢那抱着松果的小倒霉蛋儿松鼠，哈哈……,2009-03-01 21:40:22
2659,179,海心,力荐,非常温暖，非常感动。我们一起去南方，不离不弃。,2008-11-19 19:33:00
2660,179,X,力荐,啊啊啊，我能为那只松鼠打十分！！！,2017-03-19 23:01:11
2661,179,肖浑,推荐,不同类，要成为集体，是多么艰难，又是多么简单 类与类融合很难，个体与个体相爱很简单 爱都是个人的事，与种族无关,2009-07-17 00:19:58
2662,179,影志,推荐,成年后再次接触动画片的最初几部，当年刚上大一，跟《怪物史瑞克》一样刷新了我们整个宿舍的眼界，动画片可以这样精彩和不分年龄。,2006-02-04 06:23:22
2663,179,齐木楠雄,力荐,非常搞笑，脑洞很大，松鼠太逗了,2016-08-24 12:13:59
2664,179,美神经,力荐,伴着儿时的自己慢慢成长，觉得里面的每一只动物都值得拥有他们最好的人生。积极向上的一种态度生成了现在的自己吧。,2017-05-07 23:41:34
2665,179,巴喆,推荐,说明了人类的孤芳自赏与自大无知，在史前一万年前动物们就已经知道如此了。老虎都这么有情，叫那小孩情何以堪。原来唯一不会使用英语的竟是人类，更讶异的是，那小松鼠直接改变地球生物史。8,2012-02-18 22:47:36
2666,179,同志亦凡人中文站,力荐,哈哈哈哈哈哈,2015-05-30 16:27:44
2667,179,美好时光只为你,推荐,哈哈，那只贱贱的松鼠实在是太令人想搓拉几下啦。,2017-05-06 22:37:05
2668,179,米粒,推荐,现在看看不算出奇，但这竟然已经是十年前的动画片了呀。开头和结尾都很不错，松鼠太可爱了，哈哈哈。,2011-05-09 03:38:00
2669,179,汪金卫,推荐,时隔多年重新看第一部，10年前的动画。当年的技术有限，以现在的眼光来看3D建模看起来很是粗糙。笑点也有些老套了。但这部只有80分钟的动画依旧非常的经典。他做到了很多电影都没做到的一点：好看！那只树獭和那只松鼠简直是两个活宝。强西瓜那段慢动作依旧经典。三星半,2012-08-08 01:23:10
2670,179,bamboo,力荐,最近哭点很低~~从Diegod说话温柔的那一刻起就控制不了了 the weirdest but the best herd,2010-08-11 20:17:04
2671,180,朝暮雪,力荐,"或是被第三者插足，或是不受父母待见，或是被辞退，或是父母根本不想把Ta生下来……这群被抛弃的人们，却共同组成了最温馨、最和睦、最融洽、最可爱的家庭。
他们或是失业，或是工伤，或是以偷窃维持生计，或是在风俗店工作，他们生活在社会的最底层，他们缺少物质财富，精神生活却无比充实。
他们每个人之间都没有血缘关系，但每个人都比原来的家庭过得更加快乐。
结婚不意味着幸福，被丈夫抛弃也能子孙满堂；
生了孩子不一定就是母亲，没有生育能力也可以给予母爱。
柴田治以为什么都教不了孩子，却教会了他什么叫青春期。
亚纪远离了富有的家庭，因为4号先生的肩膀更让她感到温暖。
由里遭到亲生父母虐待，却有一位素不相识的人愿意以失去工作的代价保护她。
富有富的活法，穷有穷的活法。我们在丰衣足食中颓废度日，他们在贫困交加中感受大爱无疆。",2018-08-02 10:33:17
2672,180,OhBoyDaily,力荐,安藤樱那场在警察局双手不停抹眼泪的戏，演技大爆炸，可以说是年度最佳哭戏！,2018-08-03 10:17:40
2673,180,Lycidas,力荐,可惜全部的一点点真心，都只能无声地说给自己听。,2018-08-03 21:59:46
2674,180,艾晨,力荐,电影节给了4星，点映二刷改五星。删减只影响心情，不影响剧情。这是一部看着温情，实则让人绝望的电影。六个人，包含人生各个阶段，小女孩也许就是他们的过去，老奶奶也许就是他们的未来。你说这个世界会好吗？这些人从生到死，无人知晓；被弃苟活，步履不停。临时的家人组成羁绊，相互取暖；真正的至亲者却活在谎言之中，不闻不问。就是这样一种“陌路虽有爱，亲者皆祸害”的循环让你心寒至极。,2018-08-02 11:11:17
2675,180,水怪,力荐,有援交和啪啪戏，希望局里不要一叶障目，淫者见淫啊。不知内地哪家片商买了，棕榈叶至少增量两千万票房。情绪感染到位，收尾看哭全场。尽管都是被社会遗弃的多余之人，依然还是要努力生活呀。,2018-05-20 03:15:01
2676,180,喵尔摩丝,力荐,萍水相逢，尽是他乡之客。是枝裕和依旧乐于探讨血缘与亲情究竟有没有必然联系。所谓小偷家族，偷的不止是能填饱肚子的食物，更是一种能够让灵魂产生幸福错觉的情感羁绊。偷生能不能叫偷？如果叫，那我们每个人，或许都是小偷家族的一员。中川雅也追车看得我哭晕，在海边抽了两根烟都没回过神。,2018-05-14 17:34:14
2677,180,西楼尘,推荐,最费力的成长留在树上的只有壳，最狰狞的伤口留在皮肤的只有疤。最动人的烟火绽在空中看不到，最深沉的感谢飘进风中听不清。你教我食物最美味的吃法，却教我获得食物最羞耻的手法；我学会祈祷最灵验的手势，也学会用来祈祷最不齿的心愿。我在商店里偷换掉童年，你在泥土里掩埋了伤疤，而我们组成了家。,2018-07-02 17:32:29
2678,180,小A,还行,我很努力试图去同情人物，还是没法同情他们。情节很cheap，直白生硬，全片无一处情感发自创作者肺腑。可恨之人有可怜之处，如果可恨可怜都写得不充分，人物怎么立得住呢？是枝裕和最近作品太多，应该好好休息积累一下，一年三熟的水稻再好吃也比不上一年一熟的。,2018-05-14 15:41:41
2679,180,咯咯精,推荐,如果说爱你，还打你，那一定是说谎；如果爱你，就会像安藤樱一样紧紧抱住你。（沉溺于安藤樱的美色无法自拔,2018-05-14 19:31:33
2680,180,frozenmoon,推荐,这家庭成员的关系如此戏剧又如此恬淡。奶奶一边说，血缘真是挣不破啊，一边看着海边毫无血缘关系的“家人”快乐的玩耍，家庭的意义、基础、决定性的根底到底是什么呢？镜头下没有高楼大厦、流光溢彩，一群人鼠蚁般生活在逼仄的房间里，冬天瑟瑟发抖，夏天汗水岑岑，吃偷来的食物，用偷来的香波。温暖来自于哪里？援交客人的拥抱和眼泪，教孩子叫自己一声爸爸，一家人齐整地在屋檐下仰望烟花，一座座小小孤岛连得成大陆吗？他们一家的生活几乎完全屏蔽于正常世界之外，但那所谓正常世界又真的是正常的吗？这里没有社会批判，它早已超越了这些无聊的社会性政治性议题，只探究人心。男人躺在那里吊儿郎当地开玩笑说，我们的心连在一起。哦，这才是家庭的根基对吧？,2018-08-03 13:16:57
2681,180,柯里昂,力荐,"在电影院看了一部阉割版电影，导演是是枝裕和，我想这大概是对于这部片最大的讽刺了。
他们在尽量还原现实，我们在竭力掩盖“全貌”。
他们在诉说苦与痛，我们在迎合“价值观”。
当我们的电影人还在绞尽脑汁如何消费和榨取现实的时候，他们已经用最举重若轻的方式走在了艺术关照现实的最前端。
如果说《步履不停》是一剂后劲十足的催泪弹，那么《小偷家族》便是如鲠在喉的穿肠刺，咽不进去又吐不出来。
观影过程始终都很平静，一如观看是枝裕和的其他电影，但走出影院的路上，泪水却一直在眼眶里打转…作为导演的是枝裕和究竟是不是一位大师，这部片便是最好的回答，金棕榈只不过是影片所承载的所有意义中最轻和最无关紧要的那一个，经过岁月的洗练，是枝裕和的功力才显得愈发可怕，毫不夸张的说，世界范围内恐怕再找不出第二位能拍出此片的导演。",2018-08-03 21:50:12
2682,180,桃桃林林,推荐,仍是是枝裕和的家庭剧套路。不过，因为这次的家庭关系更加特殊，也更多了些温情。同时，还融入了更多的社会关注，让影片更有深意。几个角色散发出的主要情绪都是：暖。一个特别暖、特别温情的故事，背后又暗藏伤感与残酷，如《无人知晓》，小朋友们仍然表现出色。安藤樱在这里超性感啊！当然，也超有戏,2018-05-14 07:13:13
2683,180,木卫二,力荐,相比“小偷家族”，更像“是枝宇宙”。这不是玩笑，一出从《无人知晓》到《第三次杀人》的总结表彰，你可以在任意一个角色（小朋友），一句台词（羁绊or选择成为父亲），一个场景（看烟花与海滩嬉戏），看到其他作品影子。最有趣的体验，大概是不同演员的组合，以及被隐匿的人物过往和秘密。,2018-05-31 22:04:29
2684,180,同志亦凡人中文站,推荐,水准接近是枝裕和最好的“步履不停”。几乎所有导演在拍摄底层家庭题材时都会有意无意的使用自上而下的镜头，只有是枝裕和永远能够保持温暖的平视。电影含蓄的再定义了家庭和亲情：在商店倒闭前，里面的东西都是无主之物；在这个小小家庭分崩离析前，他们就是有爱的一家人......,2018-07-21 17:03:18
2685,180,叶纸君,推荐,感觉是枝裕和的电影还是更适合一个人在家默默观看,2018-08-03 22:55:27
2686,181,N,推荐,宫崎骏的电影总让人感觉世界是美好的，阳光明媚的,2008-11-18 16:38:20
2687,181,水湄物语,力荐,我喜欢她头顶的大红蝴蝶结，还有狠狠白那个小男生的一眼,2005-11-27 17:25:33
2688,181,漂流瓶bb,力荐,看电影最能触动你的时候，就是电影的宗旨在你最迷茫的时候告诉你现在必须要做什么！KiKI成长了，你呢？KiKi又能飞了，你呢？,2011-04-10 07:53:14
2689,181,宅蘑菇Moku,力荐,虽然设定都♥♥♥♥♥满点可是结局是怎么回事儿好突然……突……然……………………,2012-01-04 23:14:53
2690,181,有心打扰,还行,学会一技之能，善加锻炼，让自己承认自己，面对这个庞大的世界，相信自己的能力很重要。,2012-04-03 02:02:50
2691,181,猜猜寻,推荐,宫崎骏的动画总会让人觉得这个世界美好无比。,2012-08-28 20:31:58
2692,181,蓦兰,力荐,宫崎骏说：“对琪琪来说，最重要的是能否独立面对各种各样的人。只要她骑着扫帚带着她的猫咪飞行在天空，她就可以自由。但住在一座城市里、接受训练，就意味着不再有扫帚，不再有吉吉，她要独自走在城市的道路，她必须和人们交谈。琪琪和吉吉可以建立一种人格上独立的新关系。他们仍然是朋友，只是这种朋友关系中加入了新的元素（比如莉莉，还有吉吉的儿女们）。”,2016-05-22 16:53:47
2693,181,巴喆,推荐,空中快递将会是未来物流业的核心！没想到日本人早在上世纪80年代就想出来了！8.4,2016-08-18 11:46:19
2694,181,Panda的影音,力荐,是时候，长大了！ —— 2013.03.16 重温：琪琪无处安家，索娜姐姐好心留宿，琪琪激动地说：“是真的吗？老板娘！” 眼泪悬眶；看见多多一家如此爱护年事已高的狗狗杰夫，我的眼眶又有些湿润；琪琪的魔法变弱，她不断试飞失败，后来她说，要是没有魔法她就是没有用处的人。看到她如此失意，我再一次泪流。—— 2014.04.27 北京：去年的那个夜晚，国宝重温《哈尔的移动城堡》；今年的这个早晨，熊猫回味《魔女宅急便》；我这样偷偷把【宫崎骏】的电影当作送给我自己的生日礼物，不知他老人家会不会知道？嘻嘻…… —— 2015.05.25 家：在《龙猫》、《罗小黑战记》新出的第16集之后，给十几个小朋友播放《魔女宅急便》。看完电影，被三个男孩子骑扫把装飞行的幼稚行为逗笑。—— 2015.09.15：小公主满月的今天，就特别再次播放了这部喜爱有加的小魔女电影。,2011-08-03 23:09:47
2695,181,就绪雀,推荐,比起飞行力的丢失，听不懂吉吉说话是最难过的事,2022-07-16 17:15:10
2696,181,朱欢尘,力荐,宫崎骏的动画我最喜欢这一部。开始我不知道为什么，有一天我姐姐说，你看过《魔女宅急便》吗，那个琪琪好像你哦。,2017-02-06 21:38:40
2697,181,外星纪--南庄座,力荐,平淡的故事也可以创作出一股大气犹如史诗般壮阔的效果。成长的点点滴滴充满灵气和积极的意义。飞行的镜头掌控也是异常经典，小黑猫恋爱生子后就变成一只普通的猫，这个设定实在是绝了，里面还有很多很绝妙的设定，比如魔法会突然消失，要让自己放空和心灵的休息后，才会自己恢复，这和创作的灵感，一些生活上的技能是非常相通的，真心是灵气满满，大爱。可以看到日后为千寻的打工救父母成长传奇奠定了坚实的基础,2008-12-16 03:41:39
2698,181,钟螺,力荐,因为故事非常单纯，反而觉得很好。琪琪那种乡下小姑娘的自尊心和抵抗意识，演出得非常精确。很难看到科技与神秘如此柔滑地同时进入一个故事。喜欢那个女孩子可以肆无忌惮地在动画里露内裤的时代。巴黎还是没怎么变，虽然电影里干净多了，但并不如何怀念。,2018-05-03 04:56:19
2699,181,玛那 Mana ：）,力荐,我也想当这样的魔女～,2007-11-23 22:26:00
2700,181,同志亦凡人中文站,推荐,小黑猫汗毛竖起的样子太萌了！故事有点仓促，不过一个所有人对魔法都坦然接受的和谐世界真的好稀罕...,2012-12-21 23:43:06
2701,182,Hiro,力荐,今敏证明了1点：动画不是单纯的视觉炫技，而是服务于实拍无法达到的剧情,2009-07-19 23:42:32
2702,182,shininglove,力荐,我祈祷拥有一颗透明的心灵和会流泪的眼睛。,2015-09-11 19:34:32
2703,182,城南草木生,力荐,"""他是洗澡的时候踩到肥皂摔死的……生命是脆弱的……""大师，再见……",2010-08-25 21:18:12
2704,182,八千觞,推荐,"最美的镜头大概就是随着阿花拉着那个巨大的条幅落下,太阳升起的瞬间.淸子大概真的是天使,是上帝派来拯救所有人的.其实没有人是心肠歹毒的不是么.也许,东京教父就该是暖暖的,和那个封面上作为背景东京塔一样,尽管是冰冰冷冷的,可是,暖光打上去,还是灿烂的.",2010-08-03 22:57:30
2705,182,御姐控_光崽,力荐,"""洗澡时踩肥皂摔死的.""
""啊,人生真是难测啊!""",2008-10-11 17:40:23
2706,182,胤祥,推荐,非典型今敏。最冷的一部片有了最大团圆的结尾。,2010-06-30 17:45:25
2707,182,影志,推荐,“要是这样说他还原谅我的话，那就是真的亲情。” 三个拾荒者组成的临时搭档，甚过万千真正家庭。每个人都值得有被爱的回忆。,2015-04-23 15:27:48
2708,182,Lan~die,力荐,"三个无家可归的人之间的奇妙友谊以及善良，整部影片都洋溢着希望和爱。  
今敏：“在我至今为止的作品中，我认为「东京教父」的创作质量最高。就这点来说，这部影片是我最喜欢的作品。”",2008-11-08 18:33:02
2709,182,崇子,力荐,为什么力荐的人那么少？这明明是个每个人看了都会充满希望的好片子~大爱~,2008-01-11 02:18:05
2710,182,芦哲峰,推荐,仗义每多屠狗辈，温暖有爱不流俗。,2016-08-03 08:53:57
2711,182,高歌,推荐,"今敏版《麦琪的礼物》
年轻编剧们，学学怎么玩故事线的交集，好么。",2016-06-09 04:17:22
2712,182,巴喆,力荐,拾荒者、人妖和刺父的少女，没想到这不入流的、浑身恶臭的三个社会底层竟然成为了寒冷冬夜的一把火，温暖着东京这个冷漠的都市。最后阿花坠楼那一抹朝阳，给人无限希望。此片充满人道主义人文关怀，剧本主题、剪辑、结构、节奏和摄影镜头，都堪称典范。今敏若非早去，当与宫崎骏并列日本动画电影的两座巨塔。9,2016-08-01 10:42:33
2713,182,同志亦凡人中文站,力荐,辗转漫长的一夜，圆环一样的人物剧情。今敏塑造了最美的人妖啊，我的泪腺在赤鬼青鬼的故事中失控...,2015-05-25 14:41:30
2714,182,Kaito,力荐,这是一部最不像今敏作品的今敏作品，但是一部最像今敏本人的今敏作品。透着神秘感动的新世纪最强喜剧之一。平安夜保留影目。,2005-12-24 10:13:01
2715,182,小斑,力荐,当初是因为这一部才死心塌地喜欢今敏老师的。圣诞夜可以拿来温一壶酒的作品啊。那么可爱的人们，那么可爱的巧合，真实的世界上是不可能有。明知如此，却落力地让这一切在2D世界里不仅妥帖地存在着而且流动着发散着。最适合被冻伤的时候重温。,2014-12-29 03:47:29
2716,184,蓓蕾,推荐,当这个世界闭上双眼，他却敞开了怀抱。,2008-10-06 21:48:40
2717,184,nightourists,推荐,记者和保罗对话，对于外国观众看到图西族遭受的惨象后所可能的反应作出的揣测，令我想起《关于他人的痛苦》，苏珊·桑塔格在书中提到，我们看多了反映苦难的照片，就会在某种层面上以为自己真的帮助了那些身陷囫囵的人。当然这是一句题外话，但与我们切身相关。,2010-09-30 23:09:49
2718,184,米米无,力荐,我们看了那些屠杀的镜头 然后继续吃大餐,2010-03-23 00:28:28
2719,184,Q。,推荐,电影没有什么花哨精巧的剪辑，有的只是质朴之中最撼动人心的真实。一个真实的故事一个真正的人间炼狱。当世界遗忘他们，国家陷入疯狂的时候，一个比辛德勒更加艰辛的男人在一个人人力求自保的环境下敞开了他的双臂。记住他的名字——保罗·卢斯萨巴基纳。★★★★☆,2010-12-19 23:48:41
2720,184,音五六//  Jee Zark,力荐,"很早以前看黑镜头就知道这段历史了
片中还是侧重于胡图族对图西族的屠杀
但实际上 在图西族控制的地区 
对胡图族也发生着同样的杀戮
这是一场无法说清的事实
事实没有真相
只有荒谬的让人不可理解
人们用最原始的武器棍棒刀叉去和自己的邻居搏命
只因为他们觉得 不杀死对方对方就会来杀自己",2011-02-04 14:14:05
2721,184,伊宜以忆,力荐,当电影成为我们铭记历史的唯一方式　是幸或不幸,2005-10-26 19:03:51
2722,184,novich,还行,以剧情片类型来拍种族灭绝的题材，总觉得轻飘和虚假。失分还在于单线，一个西方度假饭店经理的独角戏，再如何渲染，也显得单薄。最后小团圆的包袱吊了一大半时间，终于解开，也太模式化了。最有价值的是借此了解了屠杀背景和胡图图西的殖民地渊源。,2011-06-29 09:26:54
2723,184,今天小熊不吃糖,力荐,我所听过的最美的片尾曲，震撼心灵的人性故事，愿真善永存，苦难和邪恶远离所有人,2008-12-12 23:05:04
2724,184,Vamei,力荐,人祸最惨。可我们看完新闻，还是会安心的吃完晚餐。,2016-03-21 21:32:59
2725,184,鱼丸粗面,力荐,卢旺达的孩子们从神职人员身边被拽开时，随着背景音乐，眼泪忍不住打转◎◎基于背景值得一看!,2007-08-19 15:17:17
2726,184,沸海鲸歌,推荐,最荒唐的是，胡图族与图西族是比利时殖民者人为划分出的种族。,2021-07-20 20:50:48
2727,184,Lan~die,力荐,一部会让我们灵魂受到强烈震颤的电影。通过饭店经理保罗在大屠杀中的经历，来纪念和反思人性中永恒的东西。虽然没有对大屠杀全景式的再现，却用深刻的心理描画使得观众的心灵受到同等的冲击。电影并非单纯的赞扬保罗，而是深沉的纪念普通人在灭绝人性的灾难中散发出的光辉，不仅仅是保罗。电影成功的做到了不忘记历史的目的.但这十年里，发生在非洲大陆上的、视生命如草芥的屠杀，从来便没有停歇过--谁又将见证，新的苦难与创伤？他们被世界遗忘了。,2006-10-07 11:11:05
2728,184,润物,推荐,这种历史不应该被遗忘，在欧洲人用辛特勒名单纪念犹太屠杀的时候，非洲也同样有卢旺达饭店记录着感人的大救援。没有惨烈的屠杀与交火镜头，然而带给人的感动是那么真实，那种真实的生的欲望与善的本性。男主角在这部电影中的表演非常精湛，完全投入，彻底地让人记住了这样一位英雄。至于里面杀人工具砍刀来自中国的场景，也只有对于中国制造的一种无奈。,2008-12-05 23:05:03
2729,184,欢乐分裂,还行,#250#“天啦，太恐怖了，然后我们继续吃晚饭”这句最切中要害，题材感人，不过就艺术手法来说真是一般般~所以一般般就是，我们只能从外部（镜头）获得信息，那是导演的意图，我们可以不动大脑盯着屏幕看完两小时，留下的或许只是那一句震撼的话，思考的权利被剥夺了。,2013-12-04 21:54:27
2730,184,暖鱼,力荐,记着人世的罪恶，也记着在罪恶中的人性光芒,2008-10-18 00:54:28
2731,185,Kévin,推荐,外国人一定觉得中国人长得都差不多。,2011-06-27 22:23:48
2732,185,影志,推荐,那一霎那我什么也没做，只是捅了你一刀。“原来你跟他们一样，对我好就是想改变我。你好可笑啊，你以为你是谁啊？我和这个世界一样是不可改变的…”,2009-04-18 21:34:49
2733,185,私享史,推荐,如果小四最后听从姐姐而去了教堂，也许结局不是那么悲怆……,2005-10-07 00:53:12
2734,185,西楼尘,推荐,当某一个夏日你伸出手想去拥抱她的时候，结果只抱住了风，青春就这样散场。白衫黑裙的少女笑靥如花，却无声无息地倒下，校服沾染了一个时代的迷惘惆怅。曲终人散，那些年少曾路过的台球桌、小公园、棒球场，会否记得外文的歌、懵懂的吻，还有无所事事的下午我们许过的诺。终于你改变不了的，才叫人生。,2016-03-28 18:44:02
2735,185,无条件积极关注,推荐,手电筒无法把黑暗照亮，收音机传来滋滋回响，短刀终于刺向所爱之人的胸膛。曾经喜欢过两个遭受男友暴力的女生，才终于明白，这个世界或许会变，但人是不会变的，永远不要妄想去改变别人，别人未必痛苦，未必需要你所谓的帮助和救赎。小明和汪狗是一类人，他们是极端现实主义者，不论是非，只讲利弊，为了生存和发展，可以交换和利用一切资源；而小四和哈尼是一类人，他们是极端理想主义者，他们信奉自己的原则，不愿屈服和妥协。可是面对父亲形象的崩塌，友情和爱情的叛离，小四的世界终于轰然倒塌，正如尼采说的：“把理想主义者拖出他的天堂，他会再造出一个理想的地狱”，这不仅仅是几个年轻人的悲剧，更是那个特殊时期台湾社会的伤瘀。,2021-04-30 04:12:00
2736,185,обломов,推荐,「我就像这个世界，是不会改变的」大部分人，都是这样选择接受的；另一小部分人，则掏出了刀子，然后，从此沉默于黑暗,2016-04-15 22:49:29
2737,185,亚比煞,力荐,很多电影里都会杀人。只有在杨德昌的电影里，那不是杀人，那是整个世界的崩毁。他要你眼睁睁的看着，他用两个多小时创造的世界，在少年捅下去的那一刀里，灰飞烟灭。,2011-09-25 10:46:40
2738,185,朝暮雪,推荐,这不仅仅是一桩青春惨案，更是整个灰白压抑的时代将理想碾碎时发出的刺耳声响。当小四的手电筒最终照向深渊，他刺穿的不只是小明的身体，而是整个虚伪成人世界的心脏。,2017-05-03 19:26:38
2739,185,袁牧,力荐,弱者送给弱者的一刀,2010-07-16 19:04:19
2740,185,安蓝·怪伯爵𓆝𓆟𓆜,推荐,四儿的爸爸说，我们读这么多书，就是要在其中找出一个以后做人做事的道理，如果到头来，还不能很勇敢地相信它的话，那做人有什么意思嘛。honey说，妈的，我还真想写本小说嘞。干，给以后像我这种人看。太晚了，书又读的不够多。小明说，你怎么跟别人一样，对我好，就是想要跟我交换我对你的感情，这样你就安心了是不是？！我就跟这个世界一样，这个世界是不会变的。四儿那么相信爸爸的话，却被各种人和事捶打到崩塌。妈啦！杨德昌到底要把这个世界讲多透啊！ps，下次要好好看看牯岭街~,2019-02-22 16:14:41
2741,185,黄桔林,推荐,忘我的他恋，本质都是强烈的自恋。小张震欲“救风尘”而不得，这一刀与其说是捅向了小明，还不如说是捅向了自己所有的自尊和前程。那么宏大的背景铺排，都不如自身个性起了最后的决定性。,2022-03-21 22:37:22
2742,185,黑胖砸儿,力荐,海那边六十年代的生活跟海这边八、九十年代差不太多，但tmd海南边的学生凭什么人手一双converse？凭tm什么？,2009-10-07 21:24:23
2743,185,张维托,推荐,也想死在十五岁的张震手里,2016-04-06 20:39:01
2744,185,哑与名,推荐,这部电影如果从小明的视角出发，那才是彻头彻尾的悲剧。两岸鼎革之际，母女飘零来到陌生的岛屿，无所依靠，在建中官家子弟中间浮萍托身，终沦为乱世暴力的发泄对象。在杨德昌电影经典化的今天，被某些影迷骂一句“绿茶婊”，在凶手拔刀下手之际打上“痛快”的弹幕。小四终因理想的幻灭而杀戮，他愤怒“这世界不应该这样”；而小明则对这世界没有任何期望。,2025-04-03 13:29:09
2745,185,陆钓雪de飘飘,力荐,我在台南，无聊的要命，每天可以看几十本武侠小说。后来，我叫他们去帮我租最厚的小说来看。其实以前的人，跟我们现在出来混的人，真的很像。《战争与和平》，其他的武侠书名都不记得了，只记得这一本。妈的，我还真想写本小说咧，干，给以后像我这种人看。太晚了，书又读的不够多。,2016-09-05 01:27:06
2746,186,影志,还行,突破的迪士尼，有回忆却无情怀，有佳句无佳章，设定、创意不错，但讲述方式一路下滑。开篇惊喜以为会是游戏世界的《超人特工队》/《超级大坏蛋》+《怪兽电力公司》，没想看完感觉是动画版的《极速赛车手》…无个性，满满都是其他动画片的影子。 “如果那个孩子喜欢我，我还能坏到哪里去呢？”,2012-11-06 21:36:26
2747,186,白发生,推荐,即便今年的动画电影整体水平偏低，也不至于把这样一部作品推上神坛。,2012-11-08 16:15:28
2748,186,同志亦凡人中文站,推荐,正太把御姐，罗莉泡猛男——这真是一个三观尽毁的电玩世界！,2012-11-06 21:46:20
2749,186,江倍恒,力荐,"迪士尼的华丽逆袭！
当拉尔夫落向可乐山，耳边响起坏蛋宣言的时候，即使我已经猜到了结局依然被感动到一塌糊涂……",2012-10-18 19:26:54
2750,186,亵渎电影,还行,特意大半夜的跑去看了原声场，还真以为是今年的神作呢，整个就一个调色板毫无节制的追逐游戏，追逐越来越快真让人担心动画师的调色板会在高潮时刻跟着失控。也许大家看的是自己的怀旧情结？这样的反英雄故事没有亮点只能算不功不过，连桥段还都是大把眼熟的拿来主义，天朝的观众都返老还童了？★★★,2012-11-20 02:06:59
2751,186,王食欲,推荐,最美告白：你脸上的像素好高啊！,2013-08-20 23:00:08
2752,186,大奇特(Grinch),推荐,蜀黍和萝莉、御姐和正太的逆天组合，和《复联》《林中小屋》一样，以“穿越”串起主轴，却没有前者的一锅乱炖，而是毫无违和感。以“反英雄”主角的消极情绪，一路升温来找回正能量。倘若你曾是8位机或游戏厅的玩家，必定能够旧梦重温、重拾童趣！,2012-11-06 15:34:01
2753,186,山人阿苍苍,推荐,如果说人设制作配乐什么的是动画的血肉，那创意和情感就是动画的魂。而为什么当初说《勇敢传说》让人失望，因为它虽然将前者做到无可挑剔，但它的后者却弱到爆。《无敌破坏王》游戏机内世界的设定之巧堪比当时的《怪物公司》，而对于主角心理的描摹也令人叫好，小机灵更是遍布全篇。最后我有泪啦。,2012-11-04 21:19:08
2754,186,桃桃林林,推荐,如别人说的，确实有点皮克斯乱入迪士尼的意思。靠回忆赚分数的电影。像素游戏、街机回忆，尤其是“上上下下左右左右BA”这种，让我这种长泡游戏厅的人实在无法防御。故事简单有趣还带些温馨感动。角色也可爱，特别是那个小女孩，又萌又坏，萨拉·丝沃曼的配音也棒。今年在影院看过的最喜欢的一部动画。,2012-11-06 18:47:54
2755,186,CyberKnight电子骑士,推荐,非常过瘾。大反派破坏王为赢得尊重跑到另一个游戏里冒险，各种奇遇和阴谋危险。。。故事紧凑精彩，画面非常绚丽漂亮。游戏背后的世界勾起我们的童年回忆，充满对老游戏的致敬，有点初次看《怪物公司》的感觉。情怀深度故事画面样样不差，个人目前的年度最佳动画，颇有奥斯卡相！,2012-11-05 12:27:38
2756,186,psycho DC,力荐,给我一瓶可乐 + 一包曼妥思 我能拯救全世界！！！！,2012-11-06 22:36:06
2757,186,张小北,推荐,三观正确，技法娴熟，娱乐性强，还有什么苛求的呢？,2012-11-10 22:12:53
2758,186,等一个人,推荐,如果一直在英雄使命里面展开的话估计就是满分了,2012-11-11 15:26:01
2759,186,ᠲᠠᠷᠠᠰᠣ,推荐,在美国看的第一场电影。广告长达半小时，2d播完播3d，以后谁说国内影院广告时间长跟谁急！,2012-11-03 13:24:19
2760,186,Obtson,力荐,给这片子差评的多半曾是班干部，他们去游戏厅也都是领着老师去逮人的。所以，我认为打低分者才是真的无敌破坏王。,2012-11-09 10:47:12
2761,187,周鱼,力荐,你可以连看5部烂片 然后忘掉他们 或者用同样的时间 把《记忆碎片》看上5遍 然后爱上它,2010-05-24 22:10:19
2762,187,。,力荐,那个不到半秒的画面。。。另外请问一下楼上那个“短”评是怎么做到的！！？,2009-09-29 14:32:33
2763,187,Lan~die,力荐,导演用一种前无古人的倒序方式营造出“支离破碎”氛围，让观众深刻体验到Lenny破碎的生活及内在，我们如Lenny般扮成侦探，在电影里寻找着所谓的真实。而那织在复杂结构中的情感更让人没有办法不被感动。“如果自欺才能使我快乐，我选择如此的活着。”我们要生存下去必须给自己一个理由，否则就会精神分裂。但那些我们坚持的东西可能只是自己假象中的虚幻。一觉醒来时看着天花板问问自己：我是谁，我为什么在这里。然后你开始回忆，当那些记忆的碎片一点一点拼凑起来，一个完整的可能也并不客观的现实呈现在眼前，你，是否惶恐？,2007-02-19 07:57:26
2764,187,即兴表演艺术家,推荐,虽然知道多看几遍有可能会看懂，但我觉得应该把这个时间献给更多的电影。,2008-06-01 19:02:04
2765,187,小豆子,推荐,"不错,一开始我还以为家里的DVD坏了,怎么倒着放的",2007-09-22 10:50:19
2766,187,袁牧,力荐,神奇的剪辑让故事内容呈现出了光怪陆离的多种路径，在记忆的初期，只需要烧掉两张照片，多加一个注脚，命运就会像一俩失去了刹车的悍马一样在历史的胡同里横冲直撞，莱纳在片刻清醒时的自问自答讨论存在感，需要多看几遍才理解,2010-07-22 02:56:47
2767,187,库索,推荐,这片看起来太累了。。。,2010-09-03 00:03:59
2768,187,苏比,力荐,如果还没看过，那么现在最该做的是千万别看任何有关的评论，立刻飞奔到影碟店，买张带导演评论的D版，然后开始失忆之旅。,2006-01-16 12:15:17
2769,187,△▲凉度▲△,力荐,"用记忆来确定自己的身份，让自己相信世界仍然存在。
剪辑手法太诡异了，看的我也失忆了。浑身发抖",2008-12-28 17:19:21
2770,187,暖鱼,力荐,在六月五日的前一天特意看这部电影的，想了解一个没有记忆的组织，是如何确认自我的，在开头的时候还真以为没有记忆也是能确认自我的，然随着电影延伸，最终仍旧证明一个没有记忆的组织是没有自我的。一个没有自我的组织，在这世界做什么呢？复仇，杀人？,2006-06-05 18:58:53
2771,187,握不住的灵魂,推荐,二十六个碎片，将后十三个碎片倒叙，以彩色片形式拍摄，前十三个正叙，分别加在十三个彩色情节中，并变为黑白片，以突出纪录片的风格。后十三个碎片每个碎片再被分成两半，并颠倒顺序，黑白片时而在两半之前，时而之中，时而之后。,2011-07-15 18:55:36
2772,187,苏放,力荐,"普通电影:0123456789
倒叙电影:9-012345678
记忆碎片:9A8B7C6D5E4F3G2H1I",2021-01-17 21:27:55
2773,187,匡轶歌,力荐,这片子有基本逻辑失误，细节上的小BUG也不少。1.为妻子报了仇的事实会忘记，要复仇的这个念头却固执到全然不会忘记？2.原则上似乎受伤后所有的事情都会忘记，却不会忘记自己的健忘和失忆，到处跟人提醒：我有个病……，且每天醒来仍旧能依次的、逐步的写下字条拍下照片，并且不会忘记出门给自己带上宝,2009-02-22 14:50:35
2774,187,七色光,力荐,诺兰大神的作品，改编自他弟弟的短篇小说，这一家子都是大神。,2016-11-11 10:59:48
2775,187,Sophie  Z,推荐,看的时候一直在想有没有谁会做个自己剪辑的正序版本……,2013-07-10 07:07:20
2776,188,战国客,力荐,香港浪漫主义警匪动作片的巅峰之作！那段发哥和红姑的轮椅舞堪称香港电影史上的经典镜头~~,2007-06-24 10:28:16
2777,188,石头星,力荐,看过多遍，完全被三个人特有的自身魅力迷住，张国荣用红酒越红外线、三个人的舞蹈，至今都是经典。还有，发哥说，伊拉克不打仗。那是91年。,2017-03-26 21:20:20
2778,188,高歌,力荐,优雅——除了这两个字，我不知道怎样表达对他们的爱慕之情啦。,2009-12-20 21:50:01
2779,188,伊卡洛斯,推荐,你们都知道我的性格，我喜欢西逛逛，东逛逛，我喜欢流浪，其实爱一个人并不是要跟她一辈子的，我喜欢花， 难道我摘下来你让我闻闻，我喜欢风，难道你让风停下来，我喜欢云，难道你就让云罩着我，我喜欢海，难道我去跳海？,2011-03-23 23:04:09
2780,188,眠去,推荐,香港影史最赞三人行,2007-02-25 10:00:02
2781,188,Lan~die,推荐,有新武侠的潇洒。        “其实爱一个人并不是要跟她一辈子的。我喜欢花，难道你摘下来让我闻；我喜欢风，难道你让风停下来；我喜欢云，难道你就让云罩着我；我喜欢海，难道我就去跳海？”,2009-03-08 20:05:15
2782,188,九尾黑猫,力荐,经典就是经典，看无数遍也是经典,2008-03-10 14:39:06
2783,188,鸿音,力荐,因为去过巴黎，就更能感到张国荣站在塞纳河上吹风然后潇洒远去的风流，那种气质真是让人倾倒。发哥很多表演细节很风骚，太搞笑了。红姑还是那么美，绝代风华。,2016-11-09 09:04:11
2784,188,波波维奇,推荐,"红姑息影了，发哥老了，张国荣走了，香港电影的辉煌远去了。这些陪伴着我们长大的电影也要被遗忘了。
  真是“春梦了无痕”。",2018-03-07 18:02:54
2785,188,木卫二,还行,有些电影，就该在那个时代看……,2006-08-13 18:51:51
2786,188,蚂蚁没问题,推荐,这么多年，还是觉得周润发莫名其妙被人偷垒很可怜啊,2011-05-07 23:15:41
2787,188,趙小漁,推荐,這個組合太誘惑了……,2008-05-16 02:15:02
2788,188,游牧人,推荐,周润发在轮椅上和钟楚红翩翩起舞的场面再过多少年都不会忘记,2008-08-06 23:32:11
2789,188,Connie,力荐,我常不自量力地寧願gorgor一直活在那兩年,2006-01-18 18:30:55
2790,188,元宝宝,推荐,三个主演都非常出色的演绎了各自的角色，虽然现在回看起来感觉质量并不十分过硬，但就凭这三个人四颗星不能再低了。,2017-02-24 15:54:41
2791,189,陌聆,推荐,Leslie这个萌娃。据说有次Leslie在电影院看午夜场，他跟盆友说：要死了，观众那麼喜欢发仔，而我却是个要抓发仔和我哥哥的警察。 第二部的时候，他开森的说：这回有人同情我了。看我演得多好！我的妻子怀孕生子时，我死佐~,2012-09-19 22:00:05
2792,189,Lan~die,推荐,"警匪片里难得的作者电影。“你没有欠什么，我从来不会逼朋友去做不想做的事，我有我自己的原则，我不想一辈子被人踩在脚下，你以为我是臭要饭的，我等了三年，就是要等一个机会，我要争一口气，不是想证明我了不起；我是要告诉人家，我失去的东西一定要拿回来！”
“我警告你，不要用枪指着我的头！”",2008-09-05 15:40:08
2793,189,反引力疯子,力荐,有几个镜头里，龙哥会发光,2010-04-05 22:09:02
2794,189,战国客,力荐,香港黑帮电影的代表作！小马哥，那是一个神的样子~~,2007-06-24 10:20:57
2795,189,达不溜博士,推荐,能够把握住自己命运的人，就是神,2010-09-11 12:08:23
2796,189,齊克斯尼力佐飛,推荐,“杰仔，你冇错到，我地大家行嘅路唔同，你行嘅路系啱架，以前我行错咗，宜家行翻啱，都唔算太迟。”这句真感动。如果把兄弟情都看成基情，这真的挺可悲的。,2011-11-08 23:33:17
2797,189,趙小漁,力荐,我親愛的小馬哥，時至今日你讓我感嘆英雄遲暮更是種折磨……,2008-05-08 22:22:29
2798,189,影志,推荐,“做人有原则，就什么都不怕。” 真的不敢说这是我第一次看《英雄本色》，并不需要多么复杂的炫技，好电影从来都很简单纯粹。怀念最好的港片年代。“他有勇气去改过，你有没有没勇气去接受？” 上海电影节4k修复版。,2015-06-15 12:14:16
2799,189,王小邪,力荐,"英雄泪短,兄弟情长",2008-02-04 00:49:46
2800,189,香水瓶,力荐,三个男人的戏，打得太精彩太经典了！ 2023.4.2 今天看了4K粤语版，这次发现“不如我们重头来过”小马哥也这么对宋子豪说。,2006-04-27 23:23:39
2801,189,徒然曜日,,为人当如小马哥,2010-10-13 21:29:53
2802,189,失意的孩子,力荐,9.3 “《英雄本色》触及男人的父子情、兄弟情、朋友情、男女情、冤屈受害之情与报仇雪恨之情，堪称多情而善感之作。”侠肝义胆，豪情万丈，句句金言，幕幕动人，子弹芭蕾，暴力美学，义薄云天，热血沸腾。,2014-08-30 00:04:10
2803,189,圆首的秘书,力荐,节奏奇快，没有一句水词儿，实打实的95分钟。狄龙演得太好了，在弟弟和兄弟之间摇摆，经受着法律和道德的撕扯，始终处在灰色地带和生存的边缘。一部充满戏剧性但又十分优美的枪战片。周润发为角色增色太多，人物既有隐忍的一面又有超强的爆发力，狄龙出狱两人在车库见面一段的表演绝对留名影史。,2017-11-17 16:09:27
2804,189,一湄,力荐,兄弟和好的时候，哭得不行。,2009-01-11 22:53:57
2805,189,远子,推荐,想不到我也过上了这种在电影院看经典老电影的“小资生活”……片中最动人的是小马哥给人洗车、在车库里吃盒饭那段戏，演得太好了。现在能够理解为什么法国的一次同性恋影展里会有这部电影了，周润发和狄龙的那种兄弟情，西方人可能真的理解不了。,2017-11-21 22:09:01
2806,190,影志,力荐,“有些事，非得问出来？不问就是压在他心头，压一辈子；一旦问出来了，这石头就是压在你心头了” 赞叙事结构，过去跟现在将来混合，多人视角交叉重叠连锁反应，最后完美衔接…没有一个多余情节，荒诞讽刺，千奇百巧，抽丝剥茧，百转千回。2015《大象》《全民目击》，超过《烈日》《吾先生》年度最佳。,2015-07-31 18:37:27
2807,190,阿茶,力荐,国产犯罪片越来越好。「烈日灼心」力道够了，然剧本硬伤太重。「心迷宫」的剧本真是惊喜。如此群戏能这样流畅地自圆，已实属不易；时间线打散却又让观众能轻易缕清而不显杂乱无章，确是匠心别具地精巧。开场即惊艳；结尾父子对峙戏太棒。当然，为过审加上的那行字幕让人出戏，不过相信以后会更好。,2015-10-16 16:15:29
2808,190,桃桃林林,推荐,作为一部小成本处女作，这是一部值得鼓励和需要鼓励的好电影。主要好在剧本方面，多视角拼图叙事，缓缓揭开一个环环相扣的农村题材罪案故事。并以此去照出每个人心中的恶与自私。整个片子剧作结构与剧情设定都很巧。只可惜，因为制作成本过低，制作水平还是略粗糙。其实可以更好。,2015-10-17 21:51:00
2809,190,木卫二,推荐,剧本挺有趣的，没有让三段式沦为中国电影常见的山寨故事。电影化处理上有所欠缺（无论一眼可见的演员表现还是画面处理），不知是不是受限于制作成本，不过，作为第一部，确实不错了。中国电影的未来，依然是在乡村和县城啊。,2014-07-25 11:53:26
2810,190,熊阿姨,力荐,放冰箱那个红色塑料袋到底是干啥的？,2015-10-28 23:42:51
2811,190,根,推荐,和《十二公民》一样，结尾必须要通过一行字幕把真凶缉拿归案的规定，实在是太影响犯罪片逼格了,2015-10-22 20:00:53
2812,190,Indecent time,力荐,世上本无人，有了谎言，猴就成了人：不要用怀孕骗人，不要找小三，拉屎不要接手机，不要赌博，不要用“爱”干涉子女幸福，最重要的是，不要相信国产片尾的字幕——朱自清,2015-10-22 13:43:18
2813,190,翻滚吧！蛋堡,力荐,诺兰结构科恩风格本土叙事，五星鼓励,2014-11-03 18:05:51
2814,190,亵渎电影,推荐,如果你认同电影就是好好讲故事，那这部电影在讲故事的层面上非常出色，故结构编排，细节铺垫，剪辑与主题都打磨的足够精致，这些方面甚至可以说没什么瑕疵，虽然它的结构也不新鲜，但这年头能遇到这种带着脑子的导演处女作简直就是一种幸运，但愿忻钰坤不会立马下海拍什么卖IP的商业大片。★★★☆,2015-10-17 01:02:57
2815,190,谋杀游戏机,推荐,FIRST首部，威尼斯影评人周，锋芒毕露。类低俗小说结构常见，本片运用到本土化题材上，不止讲了个结构花哨的故事，还反映了农村现实问题（劳动力流失等）。导演混过片场，编剧、剪辑都过硬，毫无拖泥带水，细节精打细磨。全职业演员群像出彩，成本200万处女作，相当不错了。导演是诺兰科恩奉俊昊粉,2014-07-24 23:08:58
2816,190,心生,力荐,9分！在体制下以极低成本拍出这样一部院线电影，看完心里有一种冷静的热血沸腾！主要手法上其实就是我们见多了的多线索叙事，特别之处在于它能以一个原生的中国乡村故事去挖掘人性。细节的埋设，故事线索的编排，都基本完满通顺，有想法有落实，实在可贵！,2015-10-17 14:28:09
2817,190,老晃,还行,看了忻钰坤处女作《殡棺》，惊喜！从容缜密，会讲故事。看片名，容易误以为是闷蛋文艺片，其实是无巧不成书的三段式“乡村怪尸案”。成本太低，演员略逊，但也带来了陌生的乐趣。和拍《光棍儿》《美姐》的郝杰一样，忻钰坤，绝对有实力执导更大制作的类型片。这种会讲爱讲故事的年轻导演，是稀缺资源。,2014-08-05 18:43:54
2818,190,疼酱,推荐,有的话不问清楚，留在他心里压成了石头，他就会一辈子对你好。但问清楚了，石头就压到你心里来了。,2015-09-19 16:24:04
2819,190,mia,力荐,电影一面倒的好评过后开始有了些相反的声音。这都正常。但是作为一个真心爱电影的人，没有必要为了显示自己与众不同而对于这样一部电影吝啬溢美之词。看到知乎上的一个评论深以为然，这部电影所有的缺点都是用钱可以解决的，而所有的优点都是有钱也买不来的。15年最佳国产电影，没有之一。9分。,2015-10-19 19:06:45
2820,190,Castle,推荐,许多年后，一个衰老的发廊女想起那一天在荒野上，见到的殡棺和两个沉默的男人。,2015-12-04 12:35:20
2821,191,[己注销],推荐,（8/10）影片最后杀死主角的那群熊孩子的演员，此后他们真的成了黑社会………………………………………………………………………,2013-11-01 23:55:28
2822,191,September,力荐,脸盲症发作，愣是20分钟才把人脸分清。,2010-12-15 21:05:49
2823,191,吴花果,还行,"冗长,杂乱",2006-08-11 02:43:29
2824,191,同志亦凡人中文站,推荐,不只枪支，摄影也可以改变命运。血腥暴力、丛林法则以及完全不会出现在明信片上的里约。剪辑酣畅淋漓得像桑巴舞曲。据说奥运期间巴西政府对贫民窟的做法是建堵高墙眼不见为净，我...,2016-08-05 04:09:27
2825,191,老鸡｜扶立,力荐,看过巴西，才知道我国多么安定……,2008-01-10 17:16:05
2826,191,润物,推荐,一部震撼人心的电影。是的，这部电影带给人的冲击力之大难以用语言来形容，首先导演的水平很高，拍摄手法和剪辑方式都相当前卫，配乐也是和主题形成了巨大的反差效果，故事越是残酷音乐越是奔放，里约热内卢的贫民窟，世界上最接近地狱的地方，电影真实地还原了那里发生的一切，从孩子开始，无法无天。,2013-10-11 00:53:27
2827,191,战国客,力荐,史上最强剪辑，《低俗小说》遇上它也要甘拜下风！第一次接触巴西电影，就让我着实惊叹了一大下~~,2007-06-24 10:36:24
2828,191,砚小朵™,推荐,我现在看啥都是鸡汤。在这种荒诞、粗砺的虎狼之地中过活，结果活的生机勃勃自得其乐，旺盛的生命力，天生的钝感力，皮糙肉厚，从不忧郁。,2016-08-21 23:11:53
2829,191,Bigteeth,力荐,评论这部电影是可耻的,2007-08-26 22:41:52
2830,191,城南草木生,力荐,可是我们的困难无关紧要，在里约热内卢的风景明信片上，是不可能看到我们的,2009-11-10 17:29:12
2831,191,A-sun*,推荐,这配乐这镜头！！！！,2010-07-01 20:44:20
2832,191,Q。,力荐,“被上帝抛弃了的上帝之城”一个除了偷窃，强奸、走私、贩毒、杀人、抢劫无处不在的城市，因为这里无需偷窃，而犯罪的几乎都是未成年的孩子，这里是真正的地狱和人性泯灭的地方。高超的剪辑、丰富的剧情、合适的配乐组成一部十分优秀的影片，更加让人震撼的是这部影片是根据真实故事改编。★★★★★,2010-12-08 20:59:19
2833,191,撕撕撕,还行,传奇故事不喜欢，奇观电影最讨厌。别把什么事儿都往残酷上推，推卸作为创作者本该有的责任。,2010-07-01 20:07:13
2834,191,欢乐分裂,推荐,"4.5；视听太炫技了——长镜穿过被主遗忘的贫民窟，手持寓意的混乱无序动荡（用得如此贴合），分屏中的剧情浓度，华丽剪辑居功至伟（高效剪出一个体量极大的关系网，其高速感与整体基调极为契合，堪称模板剪辑），配乐简直分分钟都击到心尖（班尼欢送会那段看得目瞪口呆，灯光穿过乐声在死亡降临处静止，绝妙的处理啊），多线叙事的交织出厚重文本（叙事闭合成就完满）。
看这样一部片很难不满足，几乎癫狂的暴力中竟还掺有黑色幽默的成分，细思全是悚然；一个笼罩在冤冤相报罪行怪圈中的无主之地，众线交叠的正是曾怀有良知微光的普通人如何踏入残酷火并，懵懂孩童如何以枪杀毒品标榜男性雄风；结尾更是惊心——小霸王倒下，然而会有更多造反后浪雨后春笋，cue到某卫/bing吓一跳。",2021-05-17 11:34:29
2835,191,LORENZO 洛伦佐,推荐,暴力枪战、高速剪辑、晃镜、多画面以及各种无序感。看来很震撼的一部电影，故事讲述的方式颇具传奇色彩。巴西荣升心目中民风彪悍第一圣地。,2011-04-22 04:09:34
2836,192,艾小柯,还行,《幽灵公主》的前奏，初步表现了宫崎骏在之后一系列电影所追求的人与自然和谐平衡的主题。,2006-10-19 00:41:19
2837,192,Kaito,力荐,在此我们可以见到比卡丘的渊源，可以看到Spike飞船的渊源，可以看到虫师的渊源，也可以看到诸多动画人因此崛起的渊源。,2009-12-13 09:35:09
2838,192,寂地,力荐,"当女主角在黄金之海上复活的时候,我那发达的泪腺又西里哗啦了..",2006-01-02 14:58:47
2839,192,握不住的灵魂,推荐,“我希望再活30年。我想看到大海淹没东京，NTV的电视塔成为孤岛。我想看到曼哈顿成为水下之城……我对这一切感到兴奋。金钱和欲望，所有这一切将会走向崩溃，所有这一切将被绿色的杂草接管。” ————宫崎骏,2011-06-29 21:30:39
2840,192,匡轶歌,力荐,腐海、废土、超级细菌、瘴气、口罩、防毒面罩……想不到吧，一部上世纪80年代的末世寓言，放在2020年重刷，竟如此应景。从技术层面讲，它的声效是简陋的，绘画方面也不如后期的吉卜力那么细腻成熟，但36年过去了，它的内核并未过时，反而显示了更远的前瞻性。,2020-05-13 18:27:56
2841,192,在冬夜一个肥人,力荐,娜乌西卡是宫崎骏笔下我最喜欢的女性角色。在风之谷，作为一名不需要异性陪伴，完全独立的女性。对娜乌西卡是否过于“圣母”，甚至说背叛人类的讨论一直没有结束。在我看来，这是善良，以及寻求事物真相的勇气，坚持自己观点的决绝，面对森林、巨虫等危险没有表现出任何恐惧，她或许是宫崎骏对于自己厌恶人类热爱自然情感的表现。她的自主与无畏让人印象深刻，比起网络上打着平权名号谋求特权私利的杂碎，以及被这些字眼冲昏头脑，盲目的追随者，娜乌西卡和她的作者宫崎骏才是真正的女权斗士,2021-02-08 15:20:08
2842,192,莫呼洛迦-屁股上的青春在歌唱,推荐,〔三刷〕宮崎駿真是早早就把這個世界看透了。人類中心主義，容不得自己定義為「不好」的物種，即便這些物種只是因為人類的傲慢和愚蠢誤解了牠們；國家沙文主義不斷地通過殺戮和戰爭來擴張自己的版圖和思想，哪怕侵略和佔有這些領土只是為了滿足自己的虛榮心、要付出慘痛的代價，也在所不惜。我想來想去都想不明白，人類社會發展了幾百上千年，不論表現得再文明，骨子裡的傲慢和野蠻還是拿不掉，只是表現形式隨著科技的發展稍有不同。這真的令人感到難過。,2010-10-01 22:24:20
2843,192,胤祥,力荐,宫崎骏的起点如此之高。略有烂尾之嫌，世界观、画风、情节都很赞。可以看看其中的运动镜头，尤其是对飞行的表现。这个主题之前手冢治虫讨论过。另外久石让的配乐怎么听得那么耳熟，这一部好像《花火》……,2011-04-05 06:59:02
2844,192,Yolanda,力荐,泪了，她复活的时候。,2006-12-17 18:33:17
2845,192,爱幻想的小孩,力荐,大师的第一部作品总是这样惊艳。虽然结尾有点俗而且女主太白莲花，但是最爱宫崎骏片子里勇敢坚强善良的女性形象，让现在的商业大片都感到羞愧。“反派”都是有自己信仰的立体的人，而不是为了坏而坏。真正作恶的还是人类自己。,2015-05-23 00:04:48
2846,192,蕊蕊,推荐,宫崎骏的主角为什么都是女生==,2008-08-03 12:07:06
2847,192,星尘战场,力荐,宫崎骏最爱。动画片的圣经,2007-02-17 17:13:23
2848,192,布宜諾斯,推荐,年纪越大，越容易对真善美消化不良,2012-08-23 13:40:22
2849,192,有心打扰,推荐,相当和谐的主题和世界观，经济与环境的矛盾、保护与破坏的冲突，人类将会走向什么未来？世界末日来临之前，大自然的绿色仍旧在为地球付出，为人类服务。当娜乌西卡公主在黄金色的草原上时，我感动死了...久石让的配乐部部很赞。,2012-01-28 20:22:08
2850,192,[己注销],推荐,（９／１０）娜乌西卡真的是一个非常有魅力的女主角，她可以冒险救人，面对敌军入侵可以沉着地指挥民众，风之谷被占领时可以保护民众冷静选择投降，可以在战火中保持住自己的底线，可以给落难的伙伴提供救援帮助，面对女将军恩将仇报的枪口可以冷静应对，可以亲临枪林弹雨执行自己的理念，更可以为了保护家乡舍身取义……宫崎骏镜头下的女主角，从来不是男性的陪衬，她们的魅力一直是超越性别的，日本动漫自从后宫片泛滥起来后，就很少出现这类女主角了。在如今的日本动漫界，如果一个女生足够勇敢、坚强、独立、甚至只是留个短发或者打扮中性……那么她在故事中就注定被安排为男角和“女神”的陪衬、沦为男主的后宫和备胎。而有些女主表面上很强大，但却要足够挑逗、要卖胸、要卖白腿……总之要成为宅男喜好的舞刀弄枪的“老婆”，这样才能让宅男付款。,2009-12-03 23:46:19
2851,193,芦哲峰,力荐,我爱这温暖治愈的四姐妹，像爱我用心写过的四首诗。,2015-12-31 10:35:49
2852,193,木卫二,力荐,把绫濑遥、长泽雅美、夏帆拍得美，是一件太简单的事——譬如开头。但在多数时候，是枝裕和故意让她们显得没有那么美，与那座老房子和日常事物紧密粘合。一花一世界，一木一浮生。反正打开二十秒，后面就停不下来，不想快进不想暂停更不会想关掉。说很平淡很无聊的，开什么国际玩笑啊。,2015-12-17 10:19:59
2853,193,伍德与夏洛蒂,力荐,是枝裕和永远我的菜啊，暖暖慢慢的，有点悲伤有点小高潮却不会改变太多，摄影台词配乐节奏都扎实的要命，没见过写异母姐妹写的这么棒的，夏帆的咖喱，MA酱的长腿啤酒，奶遥的情妇轮回与母性逆转，当然还有小妹，那个最像成人的人，看得人数次落泪。#戛纳电影节#,2015-06-29 16:54:15
2854,193,xxhhcc,力荐,不能以过去的眼光去看是枝裕和了，发行从艺术院线到东宝，五十多岁的是枝裕和才第一次拍摄人气女优主演映画，一来还是四个，“压力”确实不小。电影虽然剧本和剪辑上都有些问题，但“女优美，长腿美，镰仓美，日料美，生活美”可以掩盖了这些问题。四姐妹几乎都完成了自己最好的表演，年度推荐！,2015-06-13 23:47:48
2855,193,文森特九六,力荐,平庸？！远了的先不说，就是和被捧上天的上一部《如父如子》比，这部也明明更有味道，根本舍不得它结束。年度十佳,2015-12-16 23:28:20
2856,193,艾小柯,还行,与期待值相差太大——是枝欲和没能拍出小津式的日本家庭生活的精髓，仅仅停留在了视觉美好的表层。这虽比《小森林》系列的风景明信片要精致有趣得多，但本质上二者拍摄的理念是一样的。这可远非他的最高水平，是枝欲和再接再厉啊，请千万不要沦为kitsch之流。,2016-01-02 22:48:45
2857,193,刘康康,力荐,一开始以为是个《饮食男女》式的故事，尤其是两部电影的三姐妹还真有点性格的对应性。但看到后来，我认为这部电影的主题其实根本不是讲家庭，而是讲时间的绵延。外婆酿下的梅子酒、外公种下的梅子树、外婆的咖喱鱼饼、浴衣上外婆的味道、海猫食堂的竹荚鱼菜谱、爸爸的沙丁鱼盖饭，人对于绵延的感知，往往就是依靠于这些穿透了时间的味道、气味。人都会长大、都会老去、都会死亡，再漂亮的美女也会成为五十岁的老太婆，再温馨的房子也有人去楼空的一天。但因为我们还能感知到这种时间的绵延，所以人生才没那么孤独和冰冷。,2020-09-11 00:16:02
2858,193,安德烈大叔,力荐,多么温柔的海浪，都舍不得打湿衣襟。,2016-01-07 22:03:34
2859,193,我是大皮哥,推荐,“有些电影惊心动魄是在提醒你它是部电影，而有些电影平平淡淡是在告诉你这是生活。”,2015-12-19 15:29:32
2860,193,叶酱,推荐,总觉得一种日式情趣压倒了电影本身,2015-12-22 23:59:31
2861,193,维城乱马,力荐,美好生活的范本，即便父母离异工作受挫感情不顺，回到小小的家依然洒扫庭除洗衣做饭，把日子过得云淡风轻波澜不惊。该爬山爬山，该骑车骑车，该赏花赏花，看春樱夏帆秋枫冬雪，保持房间窗明几净内心清洁澄澈。舍不得结束的一部电影，想看着四姐妹一起继续生活下去。,2015-12-27 12:10:26
2862,193,LeungChanXXX,推荐,是枝裕和依旧干净细腻的日常化风格。仲夏，烟火，梅子酒，沙丁鱼，贴窗花的推拉门，四人的暖炉桌，樱花汇成的隧道，火车经过的小镇，梅雨时节走过的阶梯，沙滩上的脚印，最后所有温柔隽永的情感都堆积成随着海风轻轻拍打过来的海浪。真想也这样过好自己的生活。,2015-12-16 20:50:36
2863,193,起床，吃饭,力荐,太棒啦，看得心都彻底软掉了。放入复刷名单。,2015-12-22 23:31:35
2864,193,serney,力荐,生活要是可以像是枝裕和电影里的蝉声一样一直纯粹下去该有多好,2016-08-22 16:10:24
2865,193,樹一,力荐,波澜不惊的生活表面，每个人的内心都是汹涌的。即使在生命即将走到尽头的时候，依然能感到美丽的东西是美的。大和民族深入骨髓的物哀情结，在大荧幕上絮絮叨叨上演了这么多年，还是能一次又一次让人莫名其妙地落泪。,2016-02-28 01:41:01
2866,194,周鱼,力荐,我曾无数次从《发条橙》、《AI》、《如果爱》、《WALLE》里看到对《雨中曲》的致敬 今日终于承认：这就是人类歌舞片的巅峰，超越《音乐之声》，秒杀一切，无与伦比。当然 刻画、节奏、布景等等有着非常多的毛病 还是搁置下来 好好看看吉恩凯利俘获美人心时的那副小样吧 这绝对是影史最珍贵的片段之一,2011-11-08 00:49:20
2867,194,光年‖影视歌三栖民工,推荐,老电影总是快乐得那么纯粹,2008-11-23 02:25:36
2868,194,影志,推荐,“从此以后，我只在乎一个影迷”、“你是我的歌，春夏秋冬”…于是以后，见到这样的路灯，就想扶着灯柱起舞。,2006-02-04 06:19:12
2869,194,○,力荐,美国歌舞片的代表作。Gene Kelly初获芳心后在雨中欢快地载歌载舞，此段情节堪称歌舞片历史上的永恒经典！我都不记得我把这段看过多少遍了。,2006-08-22 13:32:52
2870,194,橘猫爱吃鱼,推荐,大雨的夜晚，与戴比·雷诺兹分别后，男主角陷入捕获芳心的无比快乐中，索性收起雨伞，在雨中载歌载舞！,2018-01-13 16:25:47
2871,194,同志亦凡人中文站,力荐,不只是经典的歌舞片，还有好莱坞电影工业无声变有声的历史跃进。这也许就是我对《艺术家》始终无感的原因：看过了真迹，谁会喜欢一个仿造的赝品？那样的星光，那样的雨滴，哪怕再过几十年都会一直定格在我的脑海里...,2013-06-09 17:52:13
2872,194,喷子,力荐,最喜欢片头金凯利接受采访那段，讽的那叫一个犀利,2010-05-12 02:12:08
2873,194,流空破刃,推荐,几乎是最早的一批使用彩色胶片而非后期染色但又能有良好质感的彩色片。所谓的歌舞片之王，也……就那样了。,2010-07-17 21:40:27
2874,194,沉歌,力荐,永远记得他在雨中高唱“I'm singing in the rain...... ”，一下雨就常常不由自主就哼起来。,2008-01-20 15:28:49
2875,194,胤祥,力荐,除了那个多余的”百老汇旋律“的唱段，这部片儿简直完美啊。重看时发现剧作上有一处颇具匠心，片头唐讲述自己的从艺经历时的现实与故事的反差，结构性地提示了本片最重要的有声电影/配音的剧情。（不得不说那个音画不同步的梗实在太好玩了！）,2007-01-29 23:20:59
2876,194,[己注销],推荐,（７／１０）很久以前从《杀手莱昂》里看到了雨中舞曲，经典不用多说了。不过如今来看，这片是不是对女二琳娜太刻薄了？前半部闹出误会后，男主完全没有劝女主向琳娜道歉，只是一味片面地指责琳娜。后半部虽然琳娜也有过错，但这是因为主角们不尊重她在先（没有询问过本人是否同意），才引来了琳娜激进的反应。从头到尾男主都只顾着吵架、完全不想讲理跟琳娜缓和矛盾……另外看了下百科，本片两个女主说话的声音，其实都是来自琳娜的演员简·哈根（但女一的歌曲大多是她亲自唱的）。,2020-05-20 00:45:52
2877,194,老阿飞—故园,力荐,经典到无话可说,2006-01-08 17:42:22
2878,194,有心打扰,力荐,虽然下着大雨，心情却不潮湿，因为有她——  一个与彼此相爱的女子。漫步雨中，收起握在手中伞，在雨中尽情的欢唱与起舞。配乐满分，舞蹈满分。那些搞笑的舞蹈动作让人看着心情不自觉的轻松与愉悦起来。如果你伤心难过，如果你郁郁寡欢，如果你失落空虚，那么就在雨中高歌一曲吧。,2011-11-17 21:54:44
2879,194,朝暮雪,推荐,那一场不止落在洛杉矶的夜，更是无声片时代谢幕时温柔的泪雨。而他张开双臂踢踏出的水花，是整个人类影史在拥抱有声未来时，按捺不住的、会发笑的涟漪。,2017-04-19 11:17:43
2880,194,寒枝雀静,推荐,C+ / 诡异的剧作，抛出很多有趣的点几乎无深入挖掘，倒是电影史的部分说得实在。声音这个点的伏笔完全浪费，却又成为唯一可能的剧情走向。歌舞极富美感但是很多段落无法融入整体。温习拉拉蓝的致敬梗成为额外一大乐趣。BTW戏里可以接受戏外却无法理解电影作为视觉为主的媒介却将配音形容为主角。,2017-07-08 12:00:26
2881,195,彦夕,推荐,原作作者克拉克：“如果有人觉得完全弄懂了《太空漫游2001》在讲些什么，那一定是我和库布里克弄错了。”,2007-12-08 09:59:04
2882,195,[己注销],推荐,史上最伟大的装逼片，就连作者克拉克和导演斯坦利都看不懂剧情……不过这丝毫不影响它的伟大，首先在视觉上它领先了同一时代数十年不止，很多星际旅行片都没有给我一种“星际旅行”的感觉，但这部有，关键就在于细节处理细致。还有就是，这部讲述星际旅行的片子拍摄于1968年，而美国登月则在1969,2011-09-17 23:40:13
2883,195,朝暮雪,推荐,《2001太空漫游》只获得了奥斯卡最佳视觉效果，而最佳影片和最佳原创剧本都只是提名。所以说啊，奥斯卡也不是权威。,2014-01-17 23:55:01
2884,195,穆先生.troj,推荐,叙事不够宏大的前提下，节奏略显缓慢。或许真应该以歌剧的心态来看，外行看热闹，只听咏叹调。,2009-12-21 22:02:32
2885,195,思阳,力荐,这部片子有三个特征：1）看不懂 2）无数的符号 3）必须熟读尼采 4）六十年代能够做出这样的特效真的是惊天动地,2008-02-29 14:05:22
2886,195,地富反坏右,力荐,"首先你得忍者看完第一遍,觉得不知道在说什么;看了第二遍,觉得好像有点意思;看第三遍,知道原来这个电影讲述的是多个主题啊,看第四遍,觉得好像看懂了点什么;看了第五遍,啊,真他妈太牛了!这可是1968年的东西!",2008-07-14 10:28:08
2887,195,btr,推荐,#库布里克影展# 配乐、声音、设计赞。三段结构也很妙。至于主题，除了人为机役外，第三段开头黑石漂浮在太空，简直就是iPhone广告，然后进入微信APP画面，然后人可以穿越时空宇宙但也迅速老去，最终在Deathbed上还伸出手指点向触摸屏——这未来的宗教！,2015-04-17 22:07:59
2888,195,袁牧,力荐,这不是照着剧本拍的，而是曲谱,2009-12-19 22:34:59
2889,195,Kuba,力荐,这部是唯一一出让我彻底游离出剧情，却始终带着浓厚兴趣看完的电影，我相信库布里克偏执的工作态度操死了一批又一批特效制作人员,2009-12-21 01:30:50
2890,195,刘康康,推荐,中间还是睡着了几次……不是我的菜吧……但不能否认这片子做得真精致，而且还是60年代拍的，太空站、宇航服、宇宙飞船，都经得起长时间的细看。我只能说不明觉厉了……,2013-11-09 22:18:46
2891,195,离,推荐,2001太空漫游时，人与电脑互不信任，交流也是冷的。2014Interstellar人与电脑的互相信赖、配合与默契，不只让人觉得萌萌的，还很温暖安全。即使它选择自我牺牲，你亦尊重。,2014-11-12 23:13:16
2892,195,熊阿姨,,反复睡着影响了我对此片逻辑的梳理和判断……,2016-12-19 01:08:35
2893,195,陆钓雪de飘飘,推荐,要克制地达到极致。而不是如吴京说：“莫斯，你在杀人。”最节制的人工智能和外星人表达。,2022-01-12 08:45:17
2894,195,安蓝·怪伯爵𓆝𓆟𓆜,还行,神不神的不知道，以后这种跳出三界外不在五行中，只能靠榨取困意尿意转移到大脑里的意念去理解的所谓经典，再也不好奇了。猜到结尾必有回归母体表达无止境轮回的画面，所以看到的时候并没惊喜，光顾心疼我仅有的视力和本来敏锐的听力了。EVA部分不错。但没看明白之前三星到头了跟风吹牛逼我拒绝,2016-12-03 21:00:33
2895,195,猪头妖怪,较差,我又要冒天下之大不韪了。前2/3我尚能沉住气和无穷无尽却信息量极低的长镜头耐心周旋，但结果还是被最后20分钟的莫名其妙给彻底激怒了。至少在我看来，不加以过度诠释就无法理解的内容，我倾向于认为它不值得被咬牙诠释；换个主创的名字就会被视作一堆碎片的作品，我倾向于认为它本就是一堆碎片；不借助原著便无法自立的电影，我认为那就是失败的创作。我同样认为，电影史的地位高低问题，不应该被赋予太大的权重。因为归根结底，电影首先是用来观看和感受的，不是用来梳理和训诂的。更重要的是，我觉得真诚是一个人最重要的品质之一。于人于己都是如此。,2019-12-17 02:13:34
2896,196,小耳朵图吗,还行,像是中国版的两杆大烟枪。,2006-08-03 02:24:29
2897,196,办公室甜心,还行,终于完整的看了一遍，笑不出来,2011-11-08 18:16:18
2898,196,xjxiidjsns,力荐,中国最nb的片,2008-06-24 18:53:27
2899,196,理想多钱一斤啊,力荐,最可贵的一点是没把观众当傻子。国内电影都指着这样儿拍就行，嗯,2010-12-18 21:40:35
2900,196,文泽尔,力荐,学大烟枪学Snatch学得很足嘛..套了国风的外壳，很多内容（比如杀手的山寨货等等）也符合国情，就是画面欠点火候.黄渤为本片中最亮眼的配角.,2007-09-19 22:33:48
2901,196,Doublebitch,力荐,从这部开始爱上黄渤,2008-11-24 22:20:22
2902,196,高鹏,力荐,国内好电影,2006-07-09 01:18:10
2903,196,易老邪,推荐,重温。别说，这片还真能经得住考验，也不是简单一句模仿盖里奇或多线叙事就能概括的。特别里面几组的人物都不仅仅是作为结构故事制造笑点等功能性的存在，而是几乎每位出场人物塑造的有头有尾性格鲜明紧扣主线笑果突出，还贴近生活反映现实，这就很难得了，在这方面石头其实做的比烟枪还要好点。,2007-11-02 06:33:57
2904,196,同志亦凡人中文站,推荐,先发散再收敛的网状叙事，难怪老外会看不懂。重庆话版太接地气了，简直笑死爹～～～～～～～～,2015-03-12 21:41:00
2905,196,朝暮雪,力荐,虽然有《两杆大烟枪》的影子，但仍然是中国最优秀的多线叙事电影之一。,2013-11-19 00:21:35
2906,196,elvita,力荐,真好玩,2006-07-14 10:26:20
2907,196,老鸡｜扶立,推荐,聪明的宁浩，能走多远？,2008-01-10 16:35:04
2908,196,美女菜kun,力荐,很精彩，算是里程碑式的作品，带火了同类型的各种电影好几年经久不衰,2017-01-05 09:30:00
2909,196,汝就做吾的犬吧,力荐,几乎07年所有的流行语都出自这一部电影,2008-06-08 13:19:33
2910,196,Kylin,推荐,不是那种冲着观众卖力吼着 笑啊 你笑啊 的电影 是实实在在的搞笑,2017-01-06 12:52:47
2911,197,小捌,力荐,十八年后他们变成了相遇那天火车上喋喋不休争吵摔门的德国夫妇,2013-06-01 12:20:10
2912,197,影志,力荐,“我虽努力，却难于去亲近自己心爱的人”经历了平淡、争吵、否定、相濡以沫所有最真实的感情状态，18年过后，最难的是仍对彼此保有激情。上一次看到这么纯粹的爱情电影，还是九年前。伊桑朱莉理查请你们9年后准时回来，哪怕拍不动了、聊不起了、原地静坐90分钟，也好啊。期待2022年的第四部。,2013-07-17 00:10:27
2913,197,远子,力荐,为了看第三部，特意重温了前两部。还把《恋人絮语》找出来读了下。期待第四部Before Death（爱在棺材盒盖时）……,2014-05-03 14:19:54
2914,197,桃桃林林,力荐,虽然之前的争吵真实得让人糟心，但结尾逐渐拉远的镜头仍让人感动。前两部的浪漫与激情都变成了书里的故事，这一部则完全生活下来。各种鸡毛蒜皮的琐事只是一个假设，关于如何让爱延续一生。生活中总会有这样那样的矛盾，人也会变老（比如半裸的朱莉·德尔佩却很难让你觉得性感）问题是我们如何挨过去。,2013-07-17 20:55:51
2915,197,根,还行,为什么要结婚为什么要生小孩为什么要毁掉自己的生活,2017-07-10 23:22:19
2916,197,石墙,推荐,结婚快10年互相之间还有这么多话可讲，还有性生活，这他妈不是真爱是什么？,2017-03-22 03:15:10
2917,197,Obtson,推荐,作为Before的系列路，我终于在中年危机这里转了粉。Sunrise太甜，Sunset偏酸，只有Midnight酸甜苦辣都入了味。数度被台词戳中，我不得不一再提醒自己：那些只是台词，它们不是真的。,2014-01-09 18:41:34
2918,197,奶奶的熊,推荐,所以说想要长久地在一起，必须是有一方一直不厌烦地陪着做戏。,2013-08-14 16:38:23
2919,197,精灵王,推荐,最后男主的对话让我感觉像吃了屎，就好像在告诉我，现实就是这样，就算出轨了也要原谅，我也不可能一直哄着你，接受就继续不接受就各走各的，女主选择咽下这口屎,2022-05-02 15:38:21
2920,197,deb,力荐,"""We appear and we disappear, and we're important to some, but we're just passing through. """,2013-05-27 08:41:31
2921,197,张熊熊,力荐,飞一般的超越，硬生生的被朱莉的嘴炮给弄哭了。。那些随口就能背诵莎士比亚台词的人们是多么的可恶啊！那些吃个下午茶都在谈哲学谈人生的人们是多么可憎啊！那些连夫妻吵架都引经据典的男女是多么可怕啊！对彼此来说我们多么重要，可最终还是过客，我失去你，不是以死亡为界，而是再一次。。再一次。。,2013-07-24 15:36:01
2922,197,眠去,力荐,浪漫是浪漫，生活是生活。爱  是爱。这是三件事。它们相互不矛盾，不对立，它们只是，很难统筹兼得。（看到有恋人在我这条微薄里留言给另一半：“想在你拥有我的日子里，给你一个三者并包的人生。”默默地说，祝福你们！）,2013-07-13 22:21:15
2923,197,亵渎电影,力荐,他们的爱情一直让我想到哈利对莎莉最后的表白，“如果你知道自己想和谁一起度过余生，你会希望余生开始得越早越好。”十八年，从相遇相爱到这一部中被生活历练过的爱，柴米油盐和时间没有磨平爱情，反而让爱变成了一种习惯，太了解彼此，于是越来越难戒掉。期待九年后的续集了！★★★★★,2013-07-14 01:11:23
2924,197,如琢如磨蹭,推荐,是我太年轻还是怎么的，感觉结尾没收住。他确实和书店小姐上床了，可是他毫无悔意，还以为瑟琳也应该这样。这不是男人的自以为是虚伪自私是什么？所以他读信我也觉得怪恶心的。我真喜欢瑟琳啊，“我永远不会放弃希望”，说得真好。对比前两部，这部我并不想用更现实来形容，人到这个年纪，爱情已经不是全部了，所有的激情会被冲淡，但是瑟琳和杰西在注视落日太动人了，我情愿相信这世界上有爱情，没有一样爱情不是千疮百孔的，即使它再完美。我很难过，我觉得瑟琳只是算了，妥协了。两个人的状态真好，从同行的角度来说，他家在酒店吵架，瑟琳摔门而出的处理很低级，但也没有什么办法。复盘笑死，夫妻俩吵架阴阳怪气到极点，期待2022，希望还有。,2021-01-16 17:03:25
2925,197,蜉蝣,推荐,真好，你还能让我一次又一次的爱上。,2013-07-17 21:32:24
2926,198,林||我们谈什么都像谈死！,推荐,“我累了，不想活了，真的，我不想再像孤雁一样，我不想再过没有朋友的日子，我希望有人能告诉我该何去何从，我不想再看到丑陋的人性，我不想在每日承担全世界的痛苦。”讲的是耶稣么？十字架变成了电椅。,2009-01-08 21:09:57
2927,198,鱼丸粗面,推荐,片子缺少一种关键的非现实渲染，让人感觉离奇得难以接受，但是仍然是一部好片子,2007-03-14 11:34:04
2928,198,阿吉娃娃,推荐,"故事性很强的传奇宗教寓言式电影。神爱世人，而世人却不理解这份爱。人类摧毁了神迹，而神却不忍让世人背负这罪名。1.【you can't hide whate's in your heart】2.【What happens in the Mile, always stays in the Mile. 】3.【If don't help,don't tell him.Ever.】4.【awful tired life.Dog-tired】",2012-08-19 13:52:38
2929,198,欢乐分裂,较差,抱歉，我也没哭。。无来由的善良只会让人起疑，说教太过，奇幻太过，毫无逻辑。,2013-12-29 21:30:27
2930,198,朝暮雪,推荐,汤姆·汉克斯版《肖申克的救赎》。,2012-11-02 23:10:43
2931,198,燕爷,力荐,天使也怕黑暗。,2011-01-22 13:21:28
2932,198,巴喆,推荐,基督教的宣传片？！三个小时，从宗教上去阐述几个哲学命题：死刑、宗教、忏悔、善恶、宽容，人性。最后加入基督教的宣传语：来吧爱吧，人性深处，有爱就有奇迹！7.8,2011-12-24 00:08:55
2933,198,Eve|Classified,还行,看完第一遍不想再看第二遍。,2008-08-23 18:04:42
2934,198,20个小明≯,推荐,人是没法掩盖他们的恶的，即便骗的过一时但绝对骗不过一世，终有一日会败露！恶有恶报，与人为善吧…弗兰科和金真是黄金搭档，他俩的作品不会差，只是本片实在太长了，略显拖沓，可能有些难忍受，不过看起来不会让人生厌，冲突很强，一直牵着你看下去！看到了TWD里的戴尔，当时好年轻啊…,2012-08-31 15:57:26
2935,198,晨光荣耀,力荐,耶稣小传,2009-01-09 14:27:21
2936,198,蛋蛋,力荐,带着满脸的眼泪和鼻涕泡儿看完的,2008-05-30 13:17:04
2937,198,汪金卫,推荐,《肖申克的救赎》导演+汤姆汉克斯。居然是一部有奇幻色彩的片子。剧本打磨得完美无瑕。演员们的演技均可圈可点，各展所长。但一本正经地讲述这样一个离奇的奇幻故事还是无法让人完全信服。宗教色彩浓厚。角色脸谱化。而且三小时篇幅太冗长，可以砍到2小时。虽然没被感动到，但依然是一部用心的佳作,2013-08-13 17:40:23
2938,198,魏神陌那,推荐,共情能力是礼物，也是惩罚。,2020-06-06 19:33:00
2939,198,完颜穆尔登格,推荐,"中文名翻译成绿里神迹更好，西方信仰宗教的人是相信神迹的，黑人带来了上帝对人间的救赎，却被人间的恶毒伤害得太累。我的疑问在于，被黑人给予了长生的小老鼠和男主角，是幸运还是更久背负着人间痛苦。
人间巧合大概都不是巧合。今天早上起来，阿肥告诉我，我的兔孩子死了，之前每次世界外面旅行归来，北京的家里都有它等着我，现在我被疫情隔在爱尔兰不能回北京，快一年没见，它死掉了。它不需要感谢我养着它，我应该感谢它陪了我十年。我去了家旁边的教堂给它点蜡烛，都柏林的天总是阴沉沉的，但一束强光从马赛克窗子正好洒在我跪下的地方，我不是什么相信宗教的人，这一刻我看到了一点神迹。",2020-07-11 18:25:43
2940,198,Beryl,力荐,能把悬疑拍的好看我觉得有难度，虽然接近200分钟时长，但却不觉得冗长，值得回味的电影。,2017-03-13 18:28:17
2941,199,影志,力荐,《超人总动员》一家人的团结与各显神通、《冰河世纪》的原野放逐与聒噪搞笑、《勇敢传说》的脉脉亲情、《阿凡达》的奇观异景、《驯龙高手》的各色萌兽……前后呼应、没有一个多余的情节，过山车式爽快节奏，一路笑着哭。2014第86届奥斯卡最佳动画长片预定提名,2013-04-20 16:26:28
2942,199,城南草木生,推荐,「疯狂原始人」说的是一个地震高发以及pm2.5老是超标的地方只有中科院的男朋友才能拯救你全家的故事。=3=,2013-05-07 10:52:19
2943,199,张小北,力荐,梦工厂的动画片做成这样真没什么可哔哔的了。5星走人。,2013-04-20 21:54:39
2944,199,lola,力荐,没错，就是一部人看人爱，无可挑剔的片子！,2013-02-15 23:00:17
2945,199,伍德与夏洛蒂,力荐,绝对今年最好的动画片！我凯奇叔和石头姐配音赞爆了！泪点低如我最受不了梦工厂煽亲情！后1/3都在为凯奇叔流泪~老掉牙的外来乱入和一家冒险！但架不住拍的好啊！梦工厂拍成这样再老掉牙的设定我也乐意看！人见人爱无可挑剔五星五星！续集快到碗里来！裤腰带和坦克莫名的萌啊！结尾的飞翔太诺亚方舟了！,2013-04-20 22:15:49
2946,199,a little mark,力荐,对这种有笑点有泪点，角色可爱故事好看的动画片最没抵抗力了！！！那些毛茸茸的动物好萌，尤其是那只大喵星人！！呆萌呆萌的，看的时候我就忍不住想伸手去捏它大大的肉脸，一根根毛毛看上去那么逼真！！太太太爱那只了！dreamworks这几年创造了太多萌物，第一萌工厂当之无愧。,2013-03-29 07:34:41
2947,199,桃桃林林,推荐,很不错的合家欢动画。故事很简单，工具，使用火等道理让孩子也能很快理解，然后又植入亲情和勇气，结尾还略感动。整个故事又有很多惊险与搞笑的场面。第一段找早餐的段落真棒，即很精彩，又介绍了主要人物，性格特点及生活环境都出来了。这是编剧很常用的手法，却也很好用。,2013-04-22 14:44:44
2948,199,小斑,力荐,同样是「冲破阵规」的主题，这个比brave无论在选题还是故事上都有趣多了。远古生态环境的设定也很有趣。croods一家的戏份摆得很好，都个性鲜明又不会抢了主角的光彩。清新热闹流畅加一点小狗血。当皮克斯变成迪尼斯的时候，梦工厂变成了皮克斯。果然是「爱你就会变成你」，相杀相爱神马的。,2013-04-14 23:41:13
2949,199,古伦木,还行,现在好莱坞动画片太模式化了 永远都是在追求梦想或者冒险的路上有一个羁绊你的家庭/朋友，然后遇到一个靠谱异性青年/灵魂导师，经过艰难险阻重重误会发现家太阳最红毛主席最亲家人朋友才是第一位，最后无论遇到多么大的危险也不会有人死呢。所以如今只有喜羊羊才能不落窠臼了么(屁)。,2013-04-20 14:25:27
2950,199,阿德,力荐,基本上每分钟都是笑点，笑惨了好吗！绝对是今年大银幕上最搞笑的电影，且很可能没有之一！3D效果也超赞，色彩绚丽程度不亚于《里约大冒险》。我估计带我三岁儿子一起看，也会乐得屁巅屁巅，因为实在太老少皆宜了，这就是好莱坞动画的魅力。,2013-04-21 15:43:34
2951,199,欢乐分裂,推荐,家庭、爱情、冒险、飞翔、萌物、励志，梦工厂的各种元素几乎齐活了，欢乐如过山车；永远的父女情深，永远的误会冰释，永远的末日脱险，别说幼稚别说俗套，如果影院天天上映这等水准的片子，我也愿意天天去看！,2013-04-20 22:06:57
2952,199,谙,力荐,"梦工厂又回来了! 亲情, 爱情, 友情一个都不能少! 崭新的背景设定, 奇妙的3D画面, 非常立体的人物刻画! 是继冰河3之后我最喜欢的作品了. 按照第一部的开放式结局来看, 这后面2,3,4的续集那是妥妥的啊!",2013-03-23 09:29:08
2953,199,汪金卫,较差,也许是期望越大失望越大，我实在无法理解这俗套狗血的动画为何能有如此高的口碑。人物个个拥有吓人的金刚不坏之身。这哪是原始人，这不是地球人！这是超人！若不是画面不错，小动物们时不时卖个萌，我真差点看睡着。最后还是廉价的煽情+大团圆。信豆瓣评分的我傻逼了。我很怀念那些让我泪流满面的动画,2013-04-28 19:32:31
2954,199,诸葛若见,力荐,剑齿虎萌哭了( >﹏<。)～,2013-05-02 23:16:53
2955,199,大奇特(Grinch),还行,三星半，非常公式化，故事方面没什么突破，看到至少三部动画片的影子。以旅程为背景，家庭为己任来探讨两代隔阂（保守派和革新派）。胜在合家欢的人物，不断制造冲突和温暖人心。另外快节奏和伊甸园色彩为它增砖添瓦。,2013-04-23 14:11:39
2956,200,亵渎电影,推荐,满眼都是演技的片子，编导的功力都放在了两位戏霸身上了，一个皮包骨，一个异装癖，不是剧本给了他们多少戏肉，剧本多么偏袒他们，真的是这俩戏霸在用生命来演戏。其实这个从非法走私药物逐步到为人权抗争的故事本就很精彩，如今在两位戏霸面前，能让人印象深刻的也就是他俩的神演技了。★★★★,2014-01-04 23:43:57
2957,200,巴喆,力荐,马修麦康纳和杰瑞德·莱托，他们两不拿小金人真是没天理。现在打赌，2014金球奖和奥斯卡，最佳男主或最佳男配，他们至少一个，若没得奖我吃键盘，上图。立此为据！！8.6（PS：键盘君终于舒了一口气，2014-3-3。= =！）,2014-01-10 20:54:12
2958,200,芦哲峰,还行,绝症不可怕，绝望才可怕。绝育不算难，绝欲才叫难。,2014-01-24 09:04:26
2959,200,匡轶歌,力荐,男主、男配演技都破表了。上次见马修.麦康纳还是<林肯律师>里那个拉轰的帅叔，又屌又骚包，这部就眼窝眍䁖、腮帮塌陷、瘦到脱形的战艾斗士了。最诗意，是万千黄蝶绕身飞舞那一幕，如幻似真。对有些人来说，活着就是紧紧攥住意志力的缰绳，制服那头蹦跶公牛，尽量不从牛背颠下，能待多久，就待多久。,2014-01-08 13:26:41
2960,200,艾小柯,推荐,一流的表演，除口音尚可辨识，麦康纳已经完全成为了剧中人，Leto的表现也非常惊人，值得敬佩。平凡人在不平凡的状态下做出了超凡的选择，一个混混到民权斗士的转变之路，人终于超越了疾病。,2014-01-14 22:21:53
2961,200,陀螺凡达可,推荐,很不错的艾滋题材电影，同时涉及大量LGBT话题，本以为马修·麦康纳瘦成柴骨的奥斯卡级演技才是重点，但却是杰瑞德·莱托妖娆迷人的易装表演抢走风头惊艳全场。,2013-09-08 12:30:27
2962,200,桃桃林林,推荐,《瘟疫求生指南》的剧情版延伸，配合那个纪录片，将会了解他们的更多困难。这种正邪分明的片子虽然简单，但看起来很过瘾，两位男演员的努力让这部片子更有魅力。有几处细节很棒。比如超市遭遇旧同事，一场戏就把男主的立场和两位演员的关系转变都带出来了。杰瑞德·莱托比很多女演员都有魅力,2014-02-02 20:11:11
2963,200,走马,推荐,艾滋是那头无法驯服的野牛，骑上它掉下来只是时间的问题，很好的比喻。,2014-07-26 19:01:05
2964,200,同志亦凡人中文站,力荐,用最轻松的态度拍出了最沉重的题材，完全不加煽情的感染人心。男演员们演技都大发了，今年Jared Leto不拿最佳男配我特么就撕逼！！！！,2014-01-04 14:15:44
2965,200,CharlesChou,力荐,Jared Leto的腿比女人还美！！！Jared Leto的腿比女人还美！！！Jared Leto的腿比女人还美！！！Jared Leto的腿比女人还美！！！【说正事，这热血抗艾片真是百年难遇地好啊，仔细想想，能把life outweighs money这种俗道理包在热血的外衣下讲得这么动情深刻。fuck yea cowboy!!!!,2014-01-05 19:08:52
2966,200,davekozg,力荐,杰瑞德莱托必须最佳男配！演技好到发指！好到让人挠墙发指！马修麦康纳演技也好到爆，尤其是去墨西哥之前趴在方向盘上干嚎那一段，跪求两人冲击奥斯卡。一个沉重题材的电影却毫不伤感，最具震撼力量的是人性的真实，很难讨人喜欢的角色却让人充满敬意。PS：影片中段叙事节奏欠功力，五星是私心,2013-11-02 15:19:38
2967,200,Ron Chan,力荐,本片最打动我的地方是杰瑞德·莱托的那一句：“I don't wanna die”那种在垂死边缘挣扎的痛苦蔓延了整个电影，原来再堕落的人也有求生的欲望，而且他们比我们更痛苦，因为他们用玩世不恭来伪装自己。马修·麦康纳和杰瑞德·莱托的表演让人潸然泪下，他们值得一尊奥斯卡，直接五星送上！,2014-01-09 23:36:21
2968,200,Fran,推荐,根据真实事件改编的纯剧情拍到这份上值了 男主男配的演技真心狂赞！,2013-11-12 02:03:40
2969,200,杨迪,力荐,我想演戏想疯了,2014-02-26 23:30:32
2970,200,伯樵·阿苏勒,力荐,相比什么白宫管家、为奴十二载里面满满地高大上的要拿奥斯卡的春晚主旋律，这部浓浓地不屌反恐同和反艾滋歧视的片子才真是他妈地好看~里面精妙的小设计无数。男主、男配的演技完爆什么Jennifer Lawrence这种傻大妞~,2014-01-15 01:53:02
2971,201,Fay Kellum,力荐,电影开场一个半小时：卧槽原来这孩子是男的！！！,2015-10-20 13:15:26
2972,201,沉歌,推荐,小演员没提名最佳男主角，一定是为了把小金人让给莱奥纳多。,2016-02-21 03:01:03
2973,201,亵渎电影,推荐,小男孩才是真正的主角，故事站在受害者的视角上，讲心理自救，母亲努力让儿子和同龄的孩子一样，故事选择了一个非常有趣的切入点，环境改变到内心改变，一切都以小男孩的情绪展开，很有难度，所幸小男孩的演技是奥斯卡级别的，剧本是模式化的类型片写法，前一个小时非常完美，拍的工工整整。★★★★,2015-12-17 13:57:07
2974,201,傻乐的猫,力荐,Babadook 2.0.娘送我一颗烂掉的牙，我还娘一头秀发，这母子情的信物把那些男女，男男，女女，各种爱情全比得没影了。最爱的角色其实是奶奶的丈夫，是要多温柔善良的人才能耐心去慢慢抚平脆弱的小心灵。,2015-12-20 04:21:39
2975,201,影志,力荐,“我们不知道自己喜欢什么，所以每样都试试…这世界上有那么多东西，有时候还很恐怖，但是没关系，因为还是你和我在一起…”缩小的房间，变大的世界，2015像《阳光小美女》一样的惊喜黑马之作。结尾和房间再见有强力泪点：“再见盆栽，再见椅子一号和二号，再见桌子，再见衣柜，再见水槽，再见天窗…”,2016-01-03 21:17:49
2976,201,麻绳,推荐,被偷走的岁月，被伤害的生命，被禁锢的灵魂，终将被希望和善意救赎。,2016-01-11 00:56:08
2977,201,Pirouette,力荐,女警察询问那段。。热血沸腾,2016-02-05 18:49:34
2978,201,黄青蕉,力荐,确实好电影，低成本，无炫技，本以为会很无聊，没想到俩小时里基本没有走神的时候,2016-03-01 10:27:01
2979,201,欢乐分裂,推荐,3.5入；被小主角打动好多次，那个在成人眼里充满黑暗龌蹉的“房间”，却是他童年梦幻的乐园，可以和光影追逐，可以和家具嬉戏，孩子无穷的想象让密闭空间变得无穷大，前半部拍得既美丽又残酷；融入外界后线索较芜杂，没有处理好，“你又救了我一次”和告别仪式真催泪。,2016-01-05 22:57:32
2980,201,同志亦凡人中文站,还行,真人真事改编，可惜拍得流于表面了，完全没有被打动到。顶着锅盖说一句：小男孩演得其实比妈妈好...（第一次看女人在电影里素颜这么久）,2015-12-17 11:17:36
2981,201,xīn,力荐,获救或创伤治疗的故事本身俗套，杰出之处是对那个孩子经验的世界的展示，我们都曾独有那个先验的经验主义的特异时空，却最终被这个符号的单一世界取代，有人温柔告别有人没有告别有人甚至忘了它的存在。问题不在于world解放了room，而是我们应该将room扩展至world，如果这真的是德勒兹的世纪。,2016-02-01 22:34:01
2982,201,20个小明≯,力荐,在房间里你是我的全世界，走出房间也不会害怕，因为我们依然在一起…这句话是孩子说的，但同样适用于母亲，甚至可以说其实是孩子拯救了母亲！片子从孩子的角度出发，看似容易接受些，但实则更让人觉得残忍，男孩的独白好多地方直戳泪点，无耻弗兰克来演外祖父很出戏，最后这条线也不了了之了,2016-01-06 23:31:12
2983,201,帕拉,推荐,用孩子视觉掩盖一个冰冷世界，第二次走出“房间”说byebye才真正的走出了房间。“我是个坏妈妈”“但你是妈妈”。世界险恶，但还是很美好的。故事不煽，依然感动。,2015-12-19 01:06:03
2984,201,曹笑天,力荐,最可怕的人不是老尼克，而是傻叉男警察。,2022-12-19 01:14:19
2985,201,匡轶歌,推荐,小童星的演技天分闪耀，令人惊叹，不是该给个表演奖的问题，是险些威胁了小李子。故事讲述了两次出逃：一次是物理性、空间性的；一次是精神性的“心牢”，说导演后半段跑题走偏的，大概心理预期只满足于看个惊悚片。原声音乐的作者是谁？中间高潮部分完全照搬<点球成金>的一段旋律，听得也是出戏。,2016-01-09 15:32:13
2986,202,裸踝,力荐,我要一只泰迪熊和一个舞男乔。,2008-12-07 11:43:14
2987,202,LipingTaBaBa,还行,有点拖沓,2006-07-03 02:09:59
2988,202,它它爱妮鸡,推荐,那只熊在自己缝自己！！,2007-11-03 16:29:17
2989,202,战国客,力荐,很奇怪，看斯皮尔伯格的电影，即使有些场景拍摄得十分感人，但总是不能让我从心里感动，可能是觉得太商业了，太刻意了？,2008-06-05 01:31:54
2990,202,匡轶歌,力荐,每看这样的片子，都对人类更绝望。卑鄙、愚蠢、自私、懦弱、残暴，实在是宇宙间最丑恶的生物。别怪塞林格会说：我认识的人越多，我就越喜欢狗。,2008-11-09 03:37:14
2991,202,亚比煞,力荐,有些电影，是你在当下觉得了了，而今后偶然回想起某个片段，才会为它痛哭一场的，比如，戴维从残破的大厦上落入水中的那一幕。my love is real，but I‘m not。,2010-12-16 16:37:49
2992,202,Su,推荐,如果不能爱我很久，为什么要启动我爱的程序？,2012-04-25 12:15:54
2993,202,ⒹⓎ,推荐,那个小男孩真的很会演戏,2006-02-11 13:08:40
2994,202,LEMON酱,推荐,大卫固然可怜，可小熊比他可怜。每一个都渴望家人的爱，可惜小熊在所有人眼中都只是玩具，包括大卫。虽然他有和大卫一样的思维，却没有和大卫一样的外貌。,2017-03-04 12:04:38
2995,202,朱欢尘,推荐,因为这爱实在不像孩子对母亲的爱，所以虽然深沉永恒，却没办法让我感动……Monica不能算是坏母亲了，在她的立场上。只能说人工智能/克隆这种事本身就有很多的道德困境。最打动我的反而是泰迪熊，以及两千年后先进的外星生物身上体现出来的“人文关怀”。他们如此在意David的快乐，想尽办法实现他的心愿,2017-10-06 21:58:18
2996,202,马七柒,推荐,我不想要蓝仙女，但是我好想要那只泰迪……,2010-02-11 01:41:13
2997,202,暖鱼,推荐,实在没想到这是一个跨越两千年的故事！！泰迪熊很有意思！！仍旧还是不明白，为何好几部科幻都是阴暗的环境基调。一个不能吃饭，难有共同生活的“机器人”如何融入人类生活？人类连自己的异见都难待见，更何况非同类。屠宰场，也有意思。。。,2009-06-28 19:51:23
2998,202,momo,推荐,让永生的物种懂得爱真是太残忍了,2021-04-05 20:46:15
2999,202,老阿飞—故园,力荐,"看到片尾的时候，始终不能忍住眼泪。
我存在，曾经。",2006-01-08 17:41:20
3000,202,笒庐闲话Asuraa,推荐,这孩子真拧啊！！！话说JUDE怎么能帅得象假的一样。,2010-07-23 22:38:53
3001,203,囍夭夭,还行,中国式内在的美国电影。。。,2009-11-19 23:03:49
3002,203,时间的玫瑰,力荐,早期的剧，译名那叫一个经典，那个时候有匠人精神。,2009-12-06 17:02:43
3003,203,果酱☮,力荐,真正的经典电影绝非是口口相传，继而跟风装B，而是即便过了那么多个时代，如今看来依旧让人发自内心由衷地喜爱它称赞它。此片真的是经典，费雯丽的表演震慑人心令人难以忘怀。尤其是从她极为迷人的大眼睛流露出的眼神里包含着的各种情绪（而不是像如今很多女星那般眼大却无神），羞涩甜蜜幸福绝望绝决,2009-02-19 05:45:50
3004,203,Rivers,力荐,山盟海誓玉人憔悴 月缺花残终天长恨,2010-01-24 11:31:11
3005,203,宋小君,力荐,那么多爱情，都在等待中蹉跎了。别让你爱的人等你太久。,2012-07-15 23:01:30
3006,203,战国客,力荐,经典！只是一切已经走不出《乱世佳人》的影子了~~,2009-06-06 11:14:43
3007,203,铎奇,推荐,真爱不是订婚之后隔天就跑去打仗再无音信，真爱是一起去车站揽活儿。Kitty才是真爱Myra。,2012-12-20 04:30:48
3008,203,宇宙,力荐,小时候跟妈妈在电影院看的 还记得妈妈哭得不成样子 爱情 尤其是残破的爱情 是可以穿越时空 打动任何人的,2008-04-28 15:01:46
3009,203,朝暮雪,推荐,身体是你自己的，你不需要为自己失身而感到抱歉。,2017-04-19 10:23:49
3010,203,遇见彩虹🌈,力荐,《魂断蓝桥》不愧被誉为电影史上三大凄美不朽爱情影片之一，看过很多遍。,2017-11-22 13:01:12
3011,203,冰红深蓝,推荐,片子本身中规中矩，费雯·丽演技要加分！全片明确回避了“prostitute/whore”词汇，爱情戏也拍得比较克制，滑铁卢桥自杀场景的剪辑很棒，主题曲《Auld Lang Syne》闻名遐迩，让人百听不厌~ 但个人极度不赞成电影宣扬的这种保守甚至扭曲的价值观，更喜欢女二号的性格和思想。（8.0/10）,2015-03-21 14:29:35
3012,203,Lika,力荐,玛拉的自尊心是男权社会的产物，也就是男性凝视下的自我审查，断裂的经济地位降低了寻找出路的可能性。’I never loved anyone else.I never shall. ——that’s all I wanted to know’ 不管是光明，稻草，时至今日，男性也应该做出更多，就像罗伊一样。叔叔团长的舞蹈助力、闺蜜kitty、芭比娃娃男主，40年代就已经开始闪闪发光的意识形态。玛拉的“内卷型”善良，永远真实，一定程度上暗示，爱情的完美主义是精致中产阶级的独享与作秀，其他人所期待的完美结局也许永远只是泡沫与幻想。还有另一种语境，无他，这就是没有其他杂质的，如我们期待的，激动人心又让人落泪的爱情。,2020-04-15 15:51:39
3013,203,SELVEN,力荐,95/100 他那么帅，她那么美，他们坠入爱河的速度比我18岁谈的网恋还要快。她是个悲观主义者，她把事情设想的糟糕是为了有一丁点好事发生的时候都会快乐。这部电影对儿时的我产生了很大的影响：永远不要把自己送上没有回头的路。电影奉献出一段最经典的火车送别，饿的饥肠辘辘的她却收到他的玫瑰。,2016-10-25 01:05:31
3014,203,海心,力荐,一对璧人。彩色版的费雯丽美若天仙。,2008-01-20 17:06:37
3015,203,momo,力荐,超级经典，女主最后的悲痛和绝望，真的太让人心疼了,2016-12-22 22:34:48
3016,204,喵尔摩丝,力荐,棠府群娥，个个明是一盆火，暗是一把刀。深宅大院，夜半三更，最宜粉墨登场。你只道这群贼婆娘干着双手染血的勾当，咒诅她们永堕无间地狱，却不曾想如果活得不这样机关算尽，那人吃人的弹丸之地，怕是也不容她们立足。迎来送往，不过本能，血雨腥风，哪来往生极乐。此间便是地狱，人不像人，鬼不像鬼。,2018-04-04 23:11:15
3017,204,西楼尘,推荐,棠宁上了逃难的货船，注定靠不了岸。吸了权欲的烟，休想借药片安眠；棠真上了求爱的列车，注定到不了站。捡了绝情的果，别想靠红绳还愿；月影上了独返的飞机，注定落不了地，断了观音的手，甭想凭佛咒往生。三具假面，是权欲的人头、绝情的鱼头、观音的水头。长命百岁万年富贵，是我送你最恶毒的祝愿。,2018-04-05 15:10:18
3018,204,基闹,推荐,全员恶女的戏，哪有不好看的。,2018-04-04 23:03:05
3019,204,齊克斯尼力佐飛,推荐,年纪轻的渴望爱情，长大了的向往自由，年长的沉迷权力。都是作茧自缚的典型。,2018-04-13 08:23:31
3020,204,奈奈生,力荐,棠宁，三代人里最有“人味儿”的，放纵的情欲，看戏的落寞，孤注一掷的逃亡，拍得既美又惨烈。,2020-10-17 22:38:21
3021,204,朝暮雪,推荐,《嘉年华》和《血观音》应该连着看：如果你看到别人被强奸，明明掌握证据却不发声，那么下一个受害者就是你。,2018-04-04 19:08:43
3022,204,桃桃林林,还行,野心很大，水平一般，荒诞感远不如预期。演员表演也比预想差,2017-11-21 21:32:23
3023,204,KitajimaJunko,推荐,完全诠释「公主命丫鬟身」。碧绿的翡翠和精致的丝绸底下一肚子坏血坏心肠；看似清正廉明的官僚政治底下暗藏勾心斗角的险恶腐败；又哪有什么海誓山盟的爱情。名门闺秀的复杂身世铺撒了一张血色巨网，浓郁色调的画像之下藏匿着帧帧剧毒。被电影美术和演员表演惊艳，故事与影像，摄影与音乐极为融合搭调。,2017-11-19 17:39:44
3024,204,黄青蕉,推荐,导演快去拍张爱玲啊！惠英红快去演女黑社会老大啊！,2018-04-05 22:29:27
3025,204,风间隼,力荐,这就是一女版《教父》啊。开头的盛宴，心黑手狠的港婆将军夫人，背后是缅甸残军，身旁是新晋党魁，足够脑补出一部百年中国近代史来了。惠英红、吴可熙的母女表演精彩，从透露私情的睚眦到最后撕毁遗嘱让外祖母受活罪，小女孩一路黑化，可惜表演一般。镜头很有味道。盲眼说书艺人讲冥府报应很赞。,2018-05-05 22:22:04
3026,204,fantasy   *,力荐,棠宁是三个女人中最单纯的那个，看似情欲放纵的她，只是自己母亲的一颗棋子，她多么希望母亲可以放她一马，于是他只能每天在烟酒与情欲中麻痹自己，最后孤注一掷的摆脱修罗场，“妈妈爱你”成为了最后的遗言，真是又浪漫又悲情。,2022-04-24 00:15:47
3027,204,蚂蚁没问题,力荐,我没觉得野心大执行不够，没觉得用力过猛，是恰如其分烂熟的苹果，三代女人的故事，无不精彩，对白与镜头透露出的内涵也很棒，亲情笑里藏刀，爱情全都幻灭，三刀六洞，鲜血淋漓，痛快痛快,2018-04-04 21:38:45
3028,204,影评人 杉姐,力荐,想给满分的电影，很震撼虽然黑到不能理解，但生活中确实有这般把儿女当做名牌包一样的父母，对白全部都是茶余饭后的闲谈，却句句道出政治的黑暗和人性的丑恶，没有一句废话，连唱歌都是以词表意。电影很美，形式感极强，很多地方前后有互文，镜像表达、落地的苹果、糖果、子弹壳等等。一部很精美的作品,2018-04-09 15:53:59
3029,204,Mr. Infamous,力荐,仿佛鬼片。那些女人披着精致画皮，内里尽是鬼胎坏肠。名利情貌都要，那就用最狠的心，把谎言、色相、笑颜、无辜编织成无坚不摧的心术。配合那音乐与景别，真如恶鬼夜行，环环相噬，需知哪怕是心经，也念出邪术的可怖，而那观音，一直洞观这血光之灾。红姐必然好戏，吴可熙很惊艳，傅子纯好帅。,2017-12-24 17:56:55
3030,204,陈哈,推荐,《大佛普拉斯》讲活在地狱的人，《血观音》讲活在人间的鬼。主要角色基本上都是一脸鬼气。惠红英：我看淡了...不过没经历过狠，怎么会看淡。她说的狠是亲自送出女儿的命。Marco:哪有山盟海誓，每次都是她（富家小姐）扣押我东西让我走不成。所谓爱情，不过是养个底层性奴。,2018-04-06 13:47:59
3031,205,maud,还行,难道没有人觉得剧中女主之间毫无火花吗？无法超越英国版本呀,2016-05-15 01:29:59
3032,205,林西拿,力荐,「我只是個喜歡骯髒故事的老頭子罷了。」 這句話是朴贊郁的自白吧！,2016-07-28 03:16:50
3033,205,樹一,还行,下女以为骗过了纯情的小姐便可囊收她的万贯家产，小姐以为和假伯爵勾搭就能逃出姨夫的魔掌重获自由，假伯爵以为自己布下了万无一失的套中套没想到被反将一军，而观众以为两位率真的女性赢得了这场游戏并宣告女权主义在荧幕上的胜利，事实上还是被男权视角消费了身体。,2016-10-12 02:23:11
3034,205,劳勃狄尼洛,推荐,最喜欢的一个镜头是：两个人趁着夜色，提着行李，以相同的频率打开一扇又一扇的门，然后跑过巨大的樱花树，去呼吸自由的空气去拥抱广阔的天地。,2016-07-28 23:43:48
3035,205,影评终结者,力荐,性、做爱、器官、暴力、粗口、药物、剁手指、章鱼女优、蛇与男性生殖器的象征现以及特写展现器具缅铃用法、大尺度裸体和露骨情色台词也并没有让影片显得廉价或艳俗，而影片的镜头画面布局灯光服装美术摄影构图声效几乎做到极致，尤其整部电影用音乐带出的氛围，只能用一个词来形容，那就是“魔性”。,2016-05-31 23:51:39
3036,205,GQ----,还行,看完了 怎么说呢画面配乐没得挑 但仍然仿佛看了一部毛片 果然英国的小说还是得英国来拍,2016-05-19 11:35:37
3037,205,小野蛋子,力荐,能和秀子小姐睡一晚，下半辈子愿意被关进疯人院,2016-07-04 01:00:28
3038,205,六等星星,力荐,只有女孩子在知道她以前过那么不堪的生活，第一反应是帮她报复吧！,2021-04-18 19:05:13
3039,205,💛,推荐,我懂为什么金敏喜能睡到赵寅成了。嗯,2016-05-18 23:01:51
3040,205,Touma,推荐,我觉得我可能是les。。。,2016-07-30 15:30:09
3041,205,匡轶歌,推荐,好看吗？好看。蕾丝性爱以超前尺度登上大银幕。但女权吗？并不。朴赞郁不过沿袭一贯对情欲、暴力、阴谋的探索套路。就像<斯托克>里的蜘蛛意象，<小姐>则搬弄了所有东方的欲望符号：北斋的章鱼、浮世绘春画、金瓶梅…但动机并非对女性欲望的支持，而是A片一样情色奇观的消费，取悦的依然是男性凝视。,2016-07-29 13:54:29
3042,205,同志亦凡人中文站,推荐,如果说“道熙啊”是韩国女同文艺片的代表作，“小姐”就是韩国女同商业片的第一座高峰。千回百转的阴谋阳谋，诡丽精致的朴赞郁美学，以及难得的HE结局。也许戛纳不会待见它的娱乐性，但同志电影恰恰需要这样的进化和剑走偏锋！,2016-07-15 20:02:42
3043,205,西楼尘,推荐,水银烟抽了一口，他是浪子也风流，机关算尽只为攀上枝头；鸦片酒抿了一口，她是小姐也忧愁，庭院深深只愿冲破牢笼；黑莓糖含了一口，她是仆人也娇羞，交颈缠绵只可握住你手。三部分把细节拼凑，宅院精致典雅的朗读盛宴，牵连出几个笼中人的命运交合。吊死人的不是白绳是绝望，溺死人的不是缅铃是欲求。,2016-11-22 15:33:51
3044,205,桃桃林林,推荐,三星半。感觉朴赞郁主要的兴趣点还是植入个人的恶趣味，那些黑暗、色情的东西。因为太熟悉英版，剧情本身兴奋度不高。第二部分开始更多改变，更黑暗，更邪恶，更情色的显示，尤其更多言语的色情，比「卡罗尔」更多的女同花样。以及，终于知道铃铛怎么用了。女新人表现不错，美术很好。及章鱼的自我致敬,2016-05-15 04:15:10
3045,205,牛腩羊耳朵,推荐,4 在原著的加持下，朴赞郁的反转终于没有那么意料之外同时情理之外了。首段规规矩矩半遮面，中段情色戏法女同交合齐上阵，尾段非但不给直男留个情欲宣泄的出口，还要让他们互相虐杀，直男观众估计看了会又硬又软，无所适从。,2016-05-14 20:13:17
3046,206,潋 | Béatrice,力荐,absolutely fantastic！不哭闹、不控诉、不暴力、不煽动，用出类拔萃的才华让质疑者闭嘴，用真诚、努力和时时刻刻对自己权利的争取来赢得机遇和认可，机会和人生都是自己创造出来的。作为同样每天都面临种族和性别歧视的人，被这部电影的无数细节狠戳泪点。最后，向三位女性先驱致敬。,2017-01-01 15:04:34
3047,206,朝暮雪,推荐,谢耳朵做梦也没想到，他也有智商被碾压的一天。,2017-01-23 03:57:15
3048,206,同志亦凡人中文站,推荐,爱国主义＋肤色平权＋女性革命，这个时候比任何时候都需要政治正确，因为只有在失去它后我们才发现它的不可或缺。曾经黑人需要坐在隔离区，曾经女性不能进会议室，有偏见就会有第一个打破偏见的人，历史不会永远hidden。,2017-01-22 18:58:01
3049,206,铎奇,推荐,"NASA还是好。眼泪盈眶好几次，明知道是电影刻意为之，还是买账。身为学界女性，类似事件多多少少都遇到过，知道有多不容易。""I know you probably believe that.""",2017-01-18 09:08:07
3050,206,柯里昂,推荐,必须说，对本片的喜爱胜过隔壁的月光男孩，即使抛开肤色和性别，本片的题材和故事仍旧能够引人入胜，任何丰功伟业的背后都少不了“Hidden Figures”，三位女性在“种族歧视”和“性别歧视”的种种压力下所表现出的坚韧和勇敢无法不令人动容，相比之下，肯尼迪和马丁·路德·金的演讲似乎也只能沦为陪衬,2017-01-18 15:26:41
3051,206,鲁闽,力荐,这部电影当然是讲黑人平权，但其实也讲了一句更加朴素的真理：机会是给有准备的人，肤色让这些黑人女性本能地更具有危机意识。,2017-02-06 22:57:17
3052,206,私享史,力荐,作为一个黑人女科学家的三座大山：第一座是肤色、第二座是性别、第三座是肤色加性别。,2017-01-28 09:48:39
3053,206,匡轶歌,推荐,很好看！平权片不是太多是远远不够，希望每年至少一部。种族和性别歧视的双重困境下坚持伸张自身权利，三位女性先驱的态度和魄力可爱可敬。尤其法庭上面对白人男法官那句从容而掷地有声的宣示：“我无法改变自己的肤色，因此我别无选择，只能成为历史第一人”。是的，历史总是由“第一人”率先翻页的。,2017-01-28 21:43:29
3054,206,饮歌,推荐,三个女主人公的不卑不亢和笑对人生真的非常迷人，她们不断创造新生活的积极态度被这部细节和感情都充沛到溢出来的电影赋予了极强的感染力。在处处讲求“政治正确”的今天，这部也许不是最好的黑人电影，但绝对是今年一部不容错过的黑人电影。,2016-12-26 10:20:29
3055,206,粽人府,力荐,鼓舞人的是，影片没有歇斯底里控诉黑人如何受到不公待遇，不悲情，不煽情，不滥情，而是用实际行动去证明自己能力和价值，这才是对待生活压迫应该有的态度。向她们致敬。,2017-02-02 00:26:35
3056,206,哪吒男,推荐,“我无法改变肤色，我只能成为第一人。”一甩平权电影苦大仇深的套路，对几个超级大脑的刻画着重于勤奋与隐忍，不吹不黑也能塑造出富有感染力的人物。这部电影完全不需要“政治正确”的保护色，拿下三项（陪跑的）奥斯卡提名实至名归。,2017-01-25 02:57:21
3057,206,Ann,力荐,"Amazing work by those heroes behind the scene!我们今天所享受的一切平等与不那么平等，都是由无数女性、少数裔前辈斗争得来的。其中受教育的机会是我最感恩的, never take anything for granted.",2017-01-16 07:57:16
3058,206,Sophie  Z,推荐,NASA的黑人女性科学家不能和白人共用同一个洗手间，必须去隔离的colored bathroom，而这是距今不到60年的事情。Minority group眼前的一切机会和平权都不是理所当然的，striving for excellence是最好的赢取尊重的方式。,2017-02-01 11:08:06
3059,206,戴皮卡丘帽的熊,力荐,主线剧情紧凑，三个女主各有各的故事。每个人都在用不同的方式为着同一个目标抗争着。叙述十分平铺直叙，对于当年的不平等不加重描写也不一带而过，反而更加有力。副线情节有点连不上，Jim Parson真的努力在不演Sheldon了但是这个角色实在太像，辛苦了。配乐大赞。,2017-01-07 12:30:36
3060,206,一念,力荐,看完有种立刻投入工作当中去的冲动,2021-02-12 21:22:46
3061,207,单线程青年,力荐,抵制血钻~~~BS为了小破石头的虚荣而不惜以采钻者血的代价来实现的女人们~~~要是我吗，冰糖也能当钻戒,2007-04-05 08:12:52
3062,207,布宜諾斯,推荐,但愿看过这片子的人以后都不再向往钻石,2008-09-20 13:29:59
3063,207,大头绿豆,推荐,又是一个Leonardo适合的角色，彪悍的小混混。“几内亚，100万人的非洲第二大难民营，但在电视上，最多只能播1分钟新闻，在体育和气象之间。”,2008-03-03 09:00:27
3064,207,海心,力荐,每个国家都曾经是非洲,2008-01-20 17:11:12
3065,207,🐖,力荐,如果早拍10年并换个更有质感的女主，比如年轻时的梅里尔斯特里普，这部片应该能成为另一个走出非洲。除了探讨血钻主题，事实上影片也探讨了很多其他的宏大命题如战争、儿童兵、不绝对的正义与邪恶、生命的意义等。且并不显得突兀，很好的融合在剧情里。剧本有张力，Leo表演很赞。后半程配乐不错。,2011-03-03 23:22:16
3066,207,冰红深蓝,力荐,影片并非毫无瑕疵，也确实不够深刻，但在同类题材中已是翘楚。非洲的种种深重苦难、内战和血钻的残酷来历都令人震撼，片中还借女记者之口自讽我们都在消费别人的痛苦，一语中的。剪辑和摄影都可圈可点，小李子演技好到让我第一次真正喜欢上他了。故事本身十分沉重悲怆，詹妮弗康纳利太养眼。（8.8/10）,2015-07-19 01:18:46
3067,207,dormant,还行,套着uncle sam一贯的假惺惺救世主外衣，其实就是纯popcorn片，看着挺娱乐的。,2006-12-25 21:39:27
3068,207,白一刀,推荐,“几内亚，100万人的非洲第二大难民营，但在电视上，最多只能播1分钟新闻，在体育和气象之间。”,2010-06-30 16:26:11
3069,207,范小奚,推荐,这部片子让我记住了leo的演技。,2008-07-18 13:21:12
3070,207,罗弘霉素,力荐,小李一直在努力，非常非常努力，虽然冲奥之路很坎坷，但是这些历练一定不会白费。期待你的《胡佛》《了不起的盖茨比》,2012-01-09 12:18:52
3071,207,幸福的奶黄包,还行,对于这样的现实题材电影，真的是不好评价。明明是略显文艺的剧情片，却拍的和爆米花电影一样，就像机器加工出来的，煽情部分和动作场面被安排得严丝合缝，刚煽完情就打架，打架打累了再煽情。但是电影想要表达的东西是值得关注的，钻石行业的内幕以及非洲社会的军事安全，让人触目惊心。,2014-12-11 01:52:00
3072,207,17950,推荐,好题材，好风景，好音乐，好演员，普通片……,2007-01-22 12:51:18
3073,207,鱼丸粗面,推荐,基于背景值得一看；丹尼最后的选择有点突兀,2007-08-25 23:12:25
3074,207,六月安生,力荐,没有买卖就没有杀戮，这样的非洲是我不曾了解的！,2012-01-15 21:52:51
3075,207,唐喜乐,推荐,来昂非凡的演技，非洲大陆的美丽风景和血腥现实。,2007-03-30 20:23:45
3076,208,粟熙,力荐,剧情是晦涩的，场景描绘是牛B的，音乐是难以忘怀的，意义是划时代的。,2009-03-18 19:48:18
3077,208,芦哲峰,还行,上承银翼杀手，下启黑客帝国。,2011-07-27 10:16:00
3078,208,同志亦凡人中文站,力荐,革命性动画，看到了后来“黑客帝国”、“盗梦空间”等片的雏形。关于生命体的进化和繁衍、人类意识的植入和剥离，充满后现代的哲学思考。震撼！,2016-09-16 08:57:54
3079,208,一一,推荐,7.5/7.9 我想押井守做为一个日本人他与西方人截然不同的是他意识到操纵这个未来世界的不是华丽的想象，不可思议的科技或者是花哨的打斗，而是人本身理智与感性的不断矛盾冲突，这个冲突在物质化世界所激发的人的情感上的忧伤与绝望将缠绕人的灵魂久久不能散去，无论他们的肉体是如何铁一般强硬。,2009-06-17 04:06:06
3080,208,匡轶歌,推荐,《攻壳机动队》从《神经漫游者》《银翼杀手》扒梗，《黑客帝国》又从《攻壳》扒梗…，徒子徒孙一片繁荣之际，作为 cyber punk 开山老祖宗的《神经漫游者》却直至现在都没有被拍成电影…然后还有一帮无知的瓜娃子读过小说后埋怨它“太过时”。啊呸！它不是“过时”，是【太超前】，是开创和预见了一个时代，好吗？,2015-06-29 19:47:13
3081,208,荞麦,力荐,1995年的作品，确实是神作。但印象最深的是配乐，尤其是一段毫无意义的破败街景配合着音乐和雨……在科幻中运用非常传统的日式配乐和声音真的太棒了。,2016-03-05 23:57:00
3082,208,桃桃林林,力荐,我来晚了,2007-09-02 11:33:09
3083,208,战国客,推荐,这还是动画片吗？,2009-04-04 16:33:21
3084,208,伊谢尔伦的风,力荐,巴特第一次被甩。,2011-04-13 13:47:53
3085,208,木卫二,力荐,你中有我、我中有你的存在困惑，造福人工智能题材的经典电影母题，新与旧融合的香港城市灵魂，深水静流的川井宪次配乐……中间起《傀儡谣》的疏影摇曳雨中城市，制造出了凝视深渊的人类命运忧伤。,2007-05-26 20:26:20
3086,208,米粒,力荐,屌，从头至尾都让人惊叹啊，虽然说像银翼杀手可的确又是另一种感觉，日本人的哲学吧。配乐真是太赞了，有洗脑的作用！用桃姐的话来说就是“我来晚了”。。。,2012-08-26 03:52:58
3087,208,女儿吃鸡腿联会,推荐,想完全看懂还真有点难度,2011-04-25 12:41:58
3088,208,巴喆,力荐,基督、卢梭、黑格尔、叔本华、尼采，都是西哲概念的具象化啊！8.8,2014-05-13 23:45:18
3089,208,UrthónaD'Mors,推荐,看看头就知道要给怎样的评分了，其中某些场景很银翼杀手的感觉。色调是偏冷的，人物或者说傀儡复制人是没有生命而空洞的但看到最后被撕裂被爆头还是有一种心痛感。,2011-05-13 15:19:35
3090,208,欢乐分裂,推荐,#SIFF#主题曲泛起，浑身鸡皮疙瘩，末世荒凉气氛，不乏妖冶迷离，配合香港雨夜，具有摧枯拉朽的美；超越既定界限的大生命观，记忆、灵魂以及意志，都具有独立人格和生存空间，对「生命」意义的终极探索；缺点是太短了，看不过瘾，比真人版好看100倍。,2017-06-22 20:21:40
3091,209,Oliie~,推荐,"谁能想到索尼居然在2018年的最后一个月用一部超级英雄动画挑战了迪士尼在动画奖项上的霸权？
虽然主题上还是老调重弹，但动画在内容和形式上的选择远比真人影片自由。漫画式的视觉呈现，极具个性的色彩搭配，诞生了最贴近漫画原作的蜘蛛侠作品。六个蜘蛛侠各具特色（其实不止六个），但颓废版的Peter Parker无疑是我的最爱：一个步入中年，陷入人生低谷，却依然有着自我牺牲精神的英雄。哪怕嘴里说着不要让我听到“能力越大，责任越大”，却还是身体力行地实践着这句话，蜘蛛侠精神的最完美体现。
最佳蜘蛛侠电影！最佳斯坦李彩蛋！最佳片尾彩蛋！",2018-12-02 17:20:57
3092,209,桃桃林林,推荐,今年最好看的动画长片了。视觉实在太突出，冲这个就可以二刷了。还有很强的漫画感，各种字幕、对话框、随心所欲的画风与丰富的视觉元素。同时，剧情也不落后，精彩又有趣，何况还有六个蜘蛛侠大聚会。能把一个老套的超级英雄成长话题，讲得这么吸引人，甚至还有泪点。片尾字幕致敬了斯坦李，以及，千万不要错过最后的彩蛋哦，非常好笑哦。,2018-12-06 19:20:27
3093,209,影志,力荐,每一分钟都是惊喜！爸爸我爱你、零鸭蛋、卖蜘蛛服的收银员斯坦·李、“让他良心不安！”、穿斗篷的蜘蛛侠、有肚腩的中年发福版蜘蛛侠、蜘猪侠…哈哈，先笑一会儿…“知道自己不是一个人的感觉真是太棒了” 整个观影心情就是：新奇-大笑-感动，此起彼伏接连不断。“最让我们难受的是，你不能每次都救得了人” 机甲蜘蛛侠装备损坏时的那个“爱你”，是堪比《月球》Gerty机器人出现落泪表情的感动瞬间。爸爸的那句 “有时候人和人的关系会变得疏远，但我不希望这发生在我和你身上” 简直让人暴毙。这部电影就连剪辑、配乐等技术都是动画里的一流，2018年度动画最佳！,2018-12-15 16:52:58
3094,209,朝暮雪,推荐,"1.电影讲述男孩迈尔斯被受到辐射的杨永信咬了，变成磁爆步兵、雷电法王，获得“电击疗法”的技能，从而打败敌人的故事。
2.白人、黑人、男人、女人、大人、小孩，甚至猪都当了蜘蛛侠。
3.从《独立日2》到《毒液》再到《蜘蛛侠：平行宇宙》，QQ的业务已经拓展到了外国、月球，以及其它宇宙，腾讯已经称霸银河系，成为宇宙第一企业。
4.电影很戳泪点。
号称“最丝”的超级英雄都穿上了OW联名AJ1，我看着自己的阿迪王默默哭出了声。
5.一年死两次彼得帕克，每次都有新感觉。",2018-12-16 17:14:38
3095,209,舌在足矣,力荐,自山姆·雷米「蜘蛛侠2」以来最佳蜘蛛侠电影！无论是漫画式的画风，还是迷幻的色彩，动画的形式彻底释放了多元宇宙的潜力，第三幕的异次元大战更是好莱坞动画近年来最具想象力的一幕。文本方面，既有蜘蛛侠一贯的成长的烦恼，还通过平行宇宙引入了超级英雄的中年危机，更不用说对蜘蛛侠系列各种老梗的致敬与恶搞，以及可能是最好的斯坦李客串。最讽刺的是，这片里出现的每一个蜘蛛侠都比现在MCU里荷兰弟的版本有趣,2018-12-10 10:27:02
3096,209,亵渎电影,推荐,看了场IMAX，非常爽，比真人版的超级英雄电影更爽，特效场面非常酷炫，而且还干净，画风就像漫画分镜直接动起来，有很多想象力和表现力爆棚的镜头，是真人电影无法达到的，这就是动画的优点，就算它画一些真人做不到的东西，你也会相信，还会觉得酷，因为它是动画有别于真人电影的魅力所在。虽然有7个蜘蛛侠，但还是噱头式的彩蛋人设，7个蜘蛛侠更是共用一个演过无数遍的老掉牙的故事，虽然无聊了点，好在视觉效果真的非常酷炫，看到这部的完成度，以后都不想看那些所谓的国产良心动画了，想追上人家这水平这业务能力，真不知道是什么猴年马月了。,2018-12-20 16:20:15
3097,209,桑下,力荐,我这是什么命！一年看两部带Peter Parker的电影，一年为他哭两次！这是海澜蜘蛛吗？！！！！,2018-12-19 05:33:11
3098,209,木卫二,还行,“做你自己”的老生长谈，以及又一套颜色正确的、绝对安全低龄、纯娱乐向的宇宙拓宽类型，尤其是穿插而来的其他“被咬”宇宙，真的是画风乱飞，最后全幕乱扭。,2018-12-14 21:23:10
3099,209,西楼尘,还行,不熟悉的超能力总归会熟悉，不合身的蜘蛛服以后会合身，每个人不都是这样跌跌撞撞长成了大人。练习着弹跳节奏，把控着吐丝能力，仿佛被毒蛛咬过的身体某天开始发育，这个世界宣告你要承担更大的责任了。所以长了肚腩的彼得·帕克，最不想听这句话，只想在穿梭来的平行时空里，对心爱的女孩说一声抱歉。,2018-12-16 18:12:28
3100,209,大聪,力荐,"斯坦李说：蜘蛛服会合身的，总有一天它会合身的。听完这话有些惆怅。影片用斯坦李这句话贯穿影片，新塑造的颓废蜘蛛侠，面具下是我们平凡人的日常烦恼，超级英雄也是人。为何要做动画片了，因为那惊奇的镜头运镜，丰富的想象力，炫彩的颜色，是真实拍摄无法比拟的。
最后字幕有彩蛋，别走开，正式开启多宇宙蜘蛛侠。",2018-12-07 00:17:58
3101,209,APTX-4869,力荐,"我TM吹爆！这是一部看完想让人出去荡秋千的片！华纳应该来看看多个不为人所知的超级英雄的电影怎么拍！有成长有救赎有令人想哭的死亡也有令人捧腹大笑的场景（还不是妇联那种强行联动）还解决了一直以来的cp站队问题！高中组配Gwen成人组配MJ！画面太美了（这是我见过的最会玩的片头logo）（回头等bd到了截图自己打印海报去） 配乐又长又棒还经典以及各种应景（所以ost也是躲不掉的了） 最后 给那些看不起动画片的人一句""Do you have a problem with comic?""",2018-12-08 23:41:50
3102,209,谢谢你们的鱼,力荐,太特么好看了，年度最佳动画，最佳超级英雄电影，最佳镜头设计，最佳视觉效果，最佳配乐，最佳场面设计，没想到索尼哥伦比亚居然掀起了一场全新的动画革命！,2018-12-16 16:54:40
3103,209,罗黛若,力荐,这才叫漫改！这个美术，这个情节，这个剧本，简直无可指摘啊！,2018-12-14 11:19:20
3104,209,Amsterdream,力荐,年度最佳动画电影。甚至可以去掉动画两个字：近年来最优秀的超级英雄电影之一。迪士尼的套路统治太久了，把蜘蛛侠这种老IP如此玩出花儿来，真的太难得了。,2018-12-05 18:12:15
3105,209,Peter Cat,力荐,再次验证了一个简单道理，最好好莱坞电影永远也就是每个时代最好的先锋电影。,2018-12-19 05:22:14
3106,210,Kaito,力荐,"世界上每十二个人就有一个在做俯卧撑,我们的任务是让剩下的十一个人也做俯卧撑.",2008-08-13 00:03:34
3107,210,汽水|不core不得嗨,力荐,"我爱这部电影～它太人文精神了…………
特别是中间能把飞机在一夜拆掉，哎天，太摆了实在是……",2008-02-28 13:22:41
3108,210,想 想,力荐,做你擅长做的事，而不仅仅是活着。,2010-11-22 22:12:55
3109,210,海心,力荐,如果有六星，我会打的,2008-08-11 09:53:04
3110,210,UrthónaD'Mors,推荐,从影帝蜕变到烂片王也是需要一定的气度，就如同影片最后他被家人抛弃被抓到监狱却十分镇定一样。这片子政治隐喻很多。,2011-03-18 22:45:53
3111,210,magggot,力荐,他弟死得毫不合理,2011-10-30 13:58:05
3112,210,银色7.62,力荐,拍摄时使用了超过3000把AK47真枪，这样做的原因之一是道具枪比真枪还贵。,2014-12-29 23:01:55
3113,210,肖以默,推荐,和政府比起来军火商确实不算什么,2007-08-15 20:08:09
3114,210,巴喆,推荐,做这生意别带文艺青年好吗？！,2013-05-26 20:22:25
3115,210,李陌生,还行,很赤裸裸的表达一些很赤裸裸的事情，其实大家都知道,2006-07-24 10:52:53
3116,210,艾小柯,推荐,喜欢Nicholas Cage片中的表演，影片立意很高，最后的对现实的讽刺稍有些直白。,2006-06-16 01:37:36
3117,210,enthusiast,力荐,好想也有一把纯金的AK47收藏...,2006-04-21 03:08:38
3118,210,崇子,力荐,记得住的几部片子之一~很羡慕主角~并不觉得他失去了什么~,2007-12-19 15:30:41
3119,210,润物,还行,还行吧，记录了一个超级军火商的职业生涯、生活、以及心理状况等等，其实这些东西主要还是为了讽刺世界上的灰色政治与背后的政府，归根到底，说反战也好，说晦涩的批判也好，最后都看明白了，就得了，算比较平铺直叙的东西。,2008-12-09 00:16:06
3120,210,米粒,推荐,到最后才说出军火贩子横行霸道的主因，不是因为自己怎么真的有钱，也不是因为自己认识黑道大佬有人罩，甚至都不是因为自己亲叔是前苏联的将军正好有好多兵器可以卖；而是这些超级大国一边要用武器散布杀戮以强占其他小国，一边又要假装自己和平爱好者的光鲜形象，所以只能派出主角这种人来出面做生意了。片头“一颗子弹的一生”很酷啊，影片的技术环节都很好且不觉得用得过多。整体是戏谑讽刺的风格，可能可以适当严肃点（比如可以把主题早点说清楚）。伊桑霍克真滴太帅了。,2019-01-02 00:23:53
3121,211,Song³,力荐,拍摄利落。全片大量采用了近景跟随拍摄，追逐逃亡场景用极短的镜头剪接连缀，没有用近几年时髦的慢动作、子弹时间、镜头满天转等特效。但是一样达到了让人屏住呼吸、目瞪口呆的效果。汽车追逐片断中近距离车内拍摄的碰撞场面尤其惊心动魄，远比其他动作片中动辄撞坏十几辆车来的惊险刺激。,2009-04-26 20:23:25
3122,211,Baristina,推荐,俄罗斯出租质量真好,2012-09-06 15:41:02
3123,211,阿底,推荐,伯恩在水下亲吻玛丽的那段，真是又美丽，又悲伤，唉。,2008-03-17 08:49:20
3124,211,暖鱼,力荐,整个片子干净利落，扣人心弦。对自我身份的确认与对过去的救赎又让影片多一份厚重。,2007-08-18 02:50:07
3125,211,D I D A,力荐,手提摄影，快速剪辑，身体力行，暗藏杀机。间谍动作片由此洗牌,2010-02-02 15:06:08
3126,211,冰红深蓝,力荐,《谍影重重》1~3是我看过的最棒的动作惊悚片了！这三部比碟中谍、007什么的更刺激、更真实。没有美女帮忙和高科技道具，全靠观察力、DIY和身手~ 导演和编剧功力不浅，马特·达蒙把动作戏和感情戏都演得宁静自然。毫无多余的煽情或莫名其妙的拖延，代入感极佳。（9.5/10）,2014-02-23 14:03:45
3127,211,毛毛毛读作cuì,力荐,拍摄手法牛哄哄的！无论镜头、配乐、节奏都无敌的!!!!!,2010-06-19 01:27:14
3128,211,七姐Clau☁dia,力荐,很难想象自己第一次看的时候居然不喜欢，看来随着年龄的增长对一部电影的看法也会改变。我们的伯恩没有高科技，没有帮手，靠高智商和好身手赤手空拳对抗强权，你以为电影传递的会是复仇的快感，想不到是一曲壮士的悲歌。,2016-07-04 22:02:12
3129,211,肥嘟嘟左卫门,力荐,专业谍战片就是不一样，各种细节都非常精彩，悬疑揭秘也扣人心弦，却没有靠复杂的要命的剧情,2012-11-23 21:42:09
3130,211,Jehovah,推荐,"我发觉叫JB的都很厉害，是不是？James Bond, Jason Bourne",2009-06-18 21:09:42
3131,211,蚂蚁没问题,推荐,Matt Damon纯爷们，纯的,2010-02-16 11:08:58
3132,211,亢龙无悔,力荐,比第一部上一个层面，反而女主死后，影片的氛围出来了，孤独的复仇战士，寻根的浪子，对特工的形象，伯恩达到一种前所未有高度，但这种高度恰恰是他不愿意做迷茫的杀手，而想要做一个人，的确是一个悖论,2007-12-12 11:50:25
3133,211,侑子（我回来了,力荐,冒着生命危险去俄罗斯告诉他杀的第一对夫妻的女儿真相，救赎别人也是救赎自己的过去，电影的精神内核好棒,2022-02-18 04:06:18
3134,211,在冬夜一个肥人,力荐,剪辑绝佳。在体会失去所爱后才认清罪孽，背对着光满手鲜血做过忏悔后，他才真正得已赎罪，即使面前的万家灯火注定没有一盏属于他，当他松开扳机时，便已经与过往划清界限，从地下走向了光明。真希望Bourne停在这部，就此大隐于市。,2023-04-16 16:25:24
3135,211,|,推荐,环游欧洲风情片..,2008-09-04 03:23:27
3136,212,同志亦凡人中文站,推荐,有种糖放多了的感觉，精华基本都在预告里了。但对孩子们的纯真友情毫无抵抗力啊，就像被温柔的抚摸了一下软肋。Jacob Tremblay涂着厚厚化妆都能感受到演技，小李子真好意思把奥斯卡摆在家里吗...,2017-11-24 15:57:52
3137,212,桃桃林林,推荐,其实这更像当代童话，因为，实在是太暖了。里面每个人都那么暖，怎么可以那么暖，怎么可以那么暖！像一个暖心的童话故事。虽然，我也怀疑这样故事的真实性，但是，却喜欢被这样暖的故事感动，一度哭到不行。,2018-01-19 14:18:28
3138,212,根,力荐,在这种家庭里做一条狗都好啊,2018-01-19 18:17:25
3139,212,光明小卖部🐵,力荐,所有人都知道是化妆只有我一个人以为请的真实病人出演吗。。。,2017-12-06 15:10:45
3140,212,影志,推荐,“生命流逝太快，我们都没来得及多看对方一眼。” 那个帮助奥吉的同学杰克·威尔，在跟同学打架后，委屈扑在老师怀里的表情太心碎了…,2018-01-22 18:02:52
3141,212,巨米雨,力荐,"一碗甜而不腻的普世价值鸡汤，非常好喝。

看之前我以为是讲主角小男孩的，原来是章回体，每个人都有故事每个人都有视角每个人都有选择。

每个人都很美很好。

开演前基友给我说这部电影就像夏天一样清新，是啊没错，像泡在透明干净的玻璃瓶中的黄瓜水一样，安心又健康，还有甘甜味。",2017-11-30 15:09:07
3142,212,null,推荐,结尾把奖颁给另一个小孩就好了，特殊人群需要的不是特殊关注，而是不被当成特殊人。,2018-01-30 23:22:04
3143,212,私～川流,推荐,买票的时候很纠结，因为是完全可以预料到的剧情。这种温馨少年故事虽各各不同却又次次类似。若是你近来心情疲惫，这部电影是个流泪的好借口。,2017-12-06 17:14:08
3144,212,艾晨,力荐,五星推荐。不是想象的励志片，而是一部关于所有人的成长电影，就像那句话说的，聪明是一种天赋，但是善良是一种选择。电影并没有过分渲染小男孩，而是多角度展示身边的人，最终构建了一个充满天使和爱的世界。推荐有孩子的家长看，要知道，如果你们家有熊孩子，不是因为生的不好，而是你们教的不好。,2018-01-19 15:01:19
3145,212,张小北,力荐,电影里的世界太单纯美好，但是，有些人还是愿意去相信一次的，不然我们为什么要去看电影呢？,2018-01-21 21:01:46
3146,212,国王KING,力荐,To be true or to be kind？To be kind. 很虐心的一部戏，泪点密集，频频被击中。会眼湿湿是因为被人性的闪光点戳到了，很温暖。,2018-01-20 14:55:16
3147,212,西楼尘,还行,秋天排练的话剧春天才会公演，软盘誊抄的论文硬盘才能呈现。你无非是度过了五年级，时间却有魔法经历非凡。躲在卧室里的灵魂最向往蓝天，藏在头盔中的容颜最渴望看见。你其实并没有炸掉死星，楚巴卡会令有些人变得不凡。一杯水能让光影折射，一个男孩能让善良被选择。奥古是杯水，折射出每个人的善意。,2018-01-06 23:34:05
3148,212,木卫二,推荐,把“生而为人，很抱歉”，变成了“是个人，都应该与人为善”，多视角还挺有意思的。人与人的孤独重量，都是同一种地心引力。虽然不出意外的，所有人都是自带光芒的nice好人。,2018-01-20 00:25:16
3149,212,朝暮雪,推荐,很久没有一部电影能像《奇迹男孩》那样让我从头哭到尾了。,2018-01-06 19:39:00
3150,212,Mona Lishark,还行,为什么欧文威尔逊和范迪塞尔可以在他们参演的几乎所有电影里都保持同一个发型？,2018-01-14 17:43:28
3151,213,晚安小姐,力荐,爱情是一场没有尽头的虚幻追逐,2008-06-27 00:43:18
3152,213,颜小兽,力荐,太敢想了，前一刻钟都没有入戏，入戏以后觉得时间飞快。故事再复杂画面再花俏都没有关系，主题超简单，简单到想哭：我爱你，穷尽一生也要找到你。我不能向糟糕的一切投降，糟糕的标准，糟糕的规则，糟糕的世俗标签，都离我远一点。那些狂喜和剧痛，那些寻找和梦想，都是爱的代价。但我觉得值。,2011-10-05 23:58:19
3153,213,寂地,力荐,"看到后来哭得岔气了..不是悲伤的,那是让人觉得几乎有某种幸福感的温暖.不知道该如何形容.",2006-01-01 16:36:02
3154,213,弗朗索瓦张。,推荐,剪辑跟分镜做得比大多数真人电影还要细致！,2009-02-05 17:17:19
3155,213,A-sun*,推荐,剪辑要不要这么这么好。,2010-01-10 22:54:33
3156,213,昏金暗玉,还行,从第65分钟开始， 有一个长达5分钟的蒙太奇段落，这是最优美的一个段落，奏响了女主角一生华美的乐章，构成了主题：她一生都在演同一出戏。且，等一世为看一眼，如何又算贪。何况她还能喊出：“我一天比一天更爱他！”……“我一直在追逐他因为我喜欢他啊”。那是少女情怀，她保持了终身。,2008-10-20 21:04:16
3157,213,张小北,力荐,只有动画片才能完成如此精妙的视听语言的组合。教科书级别的剪辑和调度。,2016-02-06 21:48:20
3158,213,yamamaya,力荐,精彩，女人爱上的永远是爱，而不是人，我们从爱的感觉中获得满足，获得存在的快感，至于对象是什么已经不再重要（宝塚长盛不衰就是这个理,2010-08-05 17:27:16
3159,213,喽喽,推荐,纯真让人永远年轻！有多少人，已经被亡灵打败了！忘记了追逐？,2010-12-25 00:26:48
3160,213,Q。,推荐,“我一天比一天更爱他！”爱是困惑一个人终生的魔咒，花尽一生的时间来追寻那个永远也无法接触到的影子。叙事手法新颖，华丽的剪辑也是无可挑剔，但剧本始终太过平庸，有炫技之嫌。★★★☆,2011-04-17 00:51:17
3161,213,掀桌超人,力荐,人生如戏，戏如人生。用这样的方式来讲述这个凄美的故事，佩服作者,2006-12-18 17:10:19
3162,213,黑刀,力荐,刚看完《千年女优》，哭到泣不成声。,2009-10-31 21:44:54
3163,213,同志亦凡人中文站,力荐,如梦如幻的影海穿梭，天马行空的（反）叙事结构，初见即是千年。“我真正爱的是追逐他的旅途”，关于爱，只是爱，一封署名今敏的情书。（导演的才华太让人叹为观止了，看一部少一部！！！！！）,2015-09-04 08:31:37
3164,213,芦哲峰,力荐,一次邂逅，千年追寻。穿越不同的时空，唯爱永生。爱是恒久忍耐，爱是永不止息。,2015-11-15 08:06:11
3165,213,胤祥,力荐,原、节、子。,2007-05-15 00:56:44
3166,214,亵渎电影,力荐,亲人只有一次的缘分，无论这辈子我和你会相处多久，也请好好珍惜共聚的时光，下辈子，无论爱与不爱，都不会再见。★★★★★,2009-09-10 02:38:25
3167,214,西楼尘,还行,时光借由一部电影，在一天的限定内被无限拉长。淡如水却又酽如茶，传递着市井家庭气息，给人安定的力量。稀松平常的家庭团聚背后却是伤痕累累不愿提及的过往，明明暗中碰撞得很激烈偏偏表面上云淡风轻。萦绕在父母心里的丧子之痛，孩子心头的独立之殇，一家人洗好了澡，吹着晚风，围坐着仿佛没有芥蒂。,2015-09-03 00:16:50
3168,214,萨嘎摩多熊猫桑,推荐,人生就这么步履不停地前行着，那些舍得的舍不得的人和事总会一一远去，以至再也无法望见。你可能偶尔怀念，也可能丢了命似的道不了别。,2010-03-23 10:10:52
3169,214,达到厂,力荐,日本的家庭电影已经是世界巅峰了，步履不停是巅峰中的佳作。,2011-01-17 14:45:59
3170,214,冰山李,力荐,9.5；和解总是慢死亡一步,2009-04-11 21:27:26
3171,214,沉歌,力荐,我了解关于生命的哀伤，总是静默的，漫长的。,2009-04-27 17:52:59
3172,214,水仙操,推荐,送走儿子后寡言的医生父亲念叨：“下次来的时候就是新年了。”与此同时儿子坐在远行的大巴上长舒一口气：“这次回家了新年之行总算可以省了。”转瞬下一个镜头就变成空的风景和儿子的画外音：三年后父亲死了。不多久母亲也走了，她最终也没坐上我买的车。这是日影特有的温情与残酷。玉米天妇罗。,2011-09-05 18:52:46
3173,214,Doublebitch,力荐,我喜欢电影里的台词，真实不做作，却把这个家庭十几年隐藏的哀痛和矛盾表达的很清楚，最让人感动的莫过于倔老头子送走良多后那句像是自言自语般的，“下次来就是新年了吧”，父亲所特有的不动声色的爱啊～,2011-02-09 13:35:44
3174,214,57,力荐,东方人的日常生活中就是常常上演这种迟到的温情、无奈的残忍，并且自觉地不知悔改地步伐不停。秉承着同样的嘴硬和含蓄，他们塑造了家，捏造了国。,2011-04-26 22:05:06
3175,214,Q。,推荐,"""你才25岁，你可以成为任何你想成为的人。""剧情没有什么起伏，不温不火，朴实平淡的对话，安静的生活，温馨的生活细节，这样讲出来的故事，总是娓娓动人。生命依旧不停的在循环，平淡、责任、羁绊、也许，这也叫做人生吧。当最后那只黄粉蝶飞出来的时候，却让人眼泪止不住的在流。★★★★☆",2011-02-09 21:29:47
3176,214,丁一,推荐,"夏至横山家，
小津屋檐下，
周围二三事，
外婆炸玉米，
攀折紫薇花，
追逐黄蝴蝶。
淡然疗心伤，
四肢渐愈合。
有了伴的路，
步履停一停；
牵了手的手，
岁月不回头。",2010-02-27 11:28:48
3177,214,文泽尔,推荐,试图用一个特殊的日子来讲述横山家数十年来的漫长岁月，不运用任何插叙，只是让时间一点点流过，从各人间的对话中了解这个家庭久远已逝的一切哀痛压抑温馨喜悦，然后日子还得淡淡前行。每个人物都刻划得立体有力，但是片长四分之三再往后有些情节：如蝴蝶入屋、孩子晨祈愿、多年后生孩子也开车等稍刻意,2010-08-07 05:33:06
3178,214,柏邦妮,力荐,是枝裕和说，《步履不停》是一个什么事都没发生的故事，除了细节别无旁物，因为，细枝末节累加起来即是生活。回想那一部看了无数遍的电影，不是什么事都没发生过。最喜欢一个细节是一只蝴蝶，宛如哥哥的亡灵飞过，平实的妈妈立刻狰狞如同疯魔，追逐亡故的长子的幻影。一个平常家庭的创口顿时撕裂。,2017-06-22 00:27:53
3179,214,亚比煞,推荐,听说蝴蝶如果能够熬过一个冬天，来年就会变成黄色。从此，我每次看到黄色的蝴蝶，心里就会难过。,2016-07-23 09:41:11
3180,214,同志亦凡人中文站,力荐,不知道什么时候起，一看到这种生活流的电影就泪如泉涌走不动路。人间烟火的气息，代代步履不停...,2013-12-27 22:54:30
3181,215,朝暮雪,力荐,"《黑客帝国1》还比较容易看懂，《黑客帝国2》《黑客帝国3》就很深奥了。
造物主（Architect）负责维持母体的平衡，先知则负责引导母体中的人们觉醒。
两个人的共同作用下，母体中的人类社会稳定进化，机器人也从中吸取经验。
这也是机器人“种植”人类的终极目的，并不仅仅是用人类发电，更是为了学习人类，从而实现进化。
锡安之所以存在，也是机器人故意让它存在。
机器人无法避免母体出现bug（也就是有人觉醒），所以就等他们觉醒、等他们组建反抗军。
机器人每隔一段时间就来一次大清洗，把反抗军歼灭，然后再把母体重启。
这种大清洗已经进行过5次了，这是第6次了。
前5次的结局都是反抗军全军覆没，母体重启，而尼奥的出现让世界首次出现了不同的结局——和平。
人类和机器人互利共生，共同进化。
但是这种和平又能维持多久呢？",2012-08-18 01:26:27
3182,215,花间一姐小渡边,力荐,第一部对现实说的很清楚了，第二部就让我们见识一下，这些发现真相的人类会怎么做。最精彩的莫过于里面Neo和先知的对白了，解释了宇宙、自然和社会的现象。其实这里有一个伏笔，那就是程序的命运和终点。真实世界与虚拟世界是共通的，电影在让主角们努力拯救自己的家园的同时，也在探讨这一点：万物运转的规律。神仙其实只是一个程序，外星人和妖魔鬼怪只是系统出了bug,2016-01-21 22:23:34
3183,215,葱,推荐,剧情都在后20分钟，前面一大段都在不停地打打打打打打打，每一段打斗剧情结束我都会想不起来他们怎么会打到一起去的……,2012-05-23 00:05:52
3184,215,米粒,力荐,第二部商业了点，打打杀杀太多。。不过总体还是牛逼的，竟然有莫妮卡贝鲁奇。。。,2009-12-29 16:47:20
3185,215,Karuto,推荐,第一部故事讲得太优秀太完整了，而且暗地里留了那么多可以延伸的线头，剧组选择了两个：从时间上延伸——救世主不是唯一的，尼奥经历的已是第六次人类补完计划；从空间上延伸——引入锡安和机械城这两个大终端。前者很成功，后者挺失败。全片主旨总结下来，其实只要三段对话就够了：在锡安深夜和议长聊；在院子里和先知聊；最后和建筑师聊。中间打了一个漫长的法国佬副本，匆促、媚俗、无聊。建筑师那段我隔了十几年才看明白：尼奥做出的选择不是「救妹子」，而是通过拒绝背人类补完计划的锅，选择了代表着自由意志的「选择」本身。,2020-04-09 13:58:23
3186,215,junepig,还行,爱情真可怜，动不动就被拿来被当作救世的对立面，爱情太反人类了。。。,2008-07-02 14:48:01
3187,215,Nakedself,还行,恕我直言，没看懂。,2006-05-17 16:21:48
3188,215,同志亦凡人中文站,力荐,关于虚拟/现实的世界观让人叹为观止。,2012-07-20 19:58:20
3189,215,RehearsalForMe,力荐,在Neo要选择是救女朋友还是全人类的时候，我竟然想到陀思妥耶夫斯基的「爱具体的人」，当然是要救具体的人啦。而最后他成功救下她，我想到加缪说的，荒谬当道，爱拯救之。,2022-01-28 20:32:20
3190,215,宋不吃,力荐,议会中没有黄色人种。Oracle的卫士是黄色人种，钥匙制造者是黄色人种。Neo最大的错位就是不该有爱？貌似Oracle也一直知道Neo的梦境，但是她并不点破。在reload或者选择心爱女人的选择题中，Neo显然是选择了救眼前的爱人。一群电脑人和Neo打架那一段真是牛啊。没想到2003年的电影技术已经这么牛逼了。,2012-12-06 22:59:15
3191,215,居无间,力荐,看似说因果和目的，其实在讨论「存在」，而人的存在是由一次次选择构成的。整体上，概念的展开不如第一部，不过，故事结构和人物关系仍旧承接，视觉与动作全面升级。,2020-02-02 09:58:40
3192,215,托尼·王大拿,推荐,贡献了大量极为精彩、充满想象力且必将永载影史的动作场面，但过多的动作场面同时也挤占了另一层叙事的空间，矩阵也好锡安也罢其实只是对前作的小量扩容，但设计师点明的系统调节机制终于让世界观升级，而尼奥在之后独特的选择也证明了两个沃卓斯基对爱与自由意志的笃信。,2010-08-20 03:22:32
3193,215,文泽尔,力荐,补标 为什么总有这种不知看过多少遍的片子没有标 总感觉是被删评了回档了,2019-12-17 08:32:56
3194,215,拔剑四顾心茫然,力荐,先知所知皆为悖论，不过是当局者迷的无知与未知。预言所言皆为空话，不过是自欺欺人的谎言与诺言。程序渴望完美，但人性总有缺陷。数据讲求精确，但未来总有偏差。如果毁灭与拯救是预先定好的戏码，唯独反抗与清醒能摆脱命运的安排，绝对理性固然能带来秩序与平衡，但只有情感能够赋予世界创造和新生。首先最直接的影响，就是周星驰的《功夫》几乎完美复刻了尼奥与特工的百人大战，更不必说那场足以载入史册的公路追逐戏码，酷！黑客聚会堪比时装周现场，个性又统一，酷！古典乐与电子乐的结合让打斗更加流畅，堪称动作视听的标杆，酷！信息密度变小了，但深度却增加了，当所有人都认为救世主不负所托，必将拯救世界，他却义无反顾的选择了爱与自由：真正的救世，不是一时的拯救，而是打破程序设定的预言，让未来不可知。人类最大的缺陷就是离不开信仰。,2021-12-18 01:23:15
3195,215,梦里诗书,推荐,《黑客帝国2：重装上阵》作为一部承上启下的续作，在出色沿袭电影首秀风格的同时，技术的革新，更打造了一场为人惊艳的黑色盛宴，这一点无论是尼奥对战100个同样的史密斯，还是长达14分钟的飙车追逐，都可见一斑，其所带来的视觉震撼，成为了至今诸多电影所效仿的典范。,2016-07-16 08:36:09
3196,216,陀螺凡达可,推荐,迪斯尼首次让出柜演员为男主配音，并通过故事向同志青少年及其家人传达出认同和出柜的积极信息，对真爱的重新定义与女权向也是自我突破。不墨守陈规也不刻意讨好成年观众，用最迪斯尼的公主童话满足全年龄受众。百老汇级别歌舞戏大赞。Elsa是首个没遇到王子的迪斯尼公主，Let It Go是出柜之歌#想太多#,2013-12-05 07:06:57
3197,216,叶扬 | 独眼,还行,女建筑师的孤独,2014-02-07 04:23:59
3198,216,Wendy,推荐,一对百合一对兽人，专注黑王子一百年！,2014-01-15 21:24:45
3199,216,香槟塔,力荐,somebody is worth melting for.迪斯尼的动画片又一次的超越。当真爱的举动不再局限于真爱之吻。迪斯尼的公主已经不是命运的无辜的受害者。,2013-11-27 11:51:16
3200,216,小斑,力荐,pixar看到没有！这才叫「女性向动画片」。在主题设定上可解读性深了很多——「坦陈秘密获得自由」和「家人的爱融化冰雪」——成年观众完全可以作出自己的解读。除了祭出「歌唱必杀技」之外，在「真爱」这个项目上Disney终于突破自我。北欧风情还有在儿童向动画中颇反转的诡计。开头的短片加分。,2013-12-08 06:06:22
3201,216,É,推荐,论世俗偏见对于同志自我认知及出柜的影响。,2013-12-25 06:38:23
3202,216,费德里科维奇,推荐,迪士尼总能在俗套和惊喜中迎刃有余，于我好于破坏王好于原始人，开头妹妹一个人在城堡里唱唱跳跳眼眶竟然有热泪划过，勇敢依旧是近几年的命题，最有笑点的动画不同于小黄人的卖萌趋势，没有刻意煽情太加分。The happiest snowman is worth melting for！,2013-12-08 14:32:09
3203,216,CharlesChou,推荐,比去年《勇敢传说》不知道动人多少倍，虽然故事非常简单但还是有加分的小反转和非常好听的音乐。再就是....Blue is the warmest color，你们懂的...,2014-01-13 14:27:43
3204,216,Kaili Urchins,推荐,结局过分轻描淡写，前面累积起来的情绪突然都泄了气。。感觉真的好可惜不然完全有资格做2010年来最优秀的好莱坞动画长片。。。P.S.故事的中心思想其实是千万不要闪婚【完全不对,2013-12-07 07:04:45
3205,216,鹿鸣之什,力荐,拯救公主的不是王子的爱情之吻，而是女王姐姐的亲情拥抱，当然最后公主和穷小子依然相吻了。姐妹百合挺令人浮想联翩，我也乐得接受迪斯尼的开放暗示。Elsa的能力很有点“同志隐喻”，从小被要求隐藏，长大后被众人当成怪物，自己也活在恐惧之中。Let it go是自我解放的出柜之歌，骄傲于“我就是我”。,2014-01-27 11:10:38
3206,216,爱幻想的小孩,力荐,近些年看过最好的迪士尼动画片。纵然有很多部影片的影子，但是拥有很独特视角，聚焦于姐妹情，而不是传统的王子公主幸福地在一起。人物刻画深刻，所有人都有多维不单一的性格，引入两个女性主角也是前所未有的。音乐绝对是百老汇级别的，并且是storytelling的完整组成部分，不是为了唱而唱。精彩至极！,2013-11-11 11:00:00
3207,216,亵渎电影,推荐,秉承迪士尼动画的优良传统，它的歌曲实在太棒了，偶尔让人想起去年的【悲惨世界】，因为歌曲和叙事完美的融合吧。虽然这依旧是一个关于爱的故事，但最后的故事处理还是有点出人意料，比预想中的俗套有趣的多，这一改变也让电影的主题变得更加温暖。亲情最大与接受真我，难怪被指很gay呢。★★★★,2014-01-08 22:49:58
3208,216,Secondstar2TR,力荐,我不知道是每个人看都有还是只有我们电影院有前面那段米老鼠的？ 前面那段棒死了！  ！ 特效我看着也特别的美！！最后女主冻成了草原英雄小姐妹即视感－－,2013-11-30 11:27:00
3209,216,GarethL,力荐,迪斯尼去年年底是无敌破坏王，今年是冰雪大冒险...原来到最后是个百合片，全片音乐太精彩，从开头的劳动号子到主体旋律无不是值得下OST的...冰雪魔法效果非常赞...故事也至少不是俗套的王子公主（都说了是百合）...强推,2013-11-30 10:10:40
3210,216,平_[bingz],推荐,今日图片新闻：南屿国王室幺子骗婚真相遭败露。安瑞戴尔王室双姝惊爆同性乱伦丑闻。今日知音热线：他为何自青春期起就迷恋胡萝卜与驯鹿。,2014-01-23 09:00:57
3211,217,亵渎电影,力荐,我的圣诞必备，年年都是看这个，年年心情大不同，有时候一个人，有时候两个人，有时候一群人，今晚又是一个人，心里偶尔想着另一个人，偶尔想着一群人。★★★★★,2011-12-24 23:48:55
3212,217,UglyBerry,,我最期待的那一对没有走到一起。,2011-01-07 10:13:20
3213,217,海心,力荐,从头哭到尾，心里暖，而遍体生寒，寂寞无处隐身，生生将我蚕食。,2008-10-30 22:06:53
3214,217,同志亦凡人中文站,还行,上至正太下至首相都在谈恋爱，单身狗不配过圣诞。剧情什么的都是浮云了，我就看看演员～ (@﹏@),2016-12-28 01:38:13
3215,217,沉歌,力荐,寂寞的圣诞夜一个人看这种电影，看完觉得更寂寞了！,2010-12-25 18:19:39
3216,217,已注销,力荐,还有比受爱情煎熬更惨和更甜蜜的事吗？,2008-01-12 16:07:04
3217,217,xjxiidjsns,力荐,Where the fuck is my fucking coat?,2008-06-24 19:22:02
3218,217,SaoirSe,很差,有种看了本读者的心情..,2012-09-05 19:36:50
3219,217,大头绿豆,推荐,1、每当我对世局倍感忧虑时，就会想到希思罗机场的入境闸口。人们认为世界充满仇恨与贪婪，但我却不同意。在我看来爱无处不在，虽然未必来的轰轰烈烈，但是爱永远存在。父子，母女，夫妻，男朋友，女朋友，老朋友，当飞机撞上世贸大厦时，临终打出的电话，谈的不是报复，而都是爱。如果你肯留意，你会发现爱其实无处不在。love actually is all around.,2006-10-14 13:04:58
3220,217,大灰狼,推荐,至少能干掉几十部《全城热恋》吧,2011-02-25 10:27:40
3221,217,卢十四,推荐,像我这样一个对外国电影了解不多的观众，看的时候一直处于“我靠这个人好眼熟，这个人不是那个谁吗，这个人是大牌吧，这个人我知道名字！……”的状态中。,2015-02-25 12:14:57
3222,217,Kaizuper,较差,大杂烩，做作，人多图个热闹气氛了,2011-03-14 01:01:09
3223,217,奎斯Chris,推荐,"我不明白,如果导演早就决定给个皆大欢喜的结局,为什么又不给得彻底点呢?",2007-05-25 02:57:11
3224,217,shu,力荐,Colin Firth和葡萄牙女的爱很打动人，男生对好友妻子无声的爱简直了，小男孩儿的爱也是。。。总之越看越喜欢。,2008-02-27 22:11:15
3225,217,朝暮雪,推荐,“这是我一天当中最欢喜的时候，载着你。”“这是我一天当中最痛苦的时候，离开你。”,2016-12-22 11:14:07
3226,218,小转铃,推荐,飞屋环游记前传,2010-01-29 20:21:16
3227,218,米姐起飞,力荐,1.先入为主是王道。2.等人不要等過7年。,2008-08-24 17:50:37
3228,218,Thanks God,还行,爱情没有那么多借口，如果不能圆满，只能说明爱的不够。,2009-03-12 12:23:05
3229,218,HalloZen,力荐,英俊的木匠啊，一見鍾情的表白竟然能支撐整個一生。如果在現實里能有人長情到這地步，哪怕是同性之間的相濡以沫，也值奮力擁抱死去時緊握雙手。她恢復記憶的時候不超過五分鐘，推開他的一刹那，比任何一次的分別還要惹人眼淚。最後算是圓滿，你不會失去什麽，在蹣跚、年邁、冰冷軀體，舊時的烈火中。,2010-05-30 17:03:30
3230,218,Ygirls,还行,無關電影本身 我就是相當相當的討厭這種故事情節 明明已經分手 明明各自開始新生活了 爲什麽那麼多年之後還要闖入對方的世界 你們兩個舊情複燃 破鏡重圓 你們圓滿了那別人呢！現在的伴侶就不要了！這種自私的愛情不要也罷！要么就別分！要分手就滾遠！,2010-12-12 18:48:34
3231,218,私享史,力荐,哭了！他把那房子做了疗养院。James Garner、Sam Shepard的演技哇！我喜欢Sam演的那个爸爸！,2007-01-19 23:22:54
3232,218,眠去,推荐,我会永远记住你。爱情没有那么多借口，如果不能圆满，只能说明爱的不够。,2008-05-15 10:21:54
3233,218,影志,推荐,俗套的好看。“爱情没有那么多借口，如果最终没能在一起，只能说明爱的不够。”,2008-02-04 18:46:14
3234,218,fateface,较差,我真心不觉得这片子浪漫。木匠哥在追人前又不是不知道女方背景，但他完全不考虑后果，后来受女方父母歧视，也没勇气面对，就要分手。最烦这种不负责任的没头没脑就爱上了。,2014-08-16 13:48:57
3235,218,pinking。墨白,推荐,为了那一池子的天鹅,2010-03-24 16:46:32
3236,218,朝暮雪,推荐,这哪是穷小子和白富美的爱情，至少诺亚还有一套房子。,2014-08-28 02:38:11
3237,218,狷介有乌青,推荐,爱比记忆更长久，谁能如你般浪漫一生。,2010-12-30 21:55:52
3238,218,昏金暗玉,推荐,他爱她，问得最多的就是：What do you want？不考虑别人想要的不考虑父母想要的仅仅是你自己想要的，是怎样的未来？你有机会爱上无数人，可以选择任意一个共度余生，但只有那个反复追问你想要什么的人，才能给予你永恒的安全感。钱和真爱之间，是爱给你安全感。,2014-06-27 17:01:38
3239,218,阿vi子,推荐,这种情节只存在电影里,2017-07-18 20:17:56
3240,218,撒旦的表妹,力荐,最触动人的，不是17岁的初恋故事，也不是7年后的再次重逢，而是相守一生一直到老，互相约定来生之后握紧双手一起离开人世。如果只有前面的情节这只是一个普通的爱情故事，但是因为有最后这部分，好吧我被震撼到了，爱能创造奇迹。,2015-04-26 22:29:03
3241,219,末药煎肉塔,推荐,很好看的太空荒野求生记，马特达蒙一定是找了裸替他不可棱瘦的下来。另外贵国是有多想赚中国市场的钱，看到国家航天局直接笑出声了,2015-10-03 11:57:00
3242,219,小油飞,力荐,非常喜欢！这些年找一部不洒狗血不煽情的科幻片容易吗。要论科幻气质Ridley Scott比诺兰强太多了。喜剧的外表下是其实是格外正统的硬科幻路数，没有乱七八糟的感情线来喧宾夺主简直太棒。我最喜欢的地方是在求生的过程中完全没有强调对地球的执念，高潮甚至都不是回到地球，因为那完全不重要！,2015-10-03 11:23:15
3243,219,影志,推荐,孤独如《瓦力》，求生如《荒岛余生》，乐观如《鲁滨逊漂流记》，逃生如《地心引力》…没《星际穿越》那么浩瀚，一个小火星胜似一个宇宙，逗比程度也不及原著一半，更多的是硬科幻和科普纪实。但说实话，连续三年太空科幻题材，或多或少有些疲劳，拍的又如此工整，无惊艳之笔、也绝非神作。,2015-11-12 13:54:23
3244,219,伊谢尔伦的风,推荐,挺好看的，但我不能理解北京群众怎么可能在下雪的天气里放着好好的暖气不要，集体露天围观一个美国人的死活……想了想觉得唯一合理的解释是我国媒体报道他是一位伟大的植物学家，开创了火星农业的崭新领域，堪称火星袁隆平……大家围观直播时旁边肯定还有人卖同款火星烤土豆。,2015-11-28 19:51:39
3245,219,点金,力荐,本片完美展示了什么叫以逗逼的精神面对惨淡的人生 更加坚定了要做一个有逗逼精神的人 并且在逗逼的道路上找到一个一样具有逗逼精神的人,2015-10-03 12:43:19
3246,219,Figaro小姐,力荐,10 of 10. 除了火星红色的奇妙美景以外，影片最大的魅力在于表达的浅尝辄止：看到了一点官僚主义，看到了一点“no one left behind”，看到了一点美式幽默感，但归根结底，这是关于一个人竭尽所能对抗自然的故事，关于人的无限潜力，关于宇宙的不可抗。这些不可预料在一部丰富的电影里显得单纯而迷人。,2015-10-04 13:26:04
3247,219,ANNA,推荐,作为一部靠谱的lifeline真人版，本片以喜庆、欢乐、祥和的风格展现了一位资产阶级话痨斗士扎根火星种植土豆开荒的故事，最后纽约北京浪登三地大屏幕直播那块儿颇有春晚风采。看了本片你会意识到：1.学好指环王，走遍nasa都不怕；2.学好种菜，走遍宇宙都不怕。3.马呆不哭躲起来撸！,2015-10-05 13:31:03
3248,219,桃桃林林,推荐,这是一部难得很轻松的科幻片，影片有意弱化科幻片最常见的那些对未来以及未知宇宙的恐惧，而是大谈人定胜天和科学拯救人类。片中有着技术宅独有的蠢萌与乐观（当然，这也与马特·达蒙出色的表演密不可分）。即便影片在情感设定上略嫌套路，却仍能在关键时刻打动观众,2015-11-25 14:30:46
3249,219,明安,推荐,马特达蒙你咋老浪费国家的钱……,2015-10-18 09:15:32
3250,219,黄青蕉,力荐,这部片子殴打了所有嚎叫“我们要新故事”的片方的脸。两百多年前的鲁滨逊漂流记放到太空拍一样精彩，爱我雷，请长命百岁,2015-11-29 15:16:26
3251,219,72%海盐巧颗粒,力荐,太空电影可以不拍成一个人孤独战斗的缩影。无论多么绝望都剩下最后一点掐不灭的希望，这点太喜欢了，这种设定也很适合马特达蒙自身。,2015-10-03 12:14:33
3252,219,朝暮雪,推荐,经历了《星际穿越》那一劫，谁还敢去救你？,2015-11-25 02:33:19
3253,219,西米子,推荐,Fly like Iron Man.,2015-10-03 04:58:07
3254,219,张佳玮,推荐,马特-达蒙计算着日子开始种地的瞬间，本片升华。真正的知识改变命运，真正的开天辟地创世时刻，宇宙时代的鲁滨逊漂流。此前此后的铺垫更多是为了完成这个电影。与《地心引力》一样，借科技直追人类存在本身意义的电影。宗教隐喻细节就不说了，达蒙自娱自乐得实在太美了。,2016-01-25 21:11:21
3255,219,舌在足矣,推荐,三星半。如果以一部普通大片的标准评价，这部电影无疑是非常不错的：节奏把握准确、适当的笑料、启发大众对航天的关注。但这些朗霍华德在阿波罗13号就做过一次。因此以对斯科特的期望来说无疑是不合格的：特效相比于地心引力、星际穿越毫无任何竞争力，故事深度也没能深挖。还是期待普罗米修斯续集吧,2015-09-29 12:34:05
3256,220,哪吒男,力荐,我和我不想要的后半生，我和我不愿意和解的自己。你们都朝春天去，就留我在破碎里又丧又美丽。,2017-01-25 14:34:11
3257,220,Saltsalt726,力荐,有時關不上冰箱的門 腳趾撞到了桌腿 臨出門找不到手機 嚎啕大哭 你覺得小題大作 只有我自己知道為什麼,2017-02-02 20:41:35
3258,220,布鲁斯老师,力荐,我们都有权利不与自己的过去和解。#2016TIFF,2016-09-15 07:53:27
3259,220,k,推荐,那些劝我们向前看的朋友，“不是所有人都可以和过去和解”,2017-01-25 23:52:52
3260,220,是心,力荐,我最怕的就是这种电影，看完以后什么都讲不出，就想静静地待着，静静地沉溺在挥之不去的抑郁中。结局仿佛看到了光，又好似什么都没有。,2017-01-26 20:28:51
3261,220,toska,力荐,我冷漠的躯壳里，是抚不平的伤口和解不开的死结。,2016-12-01 17:20:20
3262,220,根,推荐,人生的伤口，二十五岁之前怪父母，二十五岁之后怪社会，最惨就是巨大伤口摊开在那里，腐臭流脓永不愈合，然而，无人可怪,2017-02-20 10:07:48
3263,220,张维托,力荐,Lee说话是不是美国周杰伦,2017-01-20 08:08:43
3264,220,陀螺凡达可,推荐,又名《回忆杀》。有遗憾和失望，二刷后感觉对角色的好感甚于电影，卡西的角色写得演得太饱满了，让我对这个角色产生了依恋感。,2016-12-14 06:09:43
3265,220,同志亦凡人中文站,力荐,最好的生活流电影，难得的是叙事手法又带着变化。叔侄俩各自面对各自的失去，亲情恬淡而走心。没有刻意追求正能量，但曼彻斯特阴冷的海，就这样被琐碎和小幽默一点点填满。——就像全世界的雪，最终会带来全世界的春之苏醒。毫无疑问我的年度最佳。,2016-12-11 18:33:31
3266,220,CharlesChou,力荐,葬礼进行的时候，他听着宝宝的哭声，与那个试图安抚婴儿的男人共享着眼底羞为人察觉的一丝焦虑。他想伸手接过孩子，用他或许尚未消散的那种魔力让宝宝平静下来，又旋即意识到自己不能，也没有理由去为旁人阻止这种连锁的消耗。他累了也尽力了，相信所有人都是一样。,2017-01-29 00:35:26
3267,220,桃桃林林,推荐,生活流，如何绕过苦难，丧到骨子里的卡西，绕不过去的苦难。,2017-02-16 19:11:00
3268,220,匡轶歌,力荐,10年啊，从《神枪手之死》的最佳男配提名起，我等着Casey摘影帝，十年。演技最被忽视，总是半红不黑的Casey，今年当是非你莫属。对痛苦的表达，就当这么朴素节制。送一句小津的话给那些说Casey面瘫的人：高兴就又跑又跳，悲伤就又哭又喊，那是上野动物园的猴子干的事。,2017-01-25 20:49:59
3269,220,线性代数,力荐,"生活像是曼彻斯特的雪，干燥而冷硬，无情地嘲笑着折磨着裹挟其中的每个人，将最后一点温暖掩埋于六尺之下。""I can't beat it. I can't beat it.""",2016-10-03 08:38:12
3270,220,品客,推荐,最后乔在帮老人修锅炉时，老人说自己的父亲在95年出海突然消失。看似突兀的这场戏其实也是电影的主题：世事无常的生活不过只是一成不变的插曲，日子始终在继续，渔民依然每天出海，候鸟迁徙南飞，乔还是乔。,2017-02-02 15:40:19
3271,221,瞳,力荐,想起史铁生的一句话：“历史在发生时未被发现，在发现时已被重组”，没有绝对的真实能在叙述中被还原。很赞同看过的一个说法“谎言的对立面是宽容”，听者的理解力与接受度影响着叙述者对真相还原的保留度，你若能对他的懦弱退让和罪恶表示宽容，兴许由着这份信任就能更贴近真相了。,2010-11-10 23:09:35
3272,221,rhyme,力荐,看于复旦三教的一个夜晚。走出教室，但走不出黑泽明。,2008-01-07 17:54:11
3273,221,A。,力荐,第一部黑泽明。这就是为什么，从终极意义上讲，人们或许无法相互理解与沟通的原因。意图到语言是一层折损，说出到听见又是一层折损，人的背景、能力、心理都影响其讲话与倾听的重点。没有看到恶，看到的是人的胆怯、虚荣及局限。审判者藏于镜头后，象征着全知者/真相的缺席。认知上的敞开带来结尾光明,2013-08-10 22:15:57
3274,221,自在渍,推荐,如果不是那一阵风,2010-06-13 10:45:58
3275,221,琴酒,力荐,“我听说罗生门里的鬼因为害怕这里人的残忍而逃走。”比起四段论的谎言，乞丐对恶一脸了然于胸与凛然直视的狰狞表情让我浑身发冷，最后那场雨中的逼问竟然把我逼哭了。贫穷逼得善良变成了罪孽，谎言逼得人一步步审问自己无地自容，对错的底线都不再有资格坚守。黑泽续了个光明的尾巴，实在是不得不续。,2011-11-12 07:37:11
3276,221,暖鱼,力荐,倒没见着大的恶，只见到了人的软弱以及在他人面前掩饰这软弱。。或许软弱就是恶？片头还以为是中国片呢，林中那段光影很不错。里面的笑声有些做作。。。,2009-02-23 00:23:32
3277,221,影志,还行,“我对人类又充满了信心” 这个信心恢复的有点快…,2019-04-14 18:17:20
3278,221,袁牧,力荐,摄影机第一次进入了森林的内在，三船敏郎奉献了自己不断变化，放浪形骸、富有层次感的高超演技。,2010-01-27 17:37:00
3279,221,微反唇,力荐,乞丐从罗生门后离开，自认看清人性的他迈入地狱的磅礴大雨；樵夫抱着孩子从前门迈入光明，心有愧的他将孩子带入人世；和尚独自徘徊于罗生门，人世的苦和自身的信投身于两世间的思索,2020-11-23 17:09:51
3280,221,冰红深蓝,力荐,"黑泽明成名作,威尼斯金狮奖。摄影和剪辑功力甚高,三船敏郎的表演很精彩（他的笑和京町子的哭真是绝配）。影片揭露了人性中赤裸裸的软弱和谎言,也呈现了男女关系和社会地位的很多问题,罗生门更是成为广为人知的词汇,意指当事人为私利各执己见致使真相扑朔迷离的情况。其实影评不也是罗生门么 （9.0/10）",2015-03-15 19:57:29
3281,221,张天师,力荐,人类生来就是自私的，在这个故事里没有谁对谁错。谎言＋推翻，即使在近几年这种形式仍旧很时兴。,2006-10-31 16:22:16
3282,221,Over5,推荐,谎言是人性的救命稻草,2007-03-20 10:47:13
3283,221,握不住的灵魂,推荐,「人对于自己的事不会实话实说，谈他自己的事的时候，不可能不加虚饰。这个剧本描写的就是不加虚饰就活不下去的人的本性。甚至可以这样说：人就算死了也不会放弃虚饰，可见人的罪孽如何之深。这是一幅描绘人与生俱来的罪孽和人难以更改的本性、展示人的利己心的奇妙画卷。诸位说仍然不懂这个剧本，因为,2012-08-02 20:02:59
3284,221,巴乌,力荐,再次认真观看时才发现摄影剪辑精妙之处。,2006-07-07 21:05:23
3285,221,饥饿艺术家,推荐,在某处电锯装修声音中看了最恐怖的那段。很惊神。受不了日本女人没眉毛。。。,2009-06-24 14:15:28
3286,222,思路乐,力荐,【B+】我隐隐约约的感觉，最后那个最完美的平行世界的所有人，其实都是由不同平行世界的人组成的，也就是说，很可能他们都已经杀了自己，最恐怖的一种假想...,2018-09-24 20:58:06
3287,222,黄青蕉,力荐,真·烧脑，认真看了两遍。第二遍主要注意一些细节，杯子啊衣服扣子啊还有走错门二人组拿箱子跑的时候塞进去的隔热手套……最后总结，如果以女主视角来看，到她落单遇上伪老公吓回屋子往后，身边已经没有一个是最早跟着出来的那拨人了，一个觉得自己被全世界抛弃的人其实做出什么来都不奇怪啦,2014-12-15 00:55:59
3288,222,弗朗索瓦张。,力荐,没觉得有什么“烧脑”的，有的只是人类共享的对未知维度的震撼和恐惧。结尾毫无防备地从科幻硬是升华出了人性。强烈推荐这部画面烂到不如DV短片却出奇有力的作品。,2014-09-12 04:16:22
3289,222,老晃,还行,传说中的年度烧脑神作，其实还蛮贱嗖嗖的。情节跟得上，只一点疑问：类似故事（时空罪恶》《恐怖游轮》），大家不约而同选择了揭示人性黑暗面这个主题——为保全自我你必须杀死另一个（或一大堆）自己。我去，为毛啊？大家就不能组个团一起去海底捞涮小肥羊吗？,2014-09-21 02:22:50
3290,222,坍塌,力荐,平行时空不稀奇，神奇的是各路平行时空的交汇之后混乱的生活，看完真的有点恐怖。★★★★☆,2014-09-12 04:34:47
3291,222,离,推荐,「量子力学的平行多宇宙学说，在交叉小径的花园里总会有一条路，让人们在生命中的每一个节点都得到幸福。 在每一次铭心刻骨的选择里，总有一个你选对了路 。在茫茫的恒河沙数的宇宙里，总有一个你，终生幸福。」所以，最后我选择了，留在那一个看似最好的版本，不惜干掉另一个“我”。,2014-09-25 16:36:41
3292,222,嘟嘟熊之父,较差,不懂里边的人都紧张兮兮个什么劲儿。就算是世界末日要来，悠闲的喝杯热茶静静等待不好吗？一堆废话不是一样什么都解决不了。,2014-10-07 23:23:16
3293,222,Jin,推荐,遇到停电这种事难道不该马上洗洗睡吗,2015-02-20 17:56:47
3294,222,匡轶歌,力荐,不知道我还是不是我。睡一觉，过一晚，说不定旧我早已被此刻打字刷豆瓣的我杀死调换，因为据说梦是平行世界的记忆显现。把自己敲死挖坑埋了这种念头，估计谁都有过。总觉得会有个更好、最好的自己，也是种心魔吧，得治。反正不管有多少个平行世界存在，我敢肯定，那些我不认识的我，也都爱涮海底捞小肥羊。,2014-11-04 16:51:18
3295,222,樹一,推荐,前面有点难看，最后几分钟有被惊喜到，女主找到了平行空间里最好的男主，却杀死了最好的自己。,2015-07-22 20:54:01
3296,222,文西,推荐,和来自地球的男人一样都胜在设计，往往在超自然的力量下面人类很容易暴露本性的缺陷，比如猜疑，鲁莽，自毁。这个电影在无数平行空间的外套下面，其实讲的是一个女孩，当她人生中的机遇都一个个逝去的时候，到最后她愿意付出任何代价去抓住最后一根救命稻草，甚至不惜去做一个替身。,2014-09-10 12:29:19
3297,222,大島,还行,如果我突然看见我自己来杀我，那就证明我过得还不错。,2017-12-03 16:28:02
3298,222,影志,推荐,惊悚而百转千回的一夜，看完脑海里只能久久回响一首歌：那一夜，你没有拒绝我；那一夜，我伤害了你；那一夜，你满脸泪水；那一夜，你为我喝醉。那一夜，我与你分手；那一夜，我伤害了你；那一夜，我举起酒杯；那一夜，我不堪回味.……这不是偶然，也不是初愿，这是上天对重逢的安排……,2014-11-02 23:13:57
3299,222,余小岛,力荐,看到我意识到他们都不是原来那个房间的他们的那一瞬间简直毛骨悚然，这才是真正的惊悚片好吗。可以再刷几遍。,2014-10-08 20:58:15
3300,222,lost,很差,无聊廉价版的恐怖游轮,2017-01-10 14:38:45
3301,223,Morning,较差,大卫耶茨就是这一系列杯具的开始，HP系列变成的校园剧。,2011-07-20 15:05:22
3302,223,国王KING,力荐,和奶奶在影院看的第一部，也是最后一部电影。虽然奶奶看不懂，但还是认认真真地陪我看完了，散场后说“如果你表姐也在就好了，她会喜欢的”。07年夏天暑假在广州一个小电影院的回忆，无比怀念。我和哈利一样，都失去了最亲的人。奶奶，希望远方的您，一切安好。,2009-08-11 23:32:24
3303,223,无语望天,推荐,给小天狼星,2016-12-12 23:42:25
3304,223,摇曳萧萧下,推荐,秋张同学迷人的样子教我忍不住吐了好多回。于谦儿才不是包子脸，你才是你才是。,2010-06-01 04:23:28
3305,223,Tari,力荐,"在b站看时，小天狼星死的时候，有一条弹幕大概是说，这是哈利第二次知道原来一条咒语就可以夺走一个人的性命，第一次是学长，现在是教父。真是感慨。
魔法部来的老女人实在是招人讨厌，不过想想也算是对当下教育现状的一种讽刺吧，很多年过去了，这段仍然可以拿出来针砭时弊。",2020-12-19 21:48:18
3306,223,♣lùlu♣,力荐,其实我不记得我看过没,2007-06-29 12:31:44
3307,223,汝就做吾的犬吧,推荐,这部看得还是比较开心的，情节展开得很紧凑，一开始就直奔主题了，食死徒和凤凰社打得也比较精彩，伏地魔和邓布利多那场也很华丽，还有双胞胎让应试教育吃瘪那段也很过瘾。要说不满意的话有一点倒是真不大满意：那个中国姑娘长得实在是…,2011-08-07 23:21:18
3308,223,A-sun*,还行,感觉好奇怪啊，正常来说看一部电影应该觉得自己和主人公的命运绑在一起，但这里完全不觉得对波特有任何同情，就对他所作的任何一个决定都认为是活该都想骂他，这到底是哪里出了问题，真是觉得好奇怪啊!,2011-06-21 02:12:51
3309,223,Mr.Cookie🌈,力荐,乌姆里奇的形象塑造的很好，即使在剧中是个反派。粉红色的突兀鲜亮风格行走在黑色绅士低调画风的城堡里显得尤为突兀，与她的处处挑刺相呼应。另外她办公室里非常众多的可爱猫咪、喝咖啡加两勺糖、总是似笑非笑的狰狞表情以及纯粉的办公室风格等细节都与她的刻薄歹毒的特点形成强烈反差，戏剧性很强也很滑稽。,2021-09-29 12:25:47
3310,223,🕊️,力荐,在教室点燃的反叛的烟花，抵制入侵时闪回的每个关于爱和友情的瞬间，都熠熠生辉。,2022-08-19 21:21:14
3311,223,Hyde,力荐,奠定我价值观的一部作品，最爱电影最后一幕双胞胎冲出来撒糖果，去他吗的伏地魔，去他吗的食尸徒，我为我的信念而战。,2022-03-28 15:55:47
3312,223,bibobibopa,力荐,这部我看过，死亡诗社,2024-11-08 14:38:23
3313,223,Alein,力荐,可惜乌姆里奇太多而小天狼星太少 纳威真的很可爱啊,2024-01-29 17:39:45
3314,223,StevenTong,力荐,第五輯是在上海看的3D版，故事非常離奇。本來那天訂好了晚上7點浦東的飛機回香港，然後下午在大舞臺附近逛的時候看到有戲院首映這部電影，然後看看時間還剛剛來得及可以看。誰知進去售票處一看，排了好長一條隊，而且買的都是下一場的票。正當我要打消這個念頭的時候，突然有個男人問檢票的人可不可以退票，是一張即場的票... 接下來就是那種老掉牙的對巧合的感歎，忽略。但3D的效果果然提升了精彩度，遺憾是眼鏡竟然要回收，本來還想為這個奇妙的經歷做個紀念...,2009-06-10 02:17:50
3315,223,糯米团子,力荐,超级喜欢这部电影里的韦斯莱双胞胎兄弟，放烟火的情节太燃了，邓布利多军一起反抗乌姆里奇的剧情让人热血沸腾。哈利和韦斯莱一家过圣诞节是暗黑故事里为数不多的温馨时光，小天狼星对哈利的关爱和信任带给哈利勇气和力量。首次出场的卢娜伶俐聪敏，纳威每一部都在有条不紊地成长，永远爱霍格沃茨的群像故事。,2024-11-10 13:16:03
3316,224,考拉,推荐,虽然不合理，但能够娱乐。,2008-05-20 21:20:51
3317,224,17950,力荐,"娘的,这就是货真价实的喜剧片",2006-10-12 17:42:13
3318,224,艾小柯,力荐,永远看不腻的喜剧！,2006-06-23 01:20:46
3319,224,影志,推荐,“胜利属于我们” 没想到60年代就能产出如此纯粹的喜剧。,2019-06-20 13:06:35
3320,224,嘉得乐,力荐,"看过不下20遍,从小到大都喜欢的电影",2006-02-21 17:31:16
3321,224,MaTown,力荐,老少皆宜，上海译制片厂献声,2009-01-12 08:30:00
3322,224,犀牛,力荐,从小看过几十遍了吧，至今每看必笑，真正的好电影,2006-03-02 13:37:39
3323,224,余小岛,推荐,果然是英国和法国人拍的，德国人看到不得气死。。他们这是赤裸裸的把德国人当傻逼啊。,2013-07-21 00:36:29
3324,224,蓝色啄木鸟,力荐,"很喜欢的一部法式幽默喜剧片，里面有很多梗，“鸳鸯茶""""鸳鸯茶""。重温仍然让人捧腹不止，也很怀念上译的配音！",2017-02-08 20:50:36
3325,224,昵称被占不开心,推荐,永远看不腻的喜剧,2017-02-26 20:38:43
3326,224,眠去,力荐,果真是经典。,2007-10-19 13:05:13
3327,224,石头剪刀布0726,力荐,永远都记得在浴室里唱着“鸳鸯茶、鸳鸯茶”、对眼打飞机，经典喜剧,2017-03-17 16:28:50
3328,224,津五渡,还行,法国要有豆瓣，估计《举起手来》也能进250 。,2016-01-11 12:45:51
3329,224,冰红深蓝,力荐,"经典法式战争喜剧片。1.看的原声版，多处法德英混搭的笑料，着实大赞！2.编剧八成看过林正英的僵尸片，哈哈哈。3.浴室里听着tea for two一脸懵逼的是斯大林同志么？4.男扮女装引嫖客掉井盖扒衣这段笑抽筋~ 5.动作场面最爱扔南瓜追逐戏,撞路标一分为二。6.6号房,呼噜与口哨。7.斗鸡眼打飞机。（9.0/10）",2016-03-13 16:49:10
3330,224,外出偷狗,推荐,结果所有人都穿过德军制服了。,2017-07-08 23:26:30
3331,225,欧妮欧妮欧妮,推荐,虽然是不及龙猫，千与千寻，但是17万张的纯手绘…那背景真心好漂亮~而且这个指向就是给小孩子看的！人老了，反而会计较“这到底在表达什么，这到底在讽刺什么？完全不知所云”难道一定要超越前作？一定要深刻的表达什么？他只是单纯的想表达一种不被污染的童真，没有那么多的为什么和逻辑啊,2012-08-31 15:47:10
3332,225,焰熠,推荐,谁说5岁就不可以早恋的 波妞为了宗介在海浪上奔跑的样子太可爱了 为了喜欢的人 踏过千山万水又何妨,2018-01-16 21:25:19
3333,225,海心,力荐,好可爱啊，可爱的波妞，懂爱的宗介,2009-05-17 19:08:46
3334,225,遇见彩虹🌈,推荐,感觉宫崎骏真的可以从小朋友的视角去看问题，一举一动都很真实，故事很温情。,2017-11-26 13:32:38
3335,225,瓦达西瓦又又又桑只爱这巧克力,还行,孩她爹和孩她娘的故事应该比较有意思,2009-04-02 18:17:37
3336,225,蜉蝣,推荐,5岁的宗介的压力可太大了。,2018-07-03 16:45:13
3337,225,我坏故我在,力荐,人物造型和以前的很多片子有类似点，而且还能找到以前片子里的龙套……故事居然是小美人鱼的幼儿版……不过很好看啊很好看啊很好看啊……,2008-08-05 09:10:26
3338,225,小波福娃,,腹黑版猜想，姑妄言之：其实波妞跟宗介都是没爹妈被单身的理纱收养的娃（所以宗介对理纱直呼其名），所谓的人鱼女王是波妞幻想的身世（小女孩的公主梦）。里纱去救人时和婆婆们最后都死在大水里了。其实……这是一部现实主义作品！,2008-08-26 23:33:58
3339,225,影志,推荐,一如既往的宫崎骏，纯真、梦幻、迷人…,2008-08-28 00:03:05
3340,225,阿vi子,力荐,BAKA BAKA  BAKA,2017-07-18 20:18:52
3341,225,松如,力荐,给五星是因为我爱宫崎骏。。,2008-08-31 11:22:11
3342,225,疼酱,还行,他们长大了以后，万一闹离婚怎么办。。。,2010-11-26 13:43:19
3343,225,momo,力荐,环保和反战貌似是宫崎骏动画里不衰的两个主题，个人风格强烈。,2018-04-30 23:30:16
3344,225,何斯召,力荐,最好哭的竟然是她为了见他掀起了一场海啸…奔跑在浪上的女孩…,2022-01-30 20:35:03
3345,225,天蝎小猪,力荐,波妞和宗介，好羡慕你們啊...,2008-10-18 22:58:23
3346,226,孔小洞,力荐,我可不可以把它看成一部公路片，某种程度。,2010-04-19 20:52:26
3347,226,Kaito,力荐,公路片是建立人物情感联系的最好模式,2014-04-13 00:07:57
3348,226,袁牧,力荐,湿了，好莱坞现在不这么拍片了,2010-01-23 01:37:32
3349,226,Ex,还行,如果影片可以不那么拖沓.我会把它列为四星.结尾很感人.中间有很多情节可以砍掉.,2006-07-23 14:47:48
3350,226,Alkis_Tangelis,力荐,生活在自己的世界里，也可以让周围的人显得可笑和渺小。赞。另外达斯丁霍夫曼演的太赞。,2009-09-26 15:04:48
3351,226,曼靑,较差,我天!! 花兩小時十三分鐘看完這麼一部電影 眞昰讓我對自己佩服又無語。我不知道8.5分的高分來自哪裡 所以大家也不要罵我不喜欢。像一部冗長沉悶的公路片 一路上就看著自閉症哥哥的傻子表演。眞昰看得我要崩潰。儘量不會再看舊電影 太無趣了、太啰嗦了。,2014-01-11 20:35:44
3352,226,Cherry,力荐,演技派与偶像派的完美结合，感人,2005-07-16 23:00:37
3353,226,P,推荐,ray……听上去很像rain，愚顿的哥哥曾经对心爱的弟弟说，我是rain man。直到生命进行到成人的阶段，弟弟才突然想起，童年时，他的生活中曾经有一个爱他疼他的雨人……,2006-06-12 10:03:02
3354,226,宇宙塑胶魔怪,力荐,Rain Man，Raymond,2011-04-05 00:44:12
3355,226,葵花卷,力荐,"""查理,带我回家""---腹黑兄控美少年与天才忠犬攻州际蜜月行",2011-05-24 12:01:03
3356,226,Q。,推荐,年轻帅气的阿汤哥，让人眼前一亮的霍夫曼。故事简简单单，配乐大气，并没有特别煽情的段落，不刻意讨好，不哗众取宠，让人看起来十分舒服，让人感动在不知不觉中。★★★☆,2011-07-08 23:18:39
3357,226,股神看不懂,推荐,剧情真的好赞的，没想到自己一直寻找的人就是自己最亲的人，查理从一开始的不接受到后来的分不开，也让人看见了他的成长，哥哥最后没有跟他走，却能得到更好的照顾。有的人觉得结局不好，但我觉得这就是最好的结局。,2016-11-06 16:42:16
3358,226,走马,推荐,任性是缺点，坚持任性就是自闭症，我不过是病的稍微重一点儿而已，就已经很难被世界容忍了,2012-12-14 23:56:24
3359,226,[己注销],推荐,（9/10）现在的电影大会基本上都被特效大片和言情吻戏给占领了，其他类型的片子很少有拿大奖赢票房的机会，可在80年代，却是这样一部纯粹的讲述人与人情感的作品拿下奥斯卡，没有火爆打斗和赚眼球的福利。片中在拉斯维加斯赌钱的那几分钟剧情启发了王晶，于是就有了《赌神》这部经典作。,2013-10-01 00:07:42
3360,226,私享史,推荐,本片和几年后的《费城》一样，通过故事向公众“科普”当时尚不为公众所了解或正确了解的病症，其社会意义远大过电影本身。拿国内同样自闭症题材的《海洋天堂》来比较，则本片很巧妙地展现了AS/HFA的各种症状，而《海洋天堂》却并没能把ASD的主要症状传达给观众，纯粹沦为了道具。Sony Watchman第一次见,2014-01-30 01:04:53
3361,227,半袖,力荐,没有触目惊心的科幻大场面，娓娓的说伦理、说基因技术的双刃剑。让我落泪的点不是主角们，而是最后那个医生，原来他一直都在帮助Vincent，这种梦想一旦被共享，也就推动了第一块多米诺骨牌。有趣的是，片名本身是由DNA的碱基组成的，片尾字幕显示剧组成员名字时也是先凸显出G.A.C.T，很有心思的小细节。,2008-02-24 16:32:47
3362,227,同志亦凡人中文站,力荐,人类的历史就是一部歧视史，财富、地位、年龄、性向、肤色...基因决定人生，不过是把这种歧视从人的出生开始以科学的形式固定下来。电影想讲述的是：我也许没有伟大的基因，但我有一颗造梦的心——我就是那个统计学上渺小到不计、但没人可以抹去的1%。,2013-02-02 20:45:00
3363,227,根,推荐,长伊桑霍克这样的被认为是基因差……,2017-06-09 14:40:48
3364,227,Doublebitch,力荐,当你有梦想 全世界都会帮你,2010-08-01 19:43:57
3365,227,丁小云,力荐,看了这部《千钧一发》，没想到还真不错，男煮饺儿追求梦想时不给自己留任何后路的精神真鸡巴励志啊……这种励志非心灵鸡汤式励志，而是心灵牛鞭汤式励志……我们曾经都是星尘，莫名其妙地来到了父亲的睾丸里，来人世走一遭后重新变成星尘……反正迟早变星尘，不如追梦尽情活……,2012-04-11 21:55:30
3366,227,撒旦的表妹,力荐,看名字以为是恐怖片，没想到是这么走心的风格。裘德洛的出场太惊艳了，那双眼睛，那个孤傲的眼神和表情让人难忘。可他最后结束自己生命的方式太残忍了，难以接受。,2012-04-07 23:01:50
3367,227,荔枝超人,推荐,“我只是把身体给了你，你却让我分享了你的梦想”（Nyman先生的配乐太惊艳,2008-07-27 16:04:13
3368,227,私享史,推荐,问题不在于基因，也不在于决定论，而在于一种万恶的标准和秩序，试图消灭美妙的多样性。,2012-04-07 23:59:38
3369,227,阿子,推荐,现在再看，还挺腐的。。。,2010-05-27 21:16:51
3370,227,巽,推荐,这名字译得太搞了～＝＝,2007-12-25 13:43:07
3371,227,cincin,推荐,一个凄美的基情故事,2010-10-04 01:17:29
3372,227,川总,力荐,古怪的老电影气质，很励志，有点基。世界若是真的如此不公平，那我们就集体作弊去吧。,2012-03-10 12:44:47
3373,227,无心,还行,UMA太漂亮了,2008-06-29 03:50:00
3374,227,黄青蕉,力荐,科幻版天才雷普利,2011-12-21 23:55:51
3375,227,20个小明≯,推荐,非常优秀的科幻电影！小时侯看过一次，丝毫没有察觉这居然是97年的作品 !今天重温依旧无法看出，当时囫囵吞枣也没法理解其中深意，如今看过后不禁唏嘘感叹！影片各个方面都堪称精品！导演对节奏拿捏得非常精准，看似平淡的叙事，表面下却暗流涌动！好剧本、好配乐、好演员、好导演，成就一部好电影,2011-04-15 22:33:01
3376,228,V,力荐,那时甄子丹还没出名，在演大反派，林青霞因为《东方不败》、梁家辉因为《情人》都红到爆，但该片的最大受益人却是张曼玉。那个风骚入骨的客栈老板娘，成了武侠影史上跳不过去的一页。今后恐怕没人能比张曼玉演江湖客栈里的老板娘演得更好了。,2009-03-28 20:04:41
3377,228,MaTown,推荐,当年看到最后把甄子丹的脚剃成骨头的时候我还吓了一跳,2008-12-26 14:48:23
3378,228,少年夏不安,力荐,大漠孤烟直，长河落日圆。感觉这才是中国的西部片。茫茫大漠里一间小客栈里面各种势力的冲突纠葛。话说原来那双刀鞑子男才是扫地僧般的存在啊。,2010-11-04 15:09:02
3379,228,老鸡｜扶立,力荐,这部片子里面最帅的其实是小二,2008-01-10 17:07:55
3380,228,轰小云@七汉字,力荐,"三步一个青霞, 五步一个曼玉, 甚是享受",2008-05-24 20:45:58
3381,228,伍德与夏洛蒂,力荐,无法超越的喜欢，风流却不下流，严谨却也狡猾的周淮安。风骚却不下贱，义气却不蠢钝的金镶玉，以及外刚内柔的真女人林青霞。比起后期的沉默气质，我更喜欢这与青蛇时期的张曼玉。每个演员都无出其右，每个节奏都恰到好处。心中最深的火舞黄沙之梦，有余悸更有不舍。,2011-03-16 20:41:26
3382,228,古西亦古奇,力荐,金镶玉，没人能超越,2009-05-18 12:41:17
3383,228,木卫二,力荐,我不像你一样，有勇气面对这片沙漠,2006-04-14 10:58:31
3384,228,北影厂彪哥,推荐,张曼玉真是风骚啊,2006-02-18 12:04:59
3385,228,元宝宝,推荐,张曼玉将金镶玉风骚入骨敢恨敢爱的性格刻画的入木三分。林青霞和梁家辉亦将江湖儿女的情怀与抱负演绎的丝丝入扣。其它一众配角个个可圈可点，经典之作。,2017-03-20 16:03:35
3386,228,伊谢尔伦的风,推荐,梁家辉果然比李连杰好多了……,2012-01-08 20:12:53
3387,228,赱馬觀♣,推荐,本片素材来源之一的迎春阁本属于谍战卧底戏。店家双重身份但立场坚定任务明确。徐克只取其女老板和男伙计的角色构成，然后搁到老龙门救孤的故事架构中，并且有意放大了客栈的灰色属性，金镶玉不选边不介入两边通吃。这就使得新龙门更像瑞克酒吧。而在北非谍影的叙事体系中，瑞克是绝对核心，维克多立场固化爱情下风，双向偏弱。徐克不想如此。他习惯塑造三强点的爱情纠葛：周淮安必爱邱莫言，金镶玉只在自多情。可龙门客栈偏偏是她的主场！爱情失意，戏份充足，左右逢源。所以观众仍会觉得张曼玉很出风头。但通片最出风头的一定要交给最低调的那位。个人以为伙计剔骨取法影武者的火枪盲射士卒，小人物突然决定了大事件。不管是否联想太多，至少它遏制了传统武侠强强对决那种极度彪扬的气势，平添几分人算不如天算的黑色反讽意味，更贴合了九零时代思潮。,2019-09-05 04:02:05
3388,228,ᥫ᭡້໌,推荐,那个时候的审美就是风情之美，现在的审美感觉在下降。。,2017-02-17 18:46:05
3389,228,焚紙樓,还行,不似正邪之爭，而是無情（宦官）和有情人的對立，且是精神生理併行：周邱之間的男女之愛、邱金之間的女女曖昧、金周之間的性吸引力、以至孤人小二對喪父姊弟類似親情投射的情誼，再再都是沒陽具便不配有的關係。相較於劇外比劇內陣營還多還雜的洋片典故，這個安排倒是非常的「中國特色」，獨一無二啊。,2018-02-21 23:01:30
3390,228,潇潇暮雨,推荐,经典啊，现在几乎没了啊这种纯正武侠风,2017-08-22 01:03:04
3391,229,Dululu,推荐,结局真多余。。。。。。。。,2010-12-04 22:08:49
3392,229,眠去,还行,唯独最后一刻他说，我一直等那个人从美国回来，眼泪真要随女主角一样掉下来。可是我，已经不相信这种王子和丑小鸭的故事了呢。要知道，初恋的美好在于，它没有后来。,2012-02-13 14:22:50
3393,229,六兔,力荐,一场强大的暗恋背后其实还有另外一场相反的暗恋,2010-12-02 10:24:53
3394,229,米哑，,力荐,你有几个最佳损友，她们陪你分享你心里的小秘密。你在初中小心翼翼的喜欢一个男孩子，你收集关于他的一切消息，你在你们共同上学需要走的小巷口左顾右盼，你记住他的每一句话，你为他做了让自己可以变得更好更美的所有事情，那些好长好长的岁月里你只是想让他看你一眼而已。,2010-12-02 21:39:01
3395,229,Nobervem,力荐,泰国电影是把青春期唯美小清新拍到极致了！,2010-11-29 12:43:42
3396,229,要早睡啊minami,推荐,要不是这狗血的结尾我会打五星的！最让我感动的反而不是初恋了，是这群丑小鸭之间的友谊，让我想起我初中时候的那群小姐妹，“朱古力跳跳队”——谢十三、吴玲、杨秀丽、徐星云、拉链、吴美，还有我，一共七个，傻妞！十二万分怀念那个时候的我们……向青春致敬！,2010-11-30 01:48:42
3397,229,玛琦,推荐,游泳池那段哭得我稀里哗啦 现实生活到那里就结束了,2010-12-10 16:51:16
3398,229,又又,力荐,看完了半个小时 心情总算稍微平稳了点 可是现在打字的手还是在不停地抖 沉积了两年半的泪水不听使唤地流 那些本以为已经忘了的疯狂日子一一重现 那一件件死党们陪我做过的渺小疯狂但惊心动魄的蠢事 那个在角落里偷偷看着你的卑微的我 那个我喜欢了三年疯狂地追了三年的你 ……,2010-12-01 23:19:38
3399,229,顾小贝,力荐,不是每个丑小鸭都会变成白天鹅，但每个丑小鸭都会倾心的爱过,2010-12-11 09:26:49
3400,229,Rue L,,那英语老师是凤姐么- -  什么时候去泰国发展了。。。,2010-12-03 16:08:25
3401,229,陪你喝咖啡,力荐,虽然剧情已经无心意了 但是还是很！！！！！！！！！！！！你懂的,2010-11-30 18:34:36
3402,229,Q。,还行,“我喜欢你，我做的一切都是为了你。”一部很纯情很清纯很阳光的泰式爱情电影，故事本身并不多出彩，甚至让人觉得狗血过头，但我相信这是一部让几乎观影的每一个人都能在电影里找到共鸣的影片。能够回忆起曾经自己初恋暗恋的那些小事，回忆起儿时朋友间玩闹的趣事。btw，“凤姐”蛮可爱的。★★★☆,2010-12-03 03:12:01
3403,229,蘑菇™不开花,推荐,MLGB，同样是暗恋，哥只能换回“其实你是个好人”,2010-12-07 14:54:31
3404,229,石榴花——请给我草莓味的砒霜。,推荐,我好想跟男主角初恋啊！！！要不然初夜也行……,2010-12-14 00:43:09
3405,229,A 涂,推荐,我一定要学会假摔,2010-12-14 14:40:43
3406,230,Lou Lou,推荐,那一颗星星是被吓掉的,2010-12-12 15:50:14
3407,230,XU,力荐,舞台上那段黑天鹅太惊艳了！！！！！！Natalie这牛逼演技！！！！！！,2010-12-20 17:34:07
3408,230,黄妖柒,还行,有点无聊 教育我们不要逼自己太紧,2010-12-20 12:05:47
3409,230,sabretooth,力荐,不配5星，至少20星。,2010-12-12 17:04:26
3410,230,晚晚,推荐,在离成功还差一步之遥的时候请不要丧心病狂,2010-12-04 15:14:41
3411,230,sasasasa,还行,演的太像戏，拍的很刻意，惊你妹悚啊,2010-12-21 20:53:36
3412,230,jojo,还行,就是个外国版“不疯靡不成活”的故事，加那么一点《钢琴教师》的桥段，怎么说呢，虽然natalie很用力在演，不过总觉得缺了点什么。剧本如人，可能是神经太紧绷了，反就不容易好。,2010-12-21 03:12:46
3413,230,柴斯卡,,一则少女小品，抄今敏不要抄得太凶残。论情欲的舒展如何提升艺术造诣。没人想与一具僵硬、羞怯、充满抵抗的躯体做爱。伟大的艺术家要心怀fuck the world.控制欲强的长辈太可怕了。压抑得越深则痛感越强烈，不过爆发得也会越猛烈吧。trust yourself.,2015-04-11 21:57:56
3414,230,Hao,推荐,完美主义的确是一种失败的人格学说，直接导致走火入魔丧心病狂。Portman演得好用力，看得我心里发毛。假如她凭此片拿小金人的话，不为过。,2010-12-21 20:30:40
3415,230,Q。,力荐,“我感受到了，感到了……完美。”一段用走火入魔来成就的完美，亦真亦假、亦实亦幻。影片从始至终都弥漫着黑暗的色调，很惊悚，很压抑，无论配乐还是摄影都极其吸引观众。娜塔莉·波特曼颠覆以往，奉献了一场精彩的演出。★★★★★,2010-12-22 01:26:29
3416,230,Doublebitch,推荐,其实没想象中精彩，精神分裂的表现力度不太够，手法也比较陈旧，差出fight club几个档次，大半夜的愣是没让我有一丁点紧张或局促的感官反应。反倒是配乐和Natalie的精彩表演收服了我，整部电影在交响乐的烘托下活像一出慷慨悲壮的天鹅舞剧，Natalie美翻了,2010-12-22 02:41:51
3417,230,jumbu,推荐,旧酒无味，但新瓶子很美。,2010-12-22 12:56:11
3418,230,城南草木生,力荐,好看到呛着人，波特曼就是一直被过于标致的容貌给拖累的公主，这是要飞起来了，看到干巴成那样五官依然标致的前公主薇诺娜赖德又出来跑龙套好心酸,2010-12-21 22:05:42
3419,230,桃桃林林,推荐,镜子用多了，想不精神分裂都难。故事基本就是天鹅湖的变奏，与《摔跤手》一样的手持摄影，却少了摔跤手的写实风，多了些超现实的感觉与舞台味。女主、摄影、配乐、女配都很有实力。波特曼，好运！,2010-12-21 22:50:18
3420,230,胡子（胡续冬）,力荐,做三好学生不容易啊！,2010-12-27 22:51:32
3421,231,战国客,推荐,那个从未露面的老爷真是设计巧妙~~,2008-03-02 22:17:09
3422,231,momo,还行,不太喜欢这种单纯描述一个人怎样被“封建礼教”玩坏的过程的电影，主题一开始就很明显，过程也比较平淡没啥惊喜，除去牛逼的电影拍摄手法，牛逼的配色，牛逼的演员之外，这种电影拍的意义是啥？,2016-07-28 12:46:14
3423,231,胡克,推荐,这片之后让我对总是满脸笑意过分热情的各种阿姨十分抵触,2007-04-14 10:47:50
3424,231,露水十一,力荐,以前的娱乐活动还是少，才有了大红灯笼的悲剧。换这会一个太太给台电脑上个网。谁管你老爷来不来啊,2011-08-09 18:08:20
3425,231,bird,力荐,张艺谋没给最大的爷一个正脸镜头，这才是谋子最棒的片。,2014-05-16 23:14:25
3426,231,彌張,力荐,太爱那悲凉的气氛了。尤其是清晨三太太在屋顶唱戏，美到极致了！,2009-06-08 11:15:21
3427,231,Ragdoll™,推荐,大太太甘于沉寂二太太活得太累三太太通透了了仍是戏散曲终空繁华一场四太太清高拿劲儿迫从流俗不知道自己想要什么想要了又止于落目该出招时不出招不该出招瞎得瑟害人害己纠结矛盾不知惜命疯有可缘 雁儿最可怜 心比墙头瓦高命比灯笼纸薄 败在倔强毁在看不开 深宅大院未必封建云云 不过缩影尘世冷暖罢了,2010-12-14 11:37:16
3428,231,SASKIA,推荐,小時候，你看電影，只是看，很多電影，你長大后，應該再看一次。,2012-08-26 02:07:52
3429,231,shininglove,力荐,大雪纷飞没古城，深墙大院要掌灯。三妻四妾死人井，疑是红颜殒葬声。,2015-07-26 02:37:10
3430,231,洗头油|盖盖儿,力荐,以前说“有人管是一种福气。”估计现在说“有人日也是一种福气。”应该没有人不答应。院里的人所有的高潮都被两个字——锤脚所隐喻了。个人认为这是张艺谋艺术成就最高的一步，无论是从画面、配色、故事构架上来讲都堪为经典！挂灯笼的那个镜头好侯孝贤，后来发现监制就是侯总的哇~,2009-09-13 16:26:17
3431,231,同志亦凡人中文站,推荐,工整对称的画面美学，本身即像封建宗法所谓的规矩。 符号隐喻多得不寒而栗。国师那时的叙事真是简洁啊，好多内容直接就用红灯笼和梆子声交代了。,2014-05-26 16:13:19
3432,231,Ocap,力荐,私以为这就是一部真正的中国恐怖片，“封建”二字即其心脏。前三分之二尚有扭捏，不料最后开挂，完美的镜头调度与变味的京剧乐里应外合，把一切推向真相解放与心理失控的双重高潮，就此羽化登仙。这是我第一次感受到张艺谋超脱国师之名、作为世界级导演的疯狂。比《活着》牛逼，不出意外是他巅峰之作。,2017-03-07 23:38:13
3433,231,Dolores,力荐,张艺谋颜色运用的巅峰之作。,2008-08-06 17:53:54
3434,231,冰红深蓝,力荐,"张艺谋代表作,威尼斯银狮奖。①极具形式感与象征性,幽深闭锁的深宅大院,点灯吹灯封灯,锤脚点菜;②批判传统封建制度,男权至上,勾心斗角与相互算计;③浓烈的色彩,从红艳灯笼到阴森诡异的黑灯笼,从暗青砖墙到皑皑白雪;④点题的京剧唱词和飘渺配乐;⑤结尾的抽离与叠化,没有春天,只有宿命与疯狂。（9.0/10）",2015-07-25 01:02:48
3435,231,林||我们谈什么都像谈死！,推荐,捶脚那个性寓意太浓了。监制是侯孝贤。,2009-05-16 14:33:10
3436,232,Dr.Moth,力荐,伙计们~还有什么比这个更棒的?,2008-07-05 07:55:43
3437,232,战国客,推荐,少见的超越首部的续集，动作片中的经典~~,2008-06-24 22:27:48
3438,232,小海,力荐,这是在1991年啊，重复，这是在1991年啊！,2016-03-16 22:49:56
3439,232,Nakedself,力荐,金属狂躁！！！T1000的空前绝后在于一个机器人居然真的具有妖气。,2006-05-17 16:02:10
3440,232,蜉蝣,推荐,液态机器人的创造者叫戴森，所以脑袋就经常被轰成中空的圆形。（胡扯==,2019-02-03 16:17:03
3441,232,朝暮雪,力荐,"影史少见的第一部就足够经典，续集还能超越第一部的电影。
《终结者1》中，约翰·康纳将里斯传送到过去；
里斯又和莎拉·康纳生下约翰·康纳，形成一个闭环。
《终结者2》也是如此，正是天网将T-800传送到过去，才让人类得到终结者的芯片，从而得到灵感发明了天网，互为因果。
所以他们要找到迈尔斯·戴森，打破这个循环。
迈尔斯·戴森在平行宇宙是发明天网、间接毁灭世界的罪魁祸首，在这个宇宙却成了以生命为代价保护人类的英雄。
约翰·康纳对母亲的态度的转变也让人感触颇深。
他一直以为母亲是疯子，是失败者。
直到有一天，他发现母亲说的一切都是真的。
天网将T-800的中央处理器设为只读，防止他产生思想。
这样一个没有感情的杀手，竟然愿意通过终结自己，换来世界和平。
谁说机器不能有人性？
烈焰中竖起大拇指的镜头堪称影史最震撼瞬间之一。",2012-08-18 02:03:39
3442,232,贾斯汀,推荐,液体机器人好帅,2007-08-23 16:30:42
3443,232,天蝎小猪,力荐,终结者三部曲中最经典的一部,2007-09-13 17:03:10
3444,232,酸辣小星星,推荐,最大的光芒，就是这个肌肉发达不苟言笑的机器人学着人类勉强的挤出一丝微笑，还有最后沉入沸腾钢水炉里伸出的那只翘着大拇指的手。有思想的机器人，可以让人感动到泪流满面，但仍能学到人类的贪婪狡诈，这是个矛盾。所以在温情下，我隐隐的看到有思想有感情的机器人所带来的未来的恐惧。,2010-09-26 11:26:54
3445,232,xjxiidjsns,力荐,I'll be back,2008-10-20 10:23:09
3446,232,冰红深蓝,力荐,"詹姆斯卡梅隆的巅峰之作,永远的科幻经典。1.传统模型和化妆特效为主，电脑CG为辅；2.创意十足的最强反派：T-1000；3.施瓦辛格最好的表演；4.兼具动作片的爽快、科幻片的气魄与哲思、喜剧片的爆笑和文艺片的温情；5.机器人学习情感,以机器反思人性,揭示人的自毁倾向；6.""点赞""一幕至为感人。（9.5/10）",2015-06-09 17:36:42
3447,232,托尼·王大拿,力荐,宿命的终结，伟大不仅在于超越时代的特效。,2010-10-10 17:15:45
3448,232,唐小糖·,,看这个我也能看哭，我多感性啊·,2009-06-03 16:17:30
3449,232,米粒,力荐,真是太好看啦！在电脑上看完全完全不行啊，必须抓住任何荧幕放映的机会！！冷面壮汉（这里很好地利用了施瓦辛格演技方面的不足）配眼神忧郁的正太，再加上造型那么经验的反派，完全被秒杀。根本不像20多年前的片了。更何况这种把现实和未来画成一个圈的结构真是了不得，卡梅隆每个剧本的完整度都特别高,2012-03-25 11:54:11
3450,232,草威,推荐,比3强太多了,2008-04-30 14:01:01
3451,233,苏比,力荐,"在我最美好的时间,我最喜欢的人不在我身边。如果时间可以重新开始该多好。",2009-04-03 23:50:32
3452,233,暖鱼,还行,090331美嘉——这样的片子还是不适合在电影院看——人多的时候看这样的电影，就是一个旁观者。,2009-04-01 01:33:35
3453,233,影志,力荐,一个沙漠的后面是另外一个沙漠，一个人有烦恼是因为记性太好。“你越想知道自己是不是忘记的时候，你反而记得越清楚…当你不能够再拥有，你唯一可以做的，就是令自己不要忘记”,2009-04-25 16:31:38
3454,233,眠去,力荐,如果感情是可以分胜负的话，我不知道她是不是赢了，但我很清楚，从一开始，我就输了。,2008-10-21 08:14:39
3455,233,巴喆,力荐,王家卫是借金庸的皮拍出了古龙的骨，在这里没有侠之大者，只有浪子、痴心女和大漠。　“风也未动，幡也未动，是人心自己在动。” 这漂浪的人生正如大漠一望无垠，在时间的灰烬中只想和你浪迹天涯，客死他乡。太喜欢陈勋奇的配乐《天地孤影任我行》：一去不返，一眼万年。8.6,2012-12-29 20:29:01
3456,233,[被停用],,后来我看见很多观众解读《东邪西毒》和《东成西就》的联系，其实完全没有的，唯一的联系就是演员是一样的，他们白天去拍《东邪西毒》，像死了亲人一样，晚上来拍《东成西就》，像吸了毒一样，都要发疯了。”,2015-02-28 07:01:43
3457,233,UrthónaD'Mors,推荐,“每个人都会经历这个阶段，看见一座山，就想知道山后面是什么。我很想告诉他，可能翻过去山后面，你会发觉没有什么特别，回头看会觉得这边更好。但是他不会相信，以他的性格，自己不试试是不会甘心。”,2009-05-07 17:44:23
3458,233,莫沂,推荐,还是最喜欢张曼玉在窗边那几段……,2009-02-24 12:27:02
3459,233,蓝下老婆,还行,为啥分这么高，没有觉得剧情有多好，如今看来里面都是大咖，当时看不会这么觉得吧,2017-04-01 11:37:44
3460,233,泪小鱼|念。,力荐,给我一坛醉生梦死酒。,2006-12-02 20:50:17
3461,233,sharon,还行,我能说我更喜欢东成西就吗,2017-03-23 23:33:32
3462,233,趙小漁,力荐,已經好久沒有這麼NB的片兒出現了……我懷念那個NB的時代……,2008-05-04 17:49:08
3463,233,无敌的我,很差,感觉全片都是爱，爱，爱，杀，杀，杀像是在读一个初中女生的写的烂俗小说。全是装腔作势的台词，和缺帧看的人头晕的打斗场面。甚至感觉没有一个好看的室内布景，好像所有的人物都脏兮兮的。实在有些欣赏不来。,2019-03-06 21:12:25
3464,233,曼仔,还行,高度风格化，完全诠释了电影是造梦，非常任性地构建自己的审美王国。不过我不喜欢。画面与调度再美，也没挡住台词的雷人……实在受不了这种台词风格。不过其实还是挺冷幽默的，可以当dark comedy来看？,2016-07-02 05:09:40
3465,233,张熊熊,力荐,男的都在逃，女的都在等。等待是绝望的，因为身不由己。所以等的人，往往要比逃的人更有勇气。感情和武功不一样，没办法分出第一第二，在感情里较劲的人，其实从一开始就已经输了。回不去的白驼山，不过是心魔作祟作茧自缚，看到简单又直接的洪七，我也好妒忌。,2018-08-02 14:22:34
3466,234,Q。,推荐,没看过原著的人可能会被不少人名弄混淆。色调是越来越暗，整个电影就是无尽的奔跑，除了中间部分略有拖沓，上下部分节奏控制得很好。电影中零星出现的笑点总是能逗得整个影院哄堂大笑，特别是哈里与赫敏在帐篷那段舞蹈尤为打动人。Btw，死亡圣器的那段童话故事的皮影戏个人觉得十分有意思。★★★★,2010-11-19 03:02:40
3467,234,foldedawn,,请三兄弟角逐奥斯卡最佳动画短片。,2010-11-20 00:04:23
3468,234,天亮天黑,推荐,1.为什么不拍成连续剧？太多奇妙的细节都没表现出来。2.关于死亡圣器三兄弟的动画绝对是一个惊喜，出乎意料的好看。3.这位导演你是不是个瞎子啊，为什么对黑色那么偏爱，从TM凤凰社一直黑到现在！,2010-11-20 21:07:19
3469,234,Mumu,力荐,火车被搜查时那个男孩儿说my father will hear about this，如果是字幕组一定会翻译成我爸是李刚吧……,2010-11-19 15:21:13
3470,234,欢狸猫,推荐,"1.片长2小时13分钟(除片尾字幕); 2.基本忠实原著,主色调比较黑暗,不少惊悚画面, 带小孩看的注意 3.零星几个笑点都挺好笑的; 4.赫敏越来越标致了; 5.没读过原著的看来来可能理解有些费力.6.动作场面略欠火候; 7.哈利和赫敏的裸戏大亮",2010-11-17 20:13:06
3471,234,卡卡卡,力荐,当哈利深情望着赫敏搂着她在帐篷里翩翩起舞时，当赫敏倚在哈利肩头用温柔的声音道圣诞快乐时，当哈利和赫敏赤裸相拥在冰河上贴身激吻时，我怒从心起！！导演你少拍点奸情戏会死会死啊！！！仍然给5星，为赫敏的颜。,2010-11-18 20:45:09
3472,234,D I D A,力荐,如果不是最完美，也是最完整。当血染半身的罗恩用黑色的眼眶爆发出演技的光彩，当缱绻伤怀的赫敏跳着平凡简单的舞步面对贝拉的折磨，当哈利收起小天狼星的相框面对双亲的坟墓呢喃道：Merry christmas，当小精灵多比满噙泪水躺在“朋友”的怀中沉睡……这场成人礼，即使沉重也足够完满。,2010-11-19 23:32:34
3473,234,西弗勒斯.斯内普,推荐,比较忠实原著，节奏感较强，笑点不多但不错，魔法部那段太有喜感了！略有瑕疵，有些书本里没有的，本可以拍出来使影片更精彩的部分，就这么一笔带过了（比如：穆迪的牺牲），实在可惜。 我给4颗星吧。,2010-11-17 17:15:39
3474,234,畅M,力荐,多比一生都在寻求尊重和平等，他在哈利身上得到了这些，并且愿意为哈利舍身犯险付出生命。,2020-09-12 00:18:35
3475,234,小晗要当锦鲤,推荐,长大的哈利背负了好多好多的责任,2018-04-18 19:30:51
3476,234,BranT.B,力荐,多比没有主人，多比是一个自由的小精灵 😭😭😭,2022-05-28 17:18:34
3477,234,宇宙塑胶魔怪,还行,这大概是今年我看过的电影里最悲情的开头了：赫敏在照片中的影像随着魔杖一点点消失，坐在车里心事重重的佩妮姨妈，已经白发苍苍的弗农姨夫，无论你是爱他们抑或是讨厌他们，诸多情绪，都随着AD的obliviate远去。,2010-11-19 00:43:08
3478,234,TORO VAN DARKO,力荐,这是该电影系列中情感最丰富的一部。其实此系列早不再是展示魔法炫耀特效的大片，只是到了这一部导演才成功平衡了叙事，情感和特效，使其成为拥有情感内核的优质剧情片。一直抱有错误期待的观众自然会失望，而在我心目中这是迄今最好，最忠实原著，也是个人最喜欢的一部，就算有缺陷也瑕不掩瑜了。,2010-11-25 07:56:18
3479,234,影志,推荐,把期待降到最低的结果总是会有惊喜，比第6部好看很多，故事和感情线都非常有血有肉的一部，虽然依旧是那么冗长、无高潮，但细节、情感都更细腻动人，意犹未尽。看到结尾处，真希望它不要结束，永远演下去……《哈利·波特》即将谢幕，等待(下)集上演时，我很难保证自己不会大哭一场……,2010-11-22 23:08:08
3480,234,Xenophilius,力荐,一开始就给了个悲情的基调  看得难受但却很像看完  大概是看完书太久 很多情节都不记得了  这部比起之前的 大家的演技都大涨呀,2010-11-18 02:13:33
3481,235,杜,推荐,当法国人不讲情义，美国人不讲人权，德国人不讲原则，英国人满脑浆糊，犹太人大开杀戒，希特勒就死了。,2009-11-21 11:29:08
3482,235,大头绿豆,推荐,流畅，看起来毫不费力。除了布拉德皮特显得格格不入，除了地下酒吧那场居然不收拾现场有些BUG，除了绑着TNT居然能混进元首活动场所很无稽，其他都很好，很完整，完成了电影所能给出的最重要的功能：娱乐。,2010-07-26 10:40:58
3483,235,喵过留影,推荐,这部电影告诉我们：绝对不能相信美国人！,2009-12-03 12:14:34
3484,235,荞麦,推荐,重新看了一下开头：德国军官是如何在十分钟之内让一个大老爷们儿崩溃的。,2012-07-14 21:54:53
3485,235,Minjie,力荐,昆汀的恋足癖还是藏不住啊。,2009-11-20 03:49:04
3486,235,JACK,力荐,冲着皮特和昆汀去的，结果被德国太保给迷住了,2009-12-08 09:27:24
3487,235,sasasasa,推荐,Waltz屌，虽然片子一堆问题,2009-09-09 10:07:44
3488,235,文森特的耳朵 | 生命短促啊,力荐,看到女主角对着镜头外的纳粹大笑，简直肾上腺素爆增啊。,2010-10-17 10:30:09
3489,235,马耳朵,推荐,这是一部非常离奇的二战影片。,2017-08-25 00:11:19
3490,235,jj73浅之,推荐,美国人与德国人的对比太好玩了，喜剧与正剧间的平衡，昆汀还是那个昆汀，看得那叫一个爽！克里斯托弗·瓦尔兹演得太好了～,2009-12-12 23:10:39
3491,235,光年‖影视歌三栖民工,力荐,红衣女子因为恻隐之心送了命，是少数几个正常点的黑色幽默。。。,2009-11-20 23:13:15
3492,235,王xx,推荐,学好外语很重要！,2010-03-22 21:10:19
3493,235,猫小姐,还行,昆汀同学越来越变态了 ，比北野武还杜琪峰。,2009-08-23 10:21:27
3494,235,yuςii,力荐,"天才這次拿出了歷史,以影史破壞影史,甚至燒毀影史,瓦解歷史,誓要引領影迷在面對歷史的同時要走出歷史.",2009-09-03 23:01:34
3495,235,桃桃林林,力荐,电影的魅力，他用电影创造历史,2009-11-23 16:07:24
3496,236,Ridden,力荐,如果有六颗心我就打六星，如果有十颗星我就打十星，别问我为什么！,2007-08-25 03:16:07
3497,236,伊豆,推荐,当时很不能接受的是，许仙竟然和小青有暧昧。不过长大之后再回想，男人，可不就是这样的么。,2008-10-14 11:25:26
3498,236,眠去,力荐,姐姐，你为了一个许仙放弃千年道行，值得吗。,2007-03-03 12:30:05
3499,236,囍夭夭,力荐,每个女人，也希望她生命中有两个男人：许仙和法海。是的，法海是用尽千方百计博他偶一欢心的金漆神像，生世位候他稍假词色，仰之弥高；许仙是依依挽手，细细画眉的美少年，给你讲最好听的话语来熨帖心灵。,2007-07-18 12:27:03
3500,236,光年‖影视歌三栖民工,推荐,作为一个性格被阉割的男人，青蛇那一剑捅得好！,2008-10-31 23:54:10
3501,236,missfaye,力荐,真正觉得不辜负原著的一个电影,2005-12-13 23:13:39
3502,236,老鸡｜扶立,还行,扭啊扭……扭啊扭……,2008-01-10 17:21:34
3503,236,诸葛若见,力荐,人生如此，浮生如斯。小时候看到的是群妖乱舞，大点看到的是情欲纠葛，昨天再看的时候是悲悲戚戚。谁人言，花彼岸，此生情长意短。谁都是不懂爱的罢了。,2011-11-27 14:25:31
3504,236,罗弘霉素,力荐,李碧华的爱情模式，得而失才让情更刻骨，碎彻底才让痛更铭心。青蛇与法海交欢的戏藏得够深，很有佛理。,2012-08-11 14:49:38
3505,236,布宜諾斯,推荐,赵文卓太帅了太帅了！！！！！,2010-08-16 08:54:53
3506,236,2013,还行,红玫瑰与白玫瑰——青蛇与白蛇——许仙与法海。诱惑的两面。,2006-09-11 15:59:06
3507,236,文泽尔,推荐,徐老怪拍的最美的一部片子，连法海都是赵文卓，有这样的白蛇传么..,2007-09-26 20:42:50
3508,236,白色微风,推荐,哼，我一眼就看出你不是人。大胆妖孽！我要你原形毕露👎🙌[保佑]，大威天龙🤟般若诸佛👌世尊地藏[响指]般若巴麻空，现行🤘，大胆亵渎我佛✌️杀👆杀🖕杀👇杀☝️雕虫小技，竟敢班门弄斧，大威天龙🤘，大罗法咒🤙，般若诸佛🖖，般若巴麻空🤞，移山🤸‍♂️🤸‍♀️飞升🏄‍♀️🏂。哼，这样的法术还死撑，🤲🙌收了你们，袈裟[保佑]。不知天高地厚，还在那🧘‍♂️[保佑]，根本没把我放在眼里🧘‍♂️。飞龙在天🐉，去🏄‍♂️。,2020-05-21 01:06:30
3509,236,寂地,力荐,"也是非常喜欢的,第一是两个女人太美丽了.第二是,音乐太棒了",2006-01-01 15:29:38
3510,236,同志亦凡人中文站,力荐,情欲流转，媚尽浮生，带着点纸醉金迷、末法时代的气息。只是李碧华原著中法海是想把许仙占为己有的，估计因为太惊世骇俗所以被徐老怪无情喀嚓了...不管怎样，很美，美到绝顶！,2012-07-05 16:44:48
3511,237,裘笛,还行,"我不否認在觀賞度上，這是部精彩的電影。剪輯犀利，節奏甚好，男主男配都有優秀演出。但是我不認同裡面所肯定的價值觀。亦即用肉體/精神虐待逼迫出來的人才是真天才，並認為這種""犧牲""是必要。我只能說那是終於找到男主可以互殺互陰配一對，但在那之前毀掉了多少個喜歡音樂又有才能的學生?",2014-11-18 01:56:00
3512,237,荞麦,推荐,清晰果断。……另外这部电影真是不错的试金石，看看短评就知道了。只从中看到痛苦，而看不到痛苦之中挟裹着快乐的人，大概从没认真追求过什么。,2015-01-21 11:16:32
3513,237,张维托,还行,……还以为是我的驾校师傅,2016-08-30 03:55:04
3514,237,MatchaEmpanada,还行,第二遍看的观感落差略大……之前那种在紧张气氛下的恐惧感不在了，单靠剪辑节奏创造的强度也就少了许多魅力，倒是因为过于戏剧化的情节在心里不断减分。况且对这师徒俩哪个都没啥好感，真碰上这样的老师和同学大概恨不得一手弄死一个吧…,2014-12-15 15:44:35
3515,237,柏林苍穹下,推荐,他得到了世界，他失去了灵魂。,2015-01-07 01:36:31
3516,237,海带岛,推荐,我身边很多朋友讨厌《爆裂鼓手》。但我很喜欢。可能因为我没觉得它在讲音乐。它太绝望了，一个注定不是天才的人，期望接近不朽哪怕多一点。正因为他追求不朽的方式如此费尽心机、如此大动干戈，简直像自毁，认真得透出滑稽，我才觉得可以和他交流。这片子当时看得我挺难过，又兴奋又难过。,2015-12-12 21:28:59
3517,237,黄青蕉,力荐,我在同样变态的师傅手下呆了三年，祖宗十八代被骂了个遍，没空吃饭上厕所睡觉交朋友谈恋爱，脊椎侧弯，颈椎强直，严重慢性疲劳，什么都没干，就是学敲键盘写文章。而我的极限在我妈看来不过是纸上吹牛皮而已。这个世界从不善待努力的人，努力了也不一定会成功，但是知道自己在努力，就是活下去的动力,2015-01-12 23:03:33
3518,237,亵渎电影,推荐,J.k.西蒙斯应该能拿下男配！这片子的节奏感实在太棒了，爵士乐和剪辑简直融为一体了，还有西蒙斯机关枪版恶毒的台词，脏字就像鼓点一样密集且激烈，几场打鼓的重头戏在镜头上都是细碎古怪，靠剪辑重新赋予整体戏一气呵成且不断加速的节奏，可惜整部电影还是碎的，否则就真成大卫·芬奇了。★★★★,2015-01-07 01:10:36
3519,237,米粒,力荐,燃！爆！了！相信每个练过乐器，或者在艺术表演方面付出过汗水的人都能找到深刻的共鸣，那种对严师又敬又怕，想汲取他们的能量却感受被逼至悬崖的窒息感，想在技术上完美再完美一点却发现音乐远不止这些的惊喜与恐惧... 片子就像里面的爵士乐，是肾上腺素爆发的血汗结晶，它不完美却无可取代,2014-09-30 12:14:42
3520,237,Indecent time,力荐,励志你妹，鸡汤你娘，努力就好是废话，干得不错是毒药，人们只看结果,2015-01-07 10:30:50
3521,237,同志亦凡人中文站,力荐,是赞美还是颤抖，面对反社会人格的怒放？师徒俩用极限来磨淬才华、恨不得扼杀对方的疯狂：这个世界有太多优秀，但只有承受过系千钧于一发而不断的重量才能成就伟大。我的年度最佳，J·K·西蒙斯奥斯卡男配有戏了…,2014-10-23 17:00:05
3522,237,陀螺凡达可,推荐,音符般流动的炫目剪辑真是赏心悦目，结尾SOLO让全场观众High到爆血管，爵士酒吧似真似假的“自白”是全片戏肉。迈尔斯·特勒和J·K·西蒙斯的巅峰表演火花四溅。不过好几个段落完全照搬《社交网络》，不少情节设置为了追求戏剧化也稍嫌刻意。,2014-05-24 08:33:04
3523,237,小易甫,推荐,虽然很棒，但我非常赞同那条一星短评的观点。影片事实上不断放大恶的细节，可当你真正乐意如此近距离观察这一层面，就已经隐含了你对它的赞美。,2015-01-23 04:26:05
3524,237,口矣,推荐,这位老师教出一个大师之前会先毁掉一百个学生，而那个大师即使不需要这位老师也能成为大师。,2023-06-10 17:39:10
3525,237,根,力荐,真是太庆幸自己没有愿意为之全力以赴的梦想了。,2015-02-08 19:05:24
3526,238,私～川流,力荐,从Freddie第一次在钢琴上轻轻敲出Bohemian Rhapsody的旋律开始，我的泪腺和毛孔便会为每一缕熟悉旋律而收缩。而最后Live Aid如临现场的冲击力，让我意识到此生都没有可能真正看一次Queen的Live ——莫名的痛苦卷着鼓点的狂骚将我击溃在影院最后一排的座椅之上，鼓膜轰鸣。,2018-11-01 17:54:10
3527,238,赵贾森,推荐,坐在几百个白发的叔叔阿姨中间观影，感觉我们虽隔了二十多年但共享了一段青春。,2018-11-04 03:14:03
3528,238,Peter Cat,推荐,其实也只三十年功夫，摇滚作为行动和爱的时代已经灰飞烟灭，我们究竟生活在什么样世代？,2018-12-25 07:50:58
3529,238,爬行隧道,力荐,牛逼！！！好音乐真是颗幸福的原子弹！！！,2018-11-02 22:32:53
3530,238,螃蟹|腮脖膨客,力荐,妈妈，Life has just 毕赣,2019-01-03 17:19:18
3531,238,岛上的夏奈,力荐,看了一场不属于自己年代的演唱会，Queen的音乐真是太棒了，尽管觉得剧情和剪辑上有瑕疵，却仍旧下不去手给四星。,2018-11-04 05:06:53
3532,238,糯木,还行,前半部分剧情潦草得仿佛赶着去投胎，内心OS：这拍的什么鬼？！大皇后好不容易有个传记片求别毁啊啊啊。最后Live Aid部分神奇地力挽狂澜，OS：壮哉你大皇后，片子拍得再水都能靠歌救回来。但严肃地说，布莱恩·辛格对牙叔私生活的呈现有哗众取宠之嫌，而对他真正的音乐精神和生命力却轻描淡写，“天才巨星”整个像撞大运一样【虽然人家牙叔是这么说的，但你也不能真这么拍吧。,2018-10-29 12:04:44
3533,238,小四不象,推荐,Rami Malek该拿个奥斯卡提名了，台风简直神还原。最后Live Aid拍出了那么点伟大的范儿，我特意去油管看了原视频，电影这段还原得原汁原味，高空航拍越过人山人海的观众，然后镜头直接连到主舞台钢琴下对Freddie的特写，这个合成长镜头实在太酷了！万众瞩目，集全宇宙之光于一身的感觉；开头唱到Life had just begun就开始泪崩，结合他之前跟乐队成员说出自己得了艾滋，再看Bohemian Rhapsody的歌词，感觉每一句都是重磅催泪弹，于是才明白为啥这部传记片要用这首歌名当电影名；Live Aid上演出的每分每秒，都是Freddie燃烧生命的表演，这是他传奇人生的伟大谢幕。,2018-10-25 08:18:39
3534,238,桃桃林林,推荐,作为传记片其实挺普通的，不过，结尾那段live aid 还是给煽到热泪盈眶。唉，这就是音乐的魔力吧。,2018-11-08 19:01:27
3535,238,同志亦凡人中文站,推荐,跨四个八度音阶的唱将传奇，迷失和寻找自我的璀璨之旅。难得的是没有因为换导演而烂尾，反而颠覆了很多外界对这位双性恋巨星的误解。温暖而澎湃，就像皇后乐队其他成员写给Freddie Mercury的一首爱歌。最后的拯救生命演唱会感动得人灵魂出窍啊，贯穿全片的原声非常过瘾！（IMAX燃燃燃燃燃燃燃燃）,2018-11-01 15:58:04
3536,238,肖恩恩恩恩肖,力荐,我算看穿了，音乐电影拍到哪种程度，主要看OST的质量…,2019-02-28 02:25:18
3537,238,水包酱,推荐,"特理解为什么这部专业评分和大众口碑相差很大，因为除去音乐的部分, 拍得实在乏善可陈。可舞台的灯光一亮起，音乐鼓点和拍手声一响起, 一切就都不一样了。把十几分钟的Live Aid放在最后也实在很聪明，试问哪个观众听完We are the champions走出影厅不是血脉贲张得像刚看完演唱会。这些五星和高分与其说是打给这部电影，不如说是人们对这支伟大的乐队和这些经典的作品, 以及为这个世界留下了这么多宝贵legacy的Freddie Mercury的一次致敬。（演Roger Taylor的那个男孩子也实在是有点漂亮的）",2018-11-15 06:12:38
3538,238,米粒,还行,只能说是合格的人物小传吧，除去音乐外并无任何特别之处，而且主次取舍很值得商榷，前一小段非常走马观花地皇后就爆红了，后面都是其实粉丝更熟悉的单飞矛盾花边新闻等等。全部看完感觉不仅Freddie的形象不够丰满，配角们似乎也难有出彩的地方。不过音乐就是一种有魔力的东西啊，前奏一响起来马上脑袋就嗡地一下然后什么都不愿意多想了。歌真是太好听了。所有的歌,2018-11-06 11:29:23
3539,238,西楼尘,推荐,没有配乐也能掀翻屋顶，没有球棚仍能响彻寰宇，没有酒杯也能隔空共饮，没有声音仍能唱给你听。只要一起拍手跺脚，不用乐器也能摇滚；只要一起开灯关灯，不用相爱也能同在。电视里说，治愈病毒尚需数年时间，治愈偏见却遥遥无期。你与角落里那虚弱男孩诶欧着呼应，从此别人都苍老，唯独你永远风华正茂。,2019-02-01 23:23:14
3540,238,影志,力荐,“我昨晚做了个噩梦，我就跑过来了。我尝试跟你聊天，但你没了声音” 最亲密人的直觉往往最准，Mary这样的挚爱和灵魂伴侣值得一辈子。“我早已知道，但我不愿承认…虽然每次都这样，但这次不同，因为根本错的就不是你”、“这些人不在乎你”当爱成骗局，你会更看清自己，“我想你在我的生命里”。2019《爱乐之城》+《与歌同行》，这才是真正的《一个明星的诞生》。听Queen的歌不多，依然享有天堂般的体验。最劲的Freddie，真正的传奇。最后演唱会现场一开喉，就止不住的飙泪…@香港 The Grand cinema,2019-02-01 15:18:17
3541,239,李可笑,力荐,”假如我们长时间地、专注看一个好笑的故事，它会变得越来越悲哀“——果戈理,2012-04-17 23:22:43
3542,239,影志,还行,不知道是看片情境不对，还是个人状态不佳，看完感触不多。,2013-06-12 23:28:47
3543,239,朝暮雪,力荐,"卓别林兼任出品人、制作人、监制、导演、主演、配乐、剪辑，结果一个奥斯卡提名都没有。
卖花女一点不瞎，瞎的是奥斯卡评委。",2013-02-02 19:36:28
3544,239,小岩菽,力荐,老电影咖啡馆的第一弹。原来明天会更好的原文也可以是tomorrow the birds will sing。,2008-06-24 12:42:53
3545,239,U 兔,力荐,最后一个眼神的特写，直指人心,2009-01-05 14:31:15
3546,239,我是大皮哥,推荐,"""在她的眼睛未被治愈的时候，她说，“他不仅仅是个有钱人”，而当她的眼睛被治愈的时候，她是否还会说出这样的话语，在结尾处，一个笑容，将所有的想象留给了我们。 当她终于可以目睹这座城市的光芒的时候，她是否还可以感受到一个人内心的光芒？""",2014-03-12 05:01:37
3547,239,同志亦凡人中文站,力荐,爱情是光，将城市点亮，笑的最后却是感动。卓别林竟然是爱情电影的大师……,2014-11-14 05:04:57
3548,239,sanyo,力荐,盲女复明后认出流浪汉的一刻是影史上最难熬的一瞬。,2021-04-05 18:49:56
3549,239,芦哲峰,推荐,永远的小人物，伟大的卓别林。,2011-10-08 20:15:46
3550,239,米粒,力荐,哭哭笑笑的小人物传。里面的爱情可有千百种解读，就不赘述了。但爱情的确能让人变瞎，也能让人复明啊。拳击那场戏大赞。,2012-03-14 09:07:57
3551,239,尧耳,力荐,矮小的卓别林，伟大的卓别林。无论是幽默的桥段，还是整体的剧情，都透出经典气质，淳朴、踏实，然而持久。,2010-12-15 12:53:51
3552,239,撕撕撕,推荐,虽说是童话故事，电影手段相当丰富过硬。在电影的幼年时期，电影本身这门艺术还没那么成熟的时候，拼的还真是创作者使尽浑身解数能发散出的硬功夫。,2012-02-03 16:21:33
3553,239,LORENZO 洛伦佐,力荐,幽幽城市之光，让我们相信人心中还有良善。完美的表演和动人的情节。镜头的切换和动作的编排很到位。30年代初就有如此细致的故事编排结构和表演的编导，卓别林真是位大师。,2011-01-10 09:39:32
3554,239,小易甫,推荐,"如果我来拍摄结尾,我要让他们相遇却无法相识。",2010-10-28 21:57:59
3555,239,冰红深蓝,力荐,大半时间各种捧腹，结尾却忍不住落泪~不愧是卓别林，兼具批判性、幽默诙谐与暖洋洋的正能量！在查理最后一部默片中，流浪汉与卖花盲女的爱情不知感动了多少人；笑点源源不断，拳击戏更是无与伦比；结尾被评为影史最佳结尾。当代的肥皂剧有几个能达到这种笑中带泪的喜剧片最高境界？（9.5/10）,2014-07-31 00:43:38
3556,240,苏比,还行,近年最弱金像影片。,2009-03-22 23:21:33
3557,240,jiyun,力荐,"杰玛在老大家中劝拉媞卡跟他一起逃走。
拉媞卡：那我们靠什么生活？
杰玛：爱。

这就是现实中爱情和电影中爱情的差距。",2009-02-27 23:19:52
3558,240,掀桌超人,力荐,"得2000万的时候全场欢呼，我却哭了，为他哥。life is shit, but god is great.",2010-05-23 13:26:03
3559,240,海心,力荐,他亲吻着她脸上的疤痕，那是为他而受的伤害。这片子挺感人的，可是，现实中又有谁能如此坚持，等待命中注定？,2009-01-04 20:02:20
3560,240,Lucifer,推荐,贾米尔和他的哥哥不是两个个体，而是人在苦难环境中的两种选择，一个始终怀有赤子之心、爱心、同情心，相信奇迹、美丽、爱情等一切美好的东西，一个被迫选择用暴力和残酷将自己武装。这不是人的错，而是时代的悲剧，即使如此，在黑暗的世界中贾米尔发出的人性光芒如同正午的阳光一样耀眼得让人不能直视,2012-11-07 01:23:04
3561,240,偏时差,还行,主持人真的很像毕福剑,2009-01-15 17:46:11
3562,240,.,力荐,"杰码劝拉提卡逃走时，拉提卡问他我们靠什么生活，杰码说靠爱。
他能说出这种浪漫不现实答案，是因为他哥哥为他抗下了一切不堪的现实。",2020-04-18 23:42:27
3563,240,镜听,推荐,"想了想，还是给了四星——其实我觉得它没有那么好。动人的音乐，流畅的节奏，美丽的画面——纵然肮脏也是美丽的，自始至终都充满了那种顽强的，不可遏止的生命力。
但还是觉得……无论如何都有着欧美导演看东方那种猎奇的意思。这种“猎奇”对我们来说其实也是一样——繁华与污秽并存的孟买，阳光尘土中的泰姬陵，黑暗的街巷，垃圾堆上的贫民窟……包含的元素和符号太多了。固然有着野心和足够的手段，但同时也会冲散很多东西。
大概还是心存警惕。不过无论如何，丹导还是有两把刷子的……这年头会讲故事的导演已经不多了。",2009-09-05 23:54:26
3564,240,春风不解意,力荐,现实主义的剧情，落到了浪漫主义的结局上。,2018-05-14 23:24:42
3565,240,影志,推荐,just a love story again 基本上就是：《上帝之城》+《猜火车》+《阿甘正传》+《开心辞典》！本片又名：山寨富翁 / 阳光小阿三 囧！,2008-12-29 22:50:48
3566,240,晨光荣耀,推荐,很好的题材，但还是少了点什么,2009-01-16 22:38:18
3567,240,艾小柯,力荐,一歌到底，谁解我心,2008-12-14 09:27:37
3568,240,杨迪,力荐,虽然现在想起有一次性电影之嫌  但是第一次看带来的震撼无法忘却,2009-12-19 14:34:58
3569,240,果酱☮,推荐,深刻体会到命中注定一词的含义了。怎么那么多人打5星，我客观点还是给了4星。没办法，最高就是5星，我觉得这片子不至于最高，要不然猜火车该往哪放呢！,2009-01-22 05:54:47
3570,240,噼里啪啦,力荐,"他遇到过的每一道题，他都曾解过。
他遇到过的每一道题，他都未曾退缩。",2021-07-04 20:49:26
3571,241,黄青蕉,力荐,怎么看都是个大悲剧啊！！最后……这群萌萌的恐龙们……全都灭绝了。,2015-04-04 14:02:51
3572,241,扌,力荐,这个故事告诉我们霸王龙也是可以过肩摔的！！！！！！（小甲龙的声音怎么可以这么萌T▽T（话说这片是天然腐啊兄弟爱父子情敌友CP啥的,2011-03-10 23:22:58
3573,241,影志,推荐,“感情不分草食肉食” 豆瓣评分加分法则：小清新加分，成长加分，治愈加分，卖萌加分，卖腐加分，又是日本的，加分，还是动画，再加分，这么七加八加就加成了一部豆瓣8.9分电影。★★★☆,2011-05-18 00:03:58
3574,241,peggie,力荐,无论你去往何方，不管何时何地，我都会永远永远的爱着你。,2011-03-20 23:53:36
3575,241,牙3牙,力荐,童年时彩色的果子和森林，迷路时被莫名其妙的青色包围，可以开心吃肉的平原是一片金黄，小甲龙的盔甲粉橙搭配得真奇怪，面对父亲的时刻不知为啥周围变得灰暗，遇见情人日子天空澄净如许，和妈妈告别时下着白茫茫的雪……嗯，感谢妈妈你让我来到这个七彩斑斓的世界。,2011-03-09 21:23:48
3576,241,浑浊儿,力荐,不好这么萌 会被吃掉的 o(TヘTo),2011-03-11 20:15:27
3577,241,xm,力荐,治愈。希望霓虹也能在地震中恢复起来，warm hug,2011-03-14 14:34:09
3578,241,Wishbao,力荐,萌爆了~~~ umaso到底是神马龙呢=..=?,2011-03-07 00:37:23
3579,241,朝阳区妻夫木聪,力荐,妈妈，谢谢你把我抚养长大。虽然我不能成为你的孩子，但是这并不代表我不爱你。,2012-05-01 15:22:57
3580,241,Wing,力荐,功夫恐龍……,2011-03-13 20:42:07
3581,241,水仙操,推荐,成长、亲情、动作、励志、治愈、搞笑、惊悚、史诗、卖萌、卖腐、名著改编一个不少！谁说非我族类其心必异？明明是天下大同好么！看我头像就知道这种人设完全是狠戳我萌点啊！,2011-03-10 19:43:00
3582,241,晚不安,力荐,我的嘴巴里，是离心最近的地方。,2012-01-30 14:50:03
3583,241,在废土扫垃圾,力荐,太可爱了。,2011-05-01 03:57:32
3584,241,Kaito,力荐,亚细亚堂出生的监督藤森雅也……不算处女作，之前担任过Spirit of Wonder短片集三作的监督·脚本分镜·人设·作画监督全权之职……的长篇处女作，因为与忍者乱太郎的渊源（人设·作画监督等）随即担当了乱太郎的首部长篇剧场监督，同时混迹于机器猫，可谓对成功的全民子供向熟烂于心。,2011-05-27 22:43:26
3585,241,弗朗索瓦张。,还行,曾经被这个系列的漫画感动到哭。电影版努力融合了原版的几个故事，但最终把原作的悲剧改成了温情，催泪效果因此减弱。一定要看原作。,2011-03-18 13:59:39
3586,242,一一,较差,找到了完全不想看的电影类型。。。,2015-05-20 13:13:50
3587,242,木卫二,还行,核辐射末日美学……不能大银幕欣赏，只能这样了。,2015-07-08 11:32:32
3588,242,芦哲峰,还行,黄沙漫漫，一路追逐一路干。末日疯狂，不死不残不算完。,2015-06-25 09:15:03
3589,242,澜瑟,推荐,情节？情节？老子的贝斯都可以喷火了！还要特么什么情节！,2015-05-18 12:15:25
3590,242,L'automne,推荐,全程内心戏都是：【卧槽！还有这种操作！……】,2015-05-14 22:35:15
3591,242,朝暮雪,推荐,我感觉女主一个人可以把《速度与激情》一群男的全都打一遍。,2015-07-04 23:56:29
3592,242,浅显,力荐,除了燃，Mad Max 4还说了一件事。背井离乡七千天，无一日不惦念。不论眼下多苦，相信只要回头就有希望，因为那里是丰饶的绿洲。但这终究只是个幻觉。离开家乡越久，幻觉越严重。你以为逃离能解决一切，但真正的胜者不是寻找green land的人，而是改变wasteland的人。,2015-05-14 19:05:27
3593,242,陀螺凡达可,力荐,近年来最具作者性最有风格的好莱坞动作片，且完成度极高，其存在堪称奇迹。单是前30分钟就已经嗨翻天，风暴戏的配乐简直神来之笔！邪典味的疯劲贯穿全片，文戏少没废话直接爽，如此雄性的动作电影竟然没有直男癌反而讲了一个女性觉醒的故事，片中每一个女性角色都实现了自我价值。PS：电吉他碉堡了！,2015-05-14 16:34:54
3594,242,红豆♥,还行,果然干掉弹吉他那个才是最重要的，因为他们打仗最需要的是气氛…………,2015-09-04 02:55:41
3595,242,GunnerCY,推荐,教无脑CG片做人的节奏。,2015-05-14 21:32:35
3596,242,Minisong,力荐,实在还是有点不能接受这导演还拍了快乐的大脚。。。到底有多分裂才能在这两种风格之间转换啊！2015最酷爽，真·速度与激情,2015-05-17 03:58:26
3597,242,同志亦凡人中文站,力荐,热血与烈火、青空与黄沙的狂暴之路，违反各种美学却让人胸腔炸裂的末日邪典。坚信“女人不是物体”的塞隆女神简直屌炸天！文明崩坏后人类终于要重回母系时代了——还有比这更治愈直男癌的吗？？！！,2015-05-14 09:15:12
3598,242,小A,力荐,勉强上5星。很爽，这个爽并不来自动作，而来自各种邪典的设计。镜头和剪辑也很到位。有些邪典设计实在太逗了，一帮人开着改装车掐架，旁边还有个弹吉他助威的，后面一片大喇叭，这个场景可以进年度邪典场景前10了吧。,2015-05-13 05:10:35
3599,242,米粒,力荐,简直high爆了，前三十分钟已经让人目瞪口呆好几回了，但这电影基本没有要停下来的意思啊，如果一定要分成五六段的话，每两段之间的文戏只有大约三十秒，然后又开始High。。汤老湿前三分之二都没啥台词已经被帅cry，后面掀翻史上最炫酷公路乐队之后开始有台词了完全让人招架不住嘛！,2015-05-15 07:12:35
3600,242,A L E X,力荐,硬摇末日公路片，一定要刷IMAX，一定要刷IMAX，一定要刷IMAX，重要的事情要說三遍,2015-05-15 15:43:37
3601,243,峰峰峰峰,推荐,见过磕长头的人吗？他们的手和脸脏得很，可他们的心特别干净。我卖过皮子，可我没办法。,2014-04-12 18:11:03
3602,243,King Sitcome,推荐,在中国，你就玩儿写实主义就行了——无论你看哪个阶层、哪个方面，都能震的你哑口无言、无言以对。那真是一种残酷美~···,2011-05-01 13:41:20
3603,243,罗弘霉素,力荐,分不是给你陆川的，是给那些人,2010-03-02 05:46:44
3604,243,战国客,推荐,只能说陆川选对了题材~~,2008-03-18 14:05:25
3605,243,love mime,力荐,“你看过磕长头的人吗？他们的脸和手特别脏，但他们的心特别干净。”,2009-01-23 00:18:58
3606,243,三丁,力荐,看了陆川近年的作品...觉得这片绝壁不是他拍的,2010-04-13 12:25:24
3607,243,Sunshine娜,推荐,没有歌颂，没有讽刺，没有批判，没有鞭笞，充斥全片的只有绝境中的挣扎，与自然抗争，与盗猎者抗争，与自己抗争。,2017-05-15 23:38:54
3608,243,小白新之助,力荐,巡山队卖皮子赚补给，才能买汽油、买食物继续在恶劣的环境中追捕盗猎者。“用死去的藏羚羊来保护活着的藏羚羊”,2021-05-25 15:27:01
3609,243,兮称,力荐,带给我的震撼远远超过电影本身,2013-12-16 23:15:12
3610,243,宇宙,力荐,陆川的寻枪之前看过  没啥感觉 但是这部可可西里 应该向他致敬,2008-04-28 14:42:47
3611,243,理想多钱一斤啊,力荐,这次真不是因为陆川成功抢占道德制高点。看得我口干舌燥。,2010-05-11 11:46:57
3612,243,綦,力荐,震撼的天堂,2009-04-07 02:10:42
3613,243,fallingraining,推荐,一群非专业演员演绎了一场感人的护羊行动。这种偷猎者就应该抓了就毙，政府应该尽到自己的职责。,2011-08-28 20:42:40
3614,243,安蓝·怪伯爵𓆝𓆟𓆜,推荐,不能承受之重,2006-06-28 15:42:22
3615,243,斑斑点点,力荐,大漠荒原的悲歌。可可西里，美丽的青山美丽的少女。进入可可西里每留下的一个脚印可能是人类第一次的涉足。寻山队员惨死在盗猎者枪下为开幕。,2017-03-03 15:54:29
3616,244,奇奇弟弟,还行,不过是一个很俗套的故事。复古还真的一点都没看出来，把洛杉矶拍得像instagram旅游号，高司令从头到尾一副刚睡醒的样子，和那些经典音乐剧电影比起来缺少太多质感。现在连卖给少女的春药都是那么的廉价。,2016-12-13 05:48:21
3617,244,C.W,力荐,这部电影有多好呢？想象这样一个场景：二十年后的一个傍晚，你开着车(或者车载着你)在回家的路上，突然扬声器里开始放起这首电影里的旋律，听到第一个音符的一瞬间，所有的情绪全都涌上来，就好像二十年前的那个夜晚你第一次听到它们的时候那样。,2016-12-16 16:48:26
3618,244,桃桃林林,力荐,最后两人一吻上，眼泪就完全止不住，最后一直是痛哭。那段蒙太奇展示的就是电影的魔力啊！生活给不了的，电影可以给你，是那么浪漫、那么神奇的情感再现，最佳的电影造梦时刻。而至于理想、爱情、迷影、歌舞片、怀旧等等其他元素和小技巧反而可以放在之后了。最感慨的仍是电影的魅力，做一场电影梦吧！,2016-12-18 20:05:12
3619,244,寇国威,还行,验证了语文老师的话：只要开头结尾精彩，中间无所谓。,2017-01-27 12:55:29
3620,244,Noe,力荐,看這部片會想起的那個人，一定是忘不了的,2016-12-14 23:52:32
3621,244,Mo,还行,前一个半小时都在出戏 从5 years later之后才有点感觉 觉得想找布达佩斯大饭店的画风失败 想找伍迪艾伦的文艺失败 想找宝莱坞电影一言不合就歌舞失败 唯独成功是最后的平行世界桥段 算是能赚观众一点同理心,2016-12-26 10:47:13
3622,244,L'automne,力荐,各自梦想实现之时，发现梦想似乎不那么重要了。假如可以重来，我会在第一次见面时吻你，推掉工作来看你的第一次表演，随你搬到巴黎去，巴黎也有好的爵士乐，在把孩子丢给保姆的夜晚，开车带你去吃饭，然后一起走进酒吧，听别人弹奏我曾经做梦都想弹奏的曲子。可惜，现实中没有如果，但电影和想象里有！,2016-12-27 23:26:04
3623,244,paul屋,还行,本年度最被高估的片子就是La La Land了 一个八五后导演的野心之作 可惜阅历不足 剧本各种尴尬俗套 各种故作姿态 浪费了两个优秀演员的表演,2016-12-16 10:40:49
3624,244,Safina_,力荐,我们在穷困潦倒时爱得一塌糊涂，却无法在各自功成名就时手拉手出门散步。,2017-02-11 22:09:53
3625,244,同志亦凡人中文站,力荐,今年最浪漫唯美的爱情电影，很多段落让人有重温“雨中曲”的感觉。是爱乐之城，也是星光之城，还是梦想和现实缘起缘灭的地方。事实证明有个好的结尾多么重要，它让原本平淡无奇的叙事一步登天！多一星给石头，明年奥斯卡影后坚决站定你～,2016-12-10 13:26:38
3626,244,白日美人_S,力荐,预告片里说得没错，已经没有人在拍这样的电影了。即使不是年代戏，手法和色彩运用也极具年代感。满足了外人对这座城的一切幻想，又为身在洛杉矶的人拍出了这座城会让你遍体鳞伤的事实。他是真的很爱洛杉矶。 在洛杉矶看La La Land真的是太奇妙的体验。很特殊的感情。,2016-11-17 13:43:35
3627,244,Qtn,还行,人物没有内核 镜头没有魂 你们就被那些酷炫长镜头和PR通稿可劲儿忽悠吧,2016-12-18 18:36:38
3628,244,小川叔,还行,如果重来一次，我们会怎么样？不怎么样。歌舞电影，结尾处很催泪，全程很心疼男主。他有理想你说他不现实，他现实了，你说，你怎么变这样？最后你和另一个人在一起有了孩子，却发现他已经把自己变成了你最想要的样子，还在等着你。麻痹，你以为你是谁呀！,2017-02-13 14:06:24
3629,244,枫小莫,力荐,十年前一部恋恋笔记本，十年后一部爱乐之城。说的都是错失的梦想和爱情，演的都是浪漫的不着调男文青和性格张扬又复古风格的美国小妞。今夜愿你们都与爱人共舞，永浴浩瀚星河。,2016-09-19 12:59:08
3630,244,五色全味,力荐,二刷。又悲傷又溫暖，藝術互相影響生命。最後一幕用一場夢、一場電影彌補愛情的遺憾尤為動人，二人因對藝術的喜好相識相知，互相影響、鼓勵、成就彼此的夢想，感情雖沒有開花結果，卻在各自生命留下不可抹滅之印記。哭著離場。,2016-12-09 15:45:26
3631,245,一杭,力荐,你的男朋友，本来读诗集，现在翻成功学；本来玩塞尔达，现在玩消消乐；本来豆瓣骨灰级别用户，现在永久退出豆瓣，加入 996 大军并且被成功洗脑 996 赛高；而你还在读诗歌还在玩塞尔达还在刷豆瓣 —— 所以怎么可能不分手呢？穷是原罪，多少烦心事不都是生活所迫。最喜欢的一处是村花看到苏打在工作于是调低游戏音量，苏打想让她尽兴地玩、叫她调大音量，自己戴上了耳机，最后村花直接关了游戏。明明都是想照顾对方的感受，但最后两个人都不快乐。最好的爱情或许只有一个样子，就是全力满足自己的快乐，而对方恰好出现在每一条让自己快乐的路径里。要的就是那个“恰好”，不做任何刻意的努力。PS1. 苏打村花真好嗑 PS2. 片尾我都认真看完了，因为漫画真的很有爱 PS3. 即使最后要分手，谁不想拥有爱情里最美好的部分呢。,2021-07-25 13:54:21
3632,245,雪山夜叉,力荐,靠消费主义维系的恋爱是抵抗不了资本主义秩序的。,2021-02-12 21:40:32
3633,245,库索,力荐,又名：和百分之百合拍的人说再见。,2021-01-30 19:06:41
3634,245,DAWN,力荐,看完以后全场人在鼓掌，真的好好看。开始意味着结束，世界上最稳定的关系依旧是 没有关系。,2021-04-08 00:04:20
3635,245,拽拽歪歪&YY,推荐,所以说上班这件事基本可以杀死全世界99%的故事,2021-07-25 07:33:36
3636,245,哦吧唧,还行,在电影院看的，最喜欢餐厅的那场戏，两方都决心分手，最后一刻男主反悔的挽留，不如结婚吧，成为绝大多数的夫妇，成为爸爸和妈妈，没有爱情也没关系，我们可以成为亲人。可是撞进来的小情侣和曾经的他们这么相似，我知道我们相爱时的模样，所以才无法忍受现在的难堪。,2021-05-15 01:46:29
3637,245,秦夕然,力荐,太痛苦了吧，我在切鸡胗，锅里还在炒生菜，听他们最后聊分手那段，苏打说要不就结婚吧！大多数人都是这么过的，为什么我们不可以？我想坂元你太残酷了。爱最后肯定是消亡的，所以更多人在消亡前结婚了，以为那还是爱，其实那变成了恩爱。我觉得这部片子不是讨论爱，是在讨论我到底想过怎么样的人生。,2021-07-27 11:29:21
3638,245,TOKO,推荐,文艺青年能想到的最浪漫的爱情，在初识的雨夜奔跑，文艺爱好百分百合拍，告白后在红灯前拥吻，在出租房连续做爱一周，在有大阳台的房子同居，在新年参拜捡到一只猫，然后因为长时间的消耗和平分手，在旧地缅怀过去，还会在下雨时候想起你，像极了渴望爱又不相信爱的人们的幻想。,2021-01-31 13:08:24
3639,245,4__real,推荐,“进入社会就像进浴缸泡澡。”于是真的有人在浴缸中死去。,2021-02-03 19:12:31
3640,245,松崎海,力荐,文艺青年社会化全过程,2021-07-28 18:29:21
3641,245,SJL豆瓣酱,推荐,这部电影告诉我们的可能并不是“越合拍的人越没法在一起”这种日剧截图道理。而是靠消费主义（即使是披着文艺外皮的小确幸文化）也并非对抗资本主义对爱情异化的良药。“要用你的生活来定义浪漫，不要用浪漫来填充它”，不要将任何一种刻意姿态或者内容消费倾向当作浪漫的表现，不要将合拍挂钩到一起听个小众乐队，一起看个杨德昌电影，一起读个小众作家，甚至一起穿匡威开口笑，这多可笑，这不是一种成熟的浪漫观，这恰恰是一种幼稚的，刻奇的，自恋的表现。不要把生活和责任放在浪漫的对立面，保卫周遭，保卫和正视现实生活也是一种浪漫的表现。,2021-08-26 22:34:45
3642,245,デブリ,还行,青春，就是会因报菜名而相爱。,2021-07-22 22:36:50
3643,245,09,力荐,爱具体的人 不要爱抽象的人 要爱生活 不要爱生活的意义,2021-11-02 00:37:19
3644,245,桃桃林林,力荐,原本也就觉得还可以，但结尾那一挥手，真是哭死了。作弊一样的桥段，太好哭了。坂元裕二这个家伙，实在是太会写这种戳人的点了。梦想与现实，恋爱与结婚，这对男女大概就是一体两面吧，从相同的点出发，却终将面临选择，走向岔口，开始各自的人生。此外，文艺青年大多孤独，想找个有共同话语的人很难，由之，才会更懂前半段这对男女发现彼此之后的激动。,2021-07-23 14:38:36
3645,245,Sophie  Z,推荐,我们都快忘记的事，Google街景还记得。,2021-07-26 09:08:58
3646,246,桃桃林林,还行,还是前部分更有趣，大玩脑内小剧场，估计很多爱做白日梦的人都有这种体验吧。不过这个主题最终转向了必须走出去，just do it这种。世界风景无限好，宅男啥也干不了。太鸡汤，也太浅了,2014-03-26 06:16:16
3647,246,仙剑风晨,推荐,在片中《LIFE》杂志闭刊号封面出现的那一刻，我完全被击穿了。,2014-01-19 00:35:48
3648,246,赫恩曼尼,力荐,"加缪说：“人生的意义，在于承担人生无意义的勇气。如果你一直在找人生的意义，你永远不会生活。”自勉。To see the world, things dangerous to come to. To see behind walls, to draw closer. To find each other and to feel. That is the purpose of life.",2017-01-11 21:58:16
3649,246,陈哈,力荐,美好从来不主动寻求关注。,2014-04-25 15:33:33
3650,246,亵渎电影,还行,本来是年度最期待，因为之前谈过一个类似的剧本，一个摄影师因为一个遗愿走遍世界各地，亲情一丝一缕的被维系，眼里是一片大陆的变迁。这片子的创意差不多，只是执行力太差，情节都是好莱坞这类电影中被用烂的陈词滥调，幸好还有剧本的那点想象力，主流的美式价值观注定也只能是心灵鸡汤了。★★★,2013-12-26 13:37:59
3651,246,同志亦凡人中文站,还行,只能看看风景，其他...就没有其他了。白日梦是噱头，到后面连噱头都省了！呸！,2014-04-09 21:11:03
3652,246,打雷要下雨雷欧,力荐,其实早就想到25号底片大概是什么了。预告片准确给到了全片精华，正片反而是收着来的，西恩·潘的点睛之笔看到热泪盈眶，可以说Ben作为导演不够商业甚至专业，但本片对生活本质的触碰却异常深刻，况且风景和原声也值回票价了……stop dreaming，start living，喊口号的有很多，能真正做到的又有多少呢,2014-01-06 23:28:08
3653,246,福娃迎迎,推荐,如果你见过格陵兰，喜马拉雅和冰岛的火山，就再不会被生活打败。,2014-06-28 19:16:51
3654,246,A-sun*,力荐,好好看！电影从表面上来看，是对纸媒文化的衰败默哀，实则却是悼念着正在消失的记者精神。为了拍火山爆发而把双脚绑在飞机翼，为了拍雪豹而在雪山装成一块岩石…这些都是不复再的记者精神。年度五星推荐😭😭😭,2014-04-11 23:42:56
3655,246,自由极光,力荐,在香港看的，跟一个很喜欢的人，现在想起这个片子就很幸福。,2014-05-01 09:02:36
3656,246,荔枝超人,推荐,不是心灵鸡汤，是我等老男人非常受用的心灵老鸭汤。,2014-01-14 21:09:32
3657,246,我是大皮哥,推荐,喜剧片中将大自然风景拍得最美的、风景片中拍得最富喜剧感的、会拍风景的喜剧片中配乐最燃最激昂的、风景好配乐佳的喜剧片中预告片剪得最热血沸腾的。自导自演的本·斯蒂勒交出了一份令人满意的答卷，用标志性的冷面滑稽演绎了一部献给所有有过白日梦的观众的心灵鸡汤。Stop Dreaming & Start Living,2014-01-25 22:12:13
3658,246,憨大仁,力荐,是时候让梦想照进现实了,2014-01-07 23:44:33
3659,246,黄青蕉,力荐,有没有十颗星可以给！本斯蒂勒都成精了，Space Oddity那段不知道为什么看一次哭一次，可能是卢瑟的脑波正好对上了的关系吧,2014-04-10 00:20:43
3660,246,顾靳,还行,没想到居然有这么无聊的公路片，而且怎么感觉有点意淫爽文，特别是最后底片揭晓的那段，简直幻视在喜欢的人面前装了一波大逼的普男翻身打脸流，路明非看了都觉得诺诺在全班同学面前用迈巴赫接他的场景不够爽,2023-09-01 00:09:45
3661,247,seren,推荐,平行世界理论一定是真的，我坚定不移的相信着,2011-04-08 07:09:01
3662,247,易老邪,推荐,居然有那么多人认为《源代码》最完美的结局应该是定格在最后那一吻上，由此可见，真要这样结尾够有多么的恶俗不堪啊。,2011-07-13 20:26:27
3663,247,ParasItE,推荐,如果结局停在那一吻我就给四星半了。,2011-04-03 13:19:30
3664,247,砒霜拌飯,推荐,太憋屈了，不是太空舱就是火车厢，幸好他最后出去了，要不得憋死我,2011-06-19 23:04:49
3665,247,vin,推荐,最后3分钟有点画蛇添足。,2011-04-02 04:53:06
3666,247,denovo,力荐,这部电影告诉我们，最重要的不是想出一套没有硬伤的“科幻”元素，而是讲一个好故事。,2011-04-16 20:05:25
3667,247,makzhou,推荐,不赖，但是看着没什么心潮澎湃的感觉，激动不起来,2011-04-06 09:43:41
3668,247,D I D A,力荐,竟然看到短评里有人言“结局累赘”、“如果一切停在这个吻就完美了”。卧槽，两位琼瑶剧迷请勿玷污科幻电影的SF之神好么！！！！可以说，影片3/4之前的剧情是立意新颖但仍中规中矩的悬疑惊悚片，但是结尾处的1/4剧情简直达到了科幻电影的肾上腺素暴表线。这个结局甚至比《月球》更加悬幻陡峭.,2011-07-19 01:04:03
3669,247,画下天籁,力荐,还好结局不是停在最后那一吻上，否则我给不了五颗星。希望在美好时停住，其实是内心脆弱的表现。从美好开始，延续下去，才饱含未来充满的坚强和希望的力量。谁的人生没有遗憾？但你要相信，在另一个世界，那些遗憾会被弥补。,2011-06-28 19:42:33
3670,247,tower,力荐,"如果画面停在最后一吻上,就完美了.",2011-04-05 03:02:50
3671,247,MOJO,还行,每当我想起，在另一个时间与空间里，我与你有着截然不同的故事时，我便释然此时此刻你与我的狭路相逢。,2011-06-26 22:02:05
3672,247,玎老师大声疾呼,推荐,全片最喜欢的片段是，从古德温角度看男主只是文字。不知道为啥很戳我泪点,2022-02-12 22:45:22
3673,247,大奇特(Grinch),推荐,Inception+Groundhog Day，现实和记忆是相辅相成的，只要能生存的有意义管它是哪里，何况这本身就是一个平行宇宙。结尾定格在静止画面时才是真正完美的结局，之后几分钟剧情完全可以忽视。,2011-04-20 23:22:10
3674,247,路上,推荐,这才是货真价值的穿越大作！,2011-04-28 21:42:01
3675,247,Q。,推荐,继《月球》后，导演邓肯·琼斯再次带来的精彩之作。情节紧凑，逻辑合理，想象力毋庸置疑。作为科幻电影，虽然动作场面少，特效场面少但却始终引人入胜，牢牢抓住观众。唯一有待商榷的就是结局，如若停留在那一吻，或许会更棒。★★★★☆,2011-06-13 02:24:33
3676,248,蒲末释,力荐,人生好孤独啊，我们作为朋友，你却一点不了解我；我们作为爱人，你却要杀掉我；我们作为亲人，你却要欺骗我。就让我做一个追逐海浪的人好了，没有故乡，在世界上仅剩的一张摇篮上，抱着你的遗像，用沉默祝福你，用愤怒度化你，用夏天的雨纪念你。,2018-02-05 21:44:17
3677,248,亚比煞,力荐,你永远不会知道他人的皮囊之下，到底藏着什么样的秘密。就像你不会知道，万人朝拜的菩萨肚子里有一具死尸，也不会知道一个收垃圾的大叔，屋子里摆满了洋娃娃。,2018-04-06 09:47:44
3678,248,水原吸管,推荐,「雖然現在已經是太空時代了，人類可以搭乘太空船到達月球，但卻沒辦法看穿每個人心裡的宇宙。」,2017-10-14 16:37:46
3679,248,西楼尘,还行,你知不知道有一种说法，说人白天诵经文，晚上会梦鬼神，因为在消业障。为了图安眠，有人躲进满是娃娃的太空舱，有人躺在浪涛声声的吊床上。有人掉光了发，有人被鬼神扰。人生希微得说不出一句话，命运憋闷得出不了一口气，谁不是躲在大佛腹中诵经的人？后来有个人替我诵，说噩梦他来做，而功德都赠我。,2018-04-03 23:50:45
3680,248,根,推荐,看到“我要你干我”的时候家里人推门而入，真的百口莫辩,2018-02-16 21:05:09
3681,248,同志亦凡人中文站,推荐,有点茶馆听说书的感觉。市井乡氓的卑贱生活，乱象丛生的台湾社会，咿咿呀呀的旁白带来拍案惊奇的效果。在低俗猥琐中接地气，在黑色荒谬中怜悯，人生已是烂泥打滚，揣着一颗佛心才能普度——对小人物来说，平安是福...,2018-02-16 09:12:43
3682,248,大島,力荐,"那时我们还太年轻,不知道上帝已经在暗地里给每个人都准备好了最后一顿饭。",2018-03-06 21:47:37
3683,248,裘笛,力荐,這不完全是黑白片唷。因為有錢人的世界是彩色的。以黑色幽默包裹的社會寫實劇，很貼近台灣社會。導演黃信堯後設的口白，不僅是趣味，也巧妙中和了故事裡那種幾乎沒有出口的黑暗抑鬱。社會階級分化，貧富差距，宗教政經的金玉其外敗絮其中，諷刺的超到位。拍了一個很棒的結局,2017-10-15 22:25:57
3684,248,丁一,推荐,"树顶仔一只虎头蜂，
莲雾开花满树红，
电影色彩阶级学，
有钱人的世界是彩色的，
三餐海产呷鱼块，
假发一天不戴不安心，
闽南三尺有神灵，
大佛肚中众生相，
一口一个阿弥陀佛，
一口一个干你娘，
念念不忘，
必有回响～",2018-02-20 21:05:29
3685,248,未亚,推荐,菜埔对着小叔吞吞吐吐屡次被打断那一段最悲伤。那一瞬间希望有人听他说话，哪怕一秒。,2021-06-26 00:08:12
3686,248,陈哈,力荐,有佛无慈悲，有性无爱，有法律无公正，有警察无正义，满满的绝望。“当然有困难...对他们来讲，无论是出太阳还是下雨，都会有困难，但他们没办法去想生命的困难...社会常常在讲要公平正义，但在他们的生活之中，应该是没有这四个字，毕竟光是要捧饭碗就没力了...”,2018-02-16 17:01:25
3687,248,柯里昂,力荐,干！这片要是放在春节档我会刷十遍，比99.9%的贺岁片都有趣，但，片刻的有趣过后却是莫名的感伤和悲凉，俏皮的台词不止是博观者噗嗤一笑，更是导演和角色的自我解嘲，导演的旁白同时达到了调侃、补充和间离的多重效果。看似天马行空实则举重若轻，耍纪录片的导演拍的悲喜剧，轻盈的实在不像处女作。,2018-02-14 23:36:13
3688,248,影志,力荐,“我们已经可以依靠科技进入外太空，却依然无法走进一个人内心的宇宙。” 忍俊不禁的小幽默，互相打趣的小人物，上演着一出出悲伤的人间喜剧。富人的世界永远是彩色的…,2018-02-05 22:57:40
3689,248,凹凸,力荐,放在华语片大年依然是一骑绝尘的好 诙谐过后透着悲悯 前50分钟是小聪明 后50分钟是大智慧,2018-02-10 16:55:27
3690,248,PsYBriT,力荐,之前还纳闷为什么没有删节版，因为这玩意儿根本没法剪，从头黑到尾，和社会主义价值观格格不入......却是台湾乃至整个华语电影圈近年来最出色的作品之一，底层灰暗失语，政商荒淫无度，心中怀着Budda，身上趴着puta，肚财留下一个苍白身形，释迦留下一句无趣台词，结尾的大佛异响绕梁不去 ps 林生祥的配乐虽然已经非常般配，但我还是想让五条人再来配一版哈哈,2022-01-18 17:06:41
3691,249,Mumu,还行,拖车爆破那段儿结尾的温馨-1星,2015-03-03 10:09:24
3692,249,赵纪存,力荐,客机坠毁背后有何惊天秘密？厨娘为何对顾客起了杀机？荒郊野外两车爆炸烧焦尸体怎会纠缠一起？爆破工程师炸毁拖车公司是有预谋还是耍脾气？顶包案背后是何种金钱利益？新郎新娘婚礼现场反目成仇与神秘女子又有何关系？请收看人间自保指南：《别刻薄 别冲动 别装逼 别较真 别贪婪 别约炮》,2015-05-10 14:42:17
3693,249,shininglove,推荐,这是迄今为止天蝎座人士在银幕上最大规模的集体展现。,2015-09-09 17:46:48
3694,249,桃桃林林,推荐,始于荒诞，止于更荒诞。于我们，还是有很多共鸣的,2015-02-26 16:17:27
3695,249,影志,力荐,“跟你做的比起来，我那做的都不算什么” 魔性十足，荒诞满分。每个人都有过一闪而过的犯罪念头，这部片子把我们没敢做出来的那部分呈现出来，狠狠戳中我们的软肋。这个世界总是如此厌倦又可笑。“没人不希望恶有恶报，但又没人愿意脏了自己的手。”,2015-06-16 18:49:45
3696,249,CharlesChou,推荐,《天注定》与这一比除了形式之外皆落下风，虽然都是怒火中烧的爆发，前者一派阴郁充满戾气的基调，仿佛一切都是体制的错与人无关；而拉美人民告诉你个个文明人身体里都住着凶蛮野兽，用一场撕逼大戏结尾真是看得很爽。除了第一个故事很一般之外其它都相当惊喜。,2015-02-27 17:32:14
3697,249,办公室甜心,推荐,大家脾气都大得很哦,2015-06-15 21:39:00
3698,249,荞麦,还行,把新闻故事拍成电影到底有什么意思啦？只喜欢两个司机斗狠那段……婚礼也马马虎虎吧……其它都很无聊。,2015-03-15 13:28:56
3699,249,亵渎电影,推荐,如果硬要和贾樟柯的[天注定]相比，那科长的叙事节奏就像赵涛那张“演技派”的脸。片中6个小故事叙事包袱一抖再抖，这种一波三折的黑色故事确实很招人喜欢，它们的惊与喜、讽刺和无语都是显而易见的。我在想，大家都别整天想着抄《黑镜》了，这样的黑色操蛋故事整成一个剧集同样会是神作。★★★★,2015-02-24 21:11:07
3700,249,亚比煞,推荐,所有故事无非想说这么一句:“你特么以为我好欺负吗？看我怎么弄死你”。也许现实中大家都忍够了吧，看这类故事觉得很解气，就给顶了这么高的分。借电影出口恶气之后，再回头继续忍耐自己的生活。,2017-02-05 23:33:17
3701,249,木卫二,推荐,碎片化的形式，有点像之前罗马尼亚一堆人鼓捣的《黄金时代的故事》，只不过这边是一个人拍的。观感挺不错，但说“经典”，还远远称不上。即便有的碎片很完整很精彩，像公路恶斗。也有作到死的相爱相杀，文青们的最爱。可是，终究缺乏一个形式上的统一，并且太容易分出高下。,2015-03-20 11:37:17
3702,249,frozenmoon,推荐,本来以为会有一条有趣的线索把这六个故事中的人物串起来，如果那样可能更有意思一点，但也许就更故意了一点。现在这样也不错吧，但总觉得差一口气。每个故事都很有意思，从微不足道的低微情绪一点点累积至一个不可想象的极端结局。平静生活下的火山。不错。,2015-03-01 21:46:58
3703,249,欢乐分裂,推荐,2023-6-3重看；这种疯癫讽喻的黑色喜剧只有拉美系才最适合还原出泼辣生猛的味道，对体制的深恶痛绝与对人性阴暗的揭露不流于说教，黑色幽默中不无苦涩，癫狂中不失浪漫，短片好就好在及时收尾，强大的戏剧力量浓缩于短小体量，如一剂力道极强的凝缩咖啡，非常上脑上头，人人发疯的世界好像也不赖。六个小故事的节奏都切分得不错，稍嫌夸张，不过西班牙语境下无违和感，反倒是生出某种荒诞；最喜第一个短小精悍的意料之外与最后一个撕到高潮，只能让人感叹生命如此强大，人性如此复杂幽微，绝难以寻常道德规训去总结归纳；妈宝男故事过于好笑，引发掌声阵阵，这就是影院观影的魅力吧，放大了细节和张力。,2015-03-25 23:03:32
3704,249,24city,还行,一般，质量参差不齐。盲目的好口碑太多，尤其是各种拿《天注定》说事，真是一个可笑的对比，非要找个比较的，之前有部《燃烧的棕榈》要比这片子好看得多，更有深度。,2015-02-28 21:11:00
3705,249,婴儿葛葛,推荐,对比了下《黑镜》，《九号秘事》，同样的讽刺和荒谬，英国人拍出了性冷感的体味，拉丁人拍出了费洛蒙的体味。真的，什么样的民族气质，创造什么样的作品。,2015-06-16 08:14:12
3706,250,米粒,推荐,"""Kiss the most beautiful girl in the world."" 哭了。。。",2009-12-28 22:16:25
3707,250,Doublebitch,力荐,在电影最后卡特的念白声中，科尔来到女儿家，俯身亲吻美丽的孙女，随后划去“亲吻世上最美的女孩”，我就开始哭，一直哭到电影结束，太温暖了，这个故事仿佛离我很远啊，可我为什么会被感动成这样子。,2011-01-04 22:37:16
3708,250,蛮爷,推荐,那一刻，他闭上了双眼，却敞开了心灵。,2008-07-27 02:32:21
3709,250,刘康康,推荐,两个演员真好。两人在医院里关系慢慢建立的部分挺好的，我喜欢做化疗那段的设计，编剧有心。反而是作为重头戏的实现遗愿部分，写得很一般，临死前的遗愿就是环球旅行实在有点轻浮。还是欠缺些力量。,2014-03-13 23:26:19
3710,250,影志,推荐,Fing the joy in your life...在巴黎吃早饭，去香港吃午餐，溜弯儿到长城飙摩托，插缝跳伞，赛车，开飞机去金字塔和泰姬陵……两个老头去全世界旅游，用剩余不多的时间，去燃烧他们的整个生命。我也想如此来一次生命的释然！“这个故事里总有一些你因为今生没有做过而无限懊恼的事情。”When he closed,2008-02-28 01:08:51
3711,250,Jojo两元代金券,较差,无聊的男性本位梦想清单，俗到不能再俗，真不愧所谓男人至死是少年，死到临头脑子里依然是老三样：豪车、美女、征服大自然。女性角色刻画非常糟糕，我指的是女性对于两个男主生命的‘意义’，很糟糕。看似恩爱好人实际上对妻子年少早孕害他不能完成梦想耿耿于怀，还要表达一下自己的性权力：我不是不能，我是不想，我在那么大的诱惑下都没背叛老婆，真有我的！ 总之女性就是男人人生这部电影里的固定角色，名为糟糠之妻、女儿、孙女，最后那个什么亲吻世界上最美女孩的梗真是吐了，自我感动的典范。另：米兔之后看见摩根佛里曼会生理性厌恶，会猜他又骚扰哪个和他对戏的女演员了…,2021-01-28 00:13:08
3712,250,暖鱼,推荐,不知死焉知生,2008-11-10 01:07:28
3713,250,DH,推荐,我笑了，也哭了,2008-06-22 12:38:48
3714,250,海心,力荐,笑了三分之二，最后开始落泪。你亲吻了世界上最美的女孩，你们的故事成为别人见过的最美的传奇。,2008-12-28 19:39:09
3715,250,九尾黑猫,还行,三流剧本，一流演技，主要是看两个主角啦,2008-06-24 13:41:30
3716,250,艾小柯,推荐,幽默而感人，向肖申克致敬,2008-01-19 16:00:27
3717,250,猫様,推荐,不是很理解卡特的老婆的想法，老公为家鞠躬尽瘁一辈子啥愿望都没实现过，临了想出去放飞一下自我为啥不行？她觉得卡特是要抛弃她和孩子们，还跟爱德华说他死可以接受但不能接受他活着离开我，还说我老公不卖………这听着怎么觉得老公不需要有自我似的,2018-07-31 13:32:27
3718,250,天亮天黑,力荐,渐入佳境，直击心灵。老卡特的问题：在你的生命中，是否有过欢乐？那你这一生，有没有给别人带去快乐？爱德华的经验：想尿别谦让，硬了就快上，屁要小心放！,2011-02-23 23:00:09
3719,250,米姐起飞,力荐,喜欢定好小计划然后一一划去的小成就感,2008-03-12 00:30:49
3720,250,十个斗的眼窝浅,力荐,就算得了癌症，在连走廊都是病床的国内医院，你周围都是治不起病或是医保结算的老百姓。所以别做梦了，你的邻床不会是亿万富翁，有遗愿就好，别列什么清单，都是美好的夙愿而已！虽然感觉片中景点都是电脑特效，但我还是当风景片欣赏了这般美好。也的确被片子感动到了，这就是好莱坞+老戏霸的魅力。,2012-09-07 20:11:26
3721,13,阿猴HOSEA,力荐,幸运的是爱他的女人存在于真实里。,2008-10-10 23:42:39
3722,13,小白的山,力荐,"我觉得你很有魅力, 你对我的主动性说明你对我有同感。尽管如此，传统的信任仍然需要我们在做爱之前进行数多次柏拉图式恋爱。我正在往这方面发展，但事实说来，我真正想做的只是尽快和你XXXX。",2010-06-15 14:11:57
3723,13,Lan~die,力荐,“我的追求带我穿越了物理、形而上学、幻觉，又带了回来”，顶尖科学家的世界已经足够神奇，何况他还有着伟大的爱情。这部电影不仅是纳什的精彩传记，更是对爱情的崇高礼赞——爱是无限，爱是信仰，爱是一切逻辑和原由。,2009-01-23 14:25:48
3724,13,♣lùlu♣,推荐,"所以说不要学数学,你就是不信邪",2007-06-29 11:46:21
3725,13,别歌,力荐,李笑来老师推荐的一部电影。纳什是历史上第一个广为人知的“用自己的精神战胜了自己的精神病”的人。看的时候不够专注，这是部需要安静认真去看的影片，另现实中精神病始终是一个没有最终被解密的领域，治疗的药物对人的大脑损伤很严重，加速度痴呆和记忆衰退，包括影响性欲。他的爱人其实才是最伟大的,2011-01-14 15:38:27
3726,13,离,推荐,是的，你必须学会分清哪些是幻觉，哪些是梦，哪些是真实的人生，才可以活下去。,2006-10-18 19:59:04
3727,13,喻鸣,推荐,和近日的《万物理论》相映成趣，皆是饱受精神或生理折磨的伟大天才，以及爱上天才的坚强女人。两部传记片皆淡化传主的道德瑕疵，同时对各自妻子也倾于美化。现实生活中，两位妻子都曾因不堪忍受心生恨意，两对皆离婚。可纳什比霍金幸运，艾西莉亚即便离异也从未放弃爱他，两人2001年复婚。简却另嫁他人,2014-11-29 02:06:53
3728,13,战国客,推荐,与我想象中的不一样，很震撼人的传记电影，从中我最大的体会是：做伟人也真不容易啊~~,2007-07-24 10:18:36
3729,13,等一个人,力荐,每个孤独的孩子其实都有一个别人看不见的好朋友,2011-03-27 12:43:59
3730,13,眠去,力荐,你让我相信还真有感情这回事。,2007-02-14 10:45:16
3731,13,勤劳的小蜘蛛,推荐,那三只影子好可怜啊，难道幻觉就一定比现实无价值么？这只能由当事人来判定吧？不治好病又如何，我要是他就疯下去，看他之后的萎靡，哪有当年当疯子的意气风发？,2010-04-24 17:01:32
3732,13,funny_vee,力荐,这才是真真的传奇，再好的编剧也想不出来吧。,2006-11-29 12:35:46
3733,13,CassiniRoy,推荐,美丽心灵这四个字我觉得是在说他老婆,2022-09-18 00:28:38
3734,13,赫恩曼尼,推荐,所有伟大而美丽的心灵都是孤独的，纳什疯了，是因为他太孤独了。,2012-06-29 14:53:24
3735,13,itssobeautiful,推荐,了解了下真实情况，艾丽西亚确实照顾了他一辈子，但很多年都不是以爱人的名义，而是亲人。纳什有婚前私生子。纳什从未在颁奖典礼上致谢过妻子的照顾。故事用爱情为治愈理由，虽容易感人，但多少有些陈腔滥调。纳什是天才，但应该不是一位感性的丈夫。,2022-07-05 14:54:15
3736,183,锟斤拷,推荐,好吧，Triangle，多好的名字，谁TM给译成《恐怖游轮》这个标准的B级片片名的！？,2011-02-08 15:50:38
3737,183,某不知名网友,推荐,不要企图在重复中寻找已经失去的爱,2010-01-04 20:14:31
3738,183,天狼星,力荐,"我看过的最好的悬疑片，为了严谨，加上之一。。。
一个循环的世界，西西弗斯的世界。。。
看完给人以警醒，我们总是在说，如果给我再来一次的机会，我一定会怎么怎么样，但是真的是这样么，电影给了我们一个很好的答案。。。
最后再说一句，看懂了这部电影的人，会毫不犹豫的给5星。。。",2010-01-30 16:30:41
3739,183,strongman,力荐,知道自己命运的人最恐怖,2010-01-22 23:51:21
3740,183,不想取了,还行,有小聪明，少大智慧~详细一点说：导演有一定匠心，但是全片看太注重一些边边角角部分，整体结构上显欠缺，解释不合理，主线力不从心，细节再装扮的故弄玄虚也算不上上佳之作，姑且三星,2010-04-29 20:22:39
3741,183,心生,推荐,本片唯一让我搞不太懂的是，为何jess登船后失忆了……,2012-06-05 14:27:55
3742,183,大奇特(Grinch),推荐,4星，看过两遍以下者不要随便说有BUG，拜托您先多看几遍再说！又是“从前有座山，山里有座庙，庙里有个和尚讲故事的”的死循环的穿越片，很牛X。解析看http://www.douban.com/review/2820200/,2010-01-12 18:14:56
3743,183,荷步(Bunnyeh),力荐,大家都知道了片尾即是开头，终点便是起点。而女主早已死，死在那个阳光明媚，驾车带儿子一起前往港口的路上。也就是车祸，是结尾处躺在地上连衣裙的她，这个她才是真正意义上开车然后撞车死去的她。而站在路旁茫然看着眼前景象的她，完好无损的她，实则是灵魂。女主因为难以接受至爱的离去而想扭转这样,2010-01-28 13:47:45
3744,183,默雨,力荐,在叙事上真是一个奇迹。自《蝴蝶效应》以来，看到过最好的叙事逻辑。,2010-01-29 21:39:49
3745,183,丁丁|刘,力荐,开头太像无聊恐怖片了，很容易让人中途放弃。一定要坚持到影片一半左右，那个时候开始形成闭合循环，开始成为一道让人欲罢不能的谜题。想起当时看穆赫兰道的感觉，非常畅快。,2010-02-04 01:48:01
3746,183,老晃,推荐,无限循环。衔接点是个漏洞。洞不大。,2009-11-26 19:52:57
3747,183,toro,推荐,影评有时候可以比影片本身更牛逼,2010-08-08 18:45:21
3748,183,达斯佛™,推荐,从前有片海，海中有艘船……,2010-02-20 02:11:17
3749,183,匡轶歌,力荐,所谓心魔往往就是一念之迷。其实只需在任一环节小小改变，循环即可终止。有话说：人生大部分痛苦，都來自于该离场时，不愿离场的执著。不过，西西弗斯式的轮回，看似一个惩罚，一个永远沉沦、万劫不复的诅咒，同时却也是我们籍由“一再面对相同的境况”，而学会和弄懂生命课题，并由之毕业的唯一方式。,2012-08-22 10:54:11
3750,183,余小岛,推荐,感觉其中颜最正的女演员打了个酱油。就是那个翻了船再也没出现过的女人。。她的存在到底有什么意义嘛。肯定色诱了导演给她个酱油角色。。。,2014-07-17 20:48:04
