2026-05-13 23:05:26 - douban_crawler - main.py:11 - INFO - === 豆瓣电影Top250 爬虫分析系统启动 ===
2026-05-13 23:05:26 - douban_crawler - main.py:14 - INFO - 📌 开始爬取豆瓣Top250数据...
2026-05-13 23:05:27 - douban_crawler - proxy_pool.py:39 - WARNING - 代理验证失败：{'http': 'http://127.0.0.1:8888', 'https': 'http://127.0.0.1:8888'} | HTTPSConnectionPool(host='movie.douban.com', port=
2026-05-13 23:05:27 - douban_crawler - proxy_pool.py:42 - WARNING - 无有效代理，使用本地IP
2026-05-13 23:05:29 - douban_crawler - selenium_crawler.py:50 - INFO - Selenium驱动初始化成功
2026-05-13 23:05:30 - douban_crawler - requests_crawler.py:80 - INFO - 请求成功：https://movie.douban.com/top250?start=0&filter= (重试0次)
2026-05-13 23:05:30 - douban_crawler - proxy_pool.py:39 - WARNING - 代理验证失败：{'http': 'http://127.0.0.1:8888', 'https': 'http://127.0.0.1:8888'} | HTTPSConnectionPool(host='movie.douban.com', port=
2026-05-13 23:05:30 - douban_crawler - proxy_pool.py:42 - WARNING - 无有效代理，使用本地IP
2026-05-13 23:05:30 - douban_crawler - image_downloader.py:78 - INFO - 下载图片（第1次）：https://img3.doubanio.com/view/photo/s_ratio_poster/public/p480747492.jpg -> 肖申克的救赎_ 月黑高飞(港)  _  刺激1995(台)
2026-05-13 23:05:32 - douban_crawler - image_downloader.py:104 - WARNING - 下载失败（第1次）：HTTPSConnectionPool(host='img3.doubanio.com', port=443): Max retries exceeded with url: /view/photo/s_ratio_poster/public/p480747492.jpg (Caused by SSLError(SSLCertVerificationError(1, '[SSL: CERTIFICATE_VERIFY_FAILED] certificate verify failed: unable to get local issuer certificate (_ssl.c:1000)')))
2026-05-13 23:05:33 - douban_crawler - proxy_pool.py:39 - WARNING - 代理验证失败：{'http': 'http://127.0.0.1:8888', 'https': 'http://127.0.0.1:8888'} | HTTPSConnectionPool(host='movie.douban.com', port=
2026-05-13 23:05:33 - douban_crawler - proxy_pool.py:42 - WARNING - 无有效代理，使用本地IP
2026-05-13 23:05:33 - douban_crawler - image_downloader.py:78 - INFO - 下载图片（第2次）：https://img3.doubanio.com/view/photo/s_ratio_poster/public/p480747492.jpg -> 肖申克的救赎_ 月黑高飞(港)  _  刺激1995(台)
2026-05-13 23:05:33 - douban_crawler - image_downloader.py:104 - WARNING - 下载失败（第2次）：HTTPSConnectionPool(host='img3.doubanio.com', port=443): Max retries exceeded with url: /view/photo/s_ratio_poster/public/p480747492.jpg (Caused by SSLError(SSLCertVerificationError(1, '[SSL: CERTIFICATE_VERIFY_FAILED] certificate verify failed: unable to get local issuer certificate (_ssl.c:1000)')))
2026-05-13 23:05:33 - douban_crawler - proxy_pool.py:39 - WARNING - 代理验证失败：{'http': 'http://127.0.0.1:8888', 'https': 'http://127.0.0.1:8888'} | HTTPSConnectionPool(host='movie.douban.com', port=
2026-05-13 23:05:33 - douban_crawler - proxy_pool.py:42 - WARNING - 无有效代理，使用本地IP
2026-05-13 23:05:33 - douban_crawler - image_downloader.py:78 - INFO - 下载图片（第3次）：https://img3.doubanio.com/view/photo/s_ratio_poster/public/p480747492.jpg -> 肖申克的救赎_ 月黑高飞(港)  _  刺激1995(台)
2026-05-13 23:05:34 - douban_crawler - image_downloader.py:104 - WARNING - 下载失败（第3次）：HTTPSConnectionPool(host='img3.doubanio.com', port=443): Max retries exceeded with url: /view/photo/s_ratio_poster/public/p480747492.jpg (Caused by SSLError(SSLCertVerificationError(1, '[SSL: CERTIFICATE_VERIFY_FAILED] certificate verify failed: unable to get local issuer certificate (_ssl.c:1000)')))
2026-05-13 23:05:46 - douban_crawler - selenium_crawler.py:92 - WARNING - 提取基础信息失败：Message: 
Stacktrace:
	msedgedriver!GetHandleVerif
2026-05-13 23:05:56 - douban_crawler - selenium_crawler.py:138 - WARNING - 提取短评失败：Message: 

2026-05-13 23:05:56 - douban_crawler - selenium_crawler.py:152 - INFO - 详情页爬取成功：https://movie.douban.com/subject/1292052/
2026-05-13 23:05:57 - douban_crawler - proxy_pool.py:39 - WARNING - 代理验证失败：{'http': 'http://127.0.0.1:8888', 'https': 'http://127.0.0.1:8888'} | HTTPSConnectionPool(host='movie.douban.com', port=
2026-05-13 23:05:57 - douban_crawler - proxy_pool.py:42 - WARNING - 无有效代理，使用本地IP
2026-05-13 23:05:57 - douban_crawler - image_downloader.py:78 - INFO - 下载图片（第1次）：https://img1.doubanio.com/view/photo/s_ratio_poster/public/p2911205318.jpg -> 霸王别姬_ 再见，我的妾  _  Farewell My Concubine
2026-05-13 23:05:57 - douban_crawler - image_downloader.py:104 - WARNING - 下载失败（第1次）：HTTPSConnectionPool(host='img1.doubanio.com', port=443): Max retries exceeded with url: /view/photo/s_ratio_poster/public/p2911205318.jpg (Caused by SSLError(SSLCertVerificationError(1, '[SSL: CERTIFICATE_VERIFY_FAILED] certificate verify failed: unable to get local issuer certificate (_ssl.c:1000)')))
2026-05-13 23:05:57 - douban_crawler - proxy_pool.py:39 - WARNING - 代理验证失败：{'http': 'http://127.0.0.1:8888', 'https': 'http://127.0.0.1:8888'} | HTTPSConnectionPool(host='movie.douban.com', port=
2026-05-13 23:05:57 - douban_crawler - proxy_pool.py:42 - WARNING - 无有效代理，使用本地IP
2026-05-13 23:05:57 - douban_crawler - image_downloader.py:78 - INFO - 下载图片（第2次）：https://img1.doubanio.com/view/photo/s_ratio_poster/public/p2911205318.jpg -> 霸王别姬_ 再见，我的妾  _  Farewell My Concubine
2026-05-13 23:05:57 - douban_crawler - image_downloader.py:104 - WARNING - 下载失败（第2次）：HTTPSConnectionPool(host='img1.doubanio.com', port=443): Max retries exceeded with url: /view/photo/s_ratio_poster/public/p2911205318.jpg (Caused by SSLError(SSLCertVerificationError(1, '[SSL: CERTIFICATE_VERIFY_FAILED] certificate verify failed: unable to get local issuer certificate (_ssl.c:1000)')))
2026-05-13 23:05:57 - douban_crawler - proxy_pool.py:39 - WARNING - 代理验证失败：{'http': 'http://127.0.0.1:8888', 'https': 'http://127.0.0.1:8888'} | HTTPSConnectionPool(host='movie.douban.com', port=
2026-05-13 23:05:57 - douban_crawler - proxy_pool.py:42 - WARNING - 无有效代理，使用本地IP
2026-05-13 23:05:57 - douban_crawler - image_downloader.py:78 - INFO - 下载图片（第3次）：https://img1.doubanio.com/view/photo/s_ratio_poster/public/p2911205318.jpg -> 霸王别姬_ 再见，我的妾  _  Farewell My Concubine
2026-05-13 23:05:57 - douban_crawler - image_downloader.py:104 - WARNING - 下载失败（第3次）：HTTPSConnectionPool(host='img1.doubanio.com', port=443): Max retries exceeded with url: /view/photo/s_ratio_poster/public/p2911205318.jpg (Caused by SSLError(SSLCertVerificationError(1, '[SSL: CERTIFICATE_VERIFY_FAILED] certificate verify failed: unable to get local issuer certificate (_ssl.c:1000)')))
2026-05-13 23:06:09 - douban_crawler - selenium_crawler.py:92 - WARNING - 提取基础信息失败：Message: 
Stacktrace:
	msedgedriver!GetHandleVerif
2026-05-13 23:06:20 - douban_crawler - selenium_crawler.py:138 - WARNING - 提取短评失败：Message: 

2026-05-13 23:06:20 - douban_crawler - selenium_crawler.py:152 - INFO - 详情页爬取成功：https://movie.douban.com/subject/1291546/
2026-05-13 23:06:20 - douban_crawler - proxy_pool.py:39 - WARNING - 代理验证失败：{'http': 'http://127.0.0.1:8888', 'https': 'http://127.0.0.1:8888'} | HTTPSConnectionPool(host='movie.douban.com', port=
2026-05-13 23:06:20 - douban_crawler - proxy_pool.py:42 - WARNING - 无有效代理，使用本地IP
2026-05-13 23:06:20 - douban_crawler - image_downloader.py:78 - INFO - 下载图片（第1次）：https://img9.doubanio.com/view/photo/s_ratio_poster/public/p457760035.jpg -> 泰坦尼克号_ 铁达尼号(港 _ 台)
2026-05-13 23:06:20 - douban_crawler - image_downloader.py:104 - WARNING - 下载失败（第1次）：HTTPSConnectionPool(host='img9.doubanio.com', port=443): Max retries exceeded with url: /view/photo/s_ratio_poster/public/p457760035.jpg (Caused by SSLError(SSLCertVerificationError(1, '[SSL: CERTIFICATE_VERIFY_FAILED] certificate verify failed: unable to get local issuer certificate (_ssl.c:1000)')))
2026-05-13 23:06:20 - douban_crawler - proxy_pool.py:39 - WARNING - 代理验证失败：{'http': 'http://127.0.0.1:8888', 'https': 'http://127.0.0.1:8888'} | HTTPSConnectionPool(host='movie.douban.com', port=
2026-05-13 23:06:20 - douban_crawler - proxy_pool.py:42 - WARNING - 无有效代理，使用本地IP
2026-05-13 23:06:20 - douban_crawler - image_downloader.py:78 - INFO - 下载图片（第2次）：https://img9.doubanio.com/view/photo/s_ratio_poster/public/p457760035.jpg -> 泰坦尼克号_ 铁达尼号(港 _ 台)
2026-05-13 23:06:20 - douban_crawler - image_downloader.py:104 - WARNING - 下载失败（第2次）：HTTPSConnectionPool(host='img9.doubanio.com', port=443): Max retries exceeded with url: /view/photo/s_ratio_poster/public/p457760035.jpg (Caused by SSLError(SSLCertVerificationError(1, '[SSL: CERTIFICATE_VERIFY_FAILED] certificate verify failed: unable to get local issuer certificate (_ssl.c:1000)')))
2026-05-13 23:06:20 - douban_crawler - proxy_pool.py:39 - WARNING - 代理验证失败：{'http': 'http://127.0.0.1:8888', 'https': 'http://127.0.0.1:8888'} | HTTPSConnectionPool(host='movie.douban.com', port=
2026-05-13 23:06:20 - douban_crawler - proxy_pool.py:42 - WARNING - 无有效代理，使用本地IP
2026-05-13 23:06:20 - douban_crawler - image_downloader.py:78 - INFO - 下载图片（第3次）：https://img9.doubanio.com/view/photo/s_ratio_poster/public/p457760035.jpg -> 泰坦尼克号_ 铁达尼号(港 _ 台)
2026-05-13 23:06:20 - douban_crawler - image_downloader.py:104 - WARNING - 下载失败（第3次）：HTTPSConnectionPool(host='img9.doubanio.com', port=443): Max retries exceeded with url: /view/photo/s_ratio_poster/public/p457760035.jpg (Caused by SSLError(SSLCertVerificationError(1, '[SSL: CERTIFICATE_VERIFY_FAILED] certificate verify failed: unable to get local issuer certificate (_ssl.c:1000)')))
2026-05-13 23:06:33 - douban_crawler - selenium_crawler.py:92 - WARNING - 提取基础信息失败：Message: 
Stacktrace:
	msedgedriver!GetHandleVerif
2026-05-13 23:06:43 - douban_crawler - selenium_crawler.py:138 - WARNING - 提取短评失败：Message: 

2026-05-13 23:06:43 - douban_crawler - selenium_crawler.py:152 - INFO - 详情页爬取成功：https://movie.douban.com/subject/1292722/
2026-05-13 23:06:43 - douban_crawler - proxy_pool.py:39 - WARNING - 代理验证失败：{'http': 'http://127.0.0.1:8888', 'https': 'http://127.0.0.1:8888'} | HTTPSConnectionPool(host='movie.douban.com', port=
2026-05-13 23:06:43 - douban_crawler - proxy_pool.py:42 - WARNING - 无有效代理，使用本地IP
2026-05-13 23:06:43 - douban_crawler - image_downloader.py:78 - INFO - 下载图片（第1次）：https://img3.doubanio.com/view/photo/s_ratio_poster/public/p2500944103.jpg -> 阿甘正传_ 福雷斯特·冈普
2026-05-13 23:06:43 - douban_crawler - image_downloader.py:104 - WARNING - 下载失败（第1次）：HTTPSConnectionPool(host='img3.doubanio.com', port=443): Max retries exceeded with url: /view/photo/s_ratio_poster/public/p2500944103.jpg (Caused by SSLError(SSLCertVerificationError(1, '[SSL: CERTIFICATE_VERIFY_FAILED] certificate verify failed: unable to get local issuer certificate (_ssl.c:1000)')))
2026-05-13 23:06:43 - douban_crawler - proxy_pool.py:39 - WARNING - 代理验证失败：{'http': 'http://127.0.0.1:8888', 'https': 'http://127.0.0.1:8888'} | HTTPSConnectionPool(host='movie.douban.com', port=
2026-05-13 23:06:43 - douban_crawler - proxy_pool.py:42 - WARNING - 无有效代理，使用本地IP
2026-05-13 23:06:43 - douban_crawler - image_downloader.py:78 - INFO - 下载图片（第2次）：https://img3.doubanio.com/view/photo/s_ratio_poster/public/p2500944103.jpg -> 阿甘正传_ 福雷斯特·冈普
2026-05-13 23:06:43 - douban_crawler - image_downloader.py:104 - WARNING - 下载失败（第2次）：HTTPSConnectionPool(host='img3.doubanio.com', port=443): Max retries exceeded with url: /view/photo/s_ratio_poster/public/p2500944103.jpg (Caused by SSLError(SSLCertVerificationError(1, '[SSL: CERTIFICATE_VERIFY_FAILED] certificate verify failed: unable to get local issuer certificate (_ssl.c:1000)')))
2026-05-13 23:06:44 - douban_crawler - proxy_pool.py:39 - WARNING - 代理验证失败：{'http': 'http://127.0.0.1:8888', 'https': 'http://127.0.0.1:8888'} | HTTPSConnectionPool(host='movie.douban.com', port=
2026-05-13 23:06:44 - douban_crawler - proxy_pool.py:42 - WARNING - 无有效代理，使用本地IP
2026-05-13 23:06:44 - douban_crawler - image_downloader.py:78 - INFO - 下载图片（第3次）：https://img3.doubanio.com/view/photo/s_ratio_poster/public/p2500944103.jpg -> 阿甘正传_ 福雷斯特·冈普
2026-05-13 23:06:44 - douban_crawler - image_downloader.py:104 - WARNING - 下载失败（第3次）：HTTPSConnectionPool(host='img3.doubanio.com', port=443): Max retries exceeded with url: /view/photo/s_ratio_poster/public/p2500944103.jpg (Caused by SSLError(SSLCertVerificationError(1, '[SSL: CERTIFICATE_VERIFY_FAILED] certificate verify failed: unable to get local issuer certificate (_ssl.c:1000)')))
2026-05-13 23:06:56 - douban_crawler - selenium_crawler.py:92 - WARNING - 提取基础信息失败：Message: 
Stacktrace:
	msedgedriver!GetHandleVerif
2026-05-13 23:07:06 - douban_crawler - selenium_crawler.py:138 - WARNING - 提取短评失败：Message: 

2026-05-13 23:07:06 - douban_crawler - selenium_crawler.py:152 - INFO - 详情页爬取成功：https://movie.douban.com/subject/1292720/
2026-05-13 23:07:06 - douban_crawler - proxy_pool.py:39 - WARNING - 代理验证失败：{'http': 'http://127.0.0.1:8888', 'https': 'http://127.0.0.1:8888'} | HTTPSConnectionPool(host='movie.douban.com', port=
2026-05-13 23:07:06 - douban_crawler - proxy_pool.py:42 - WARNING - 无有效代理，使用本地IP
2026-05-13 23:07:06 - douban_crawler - image_downloader.py:78 - INFO - 下载图片（第1次）：https://img1.doubanio.com/view/photo/s_ratio_poster/public/p2557573348.jpg -> 千与千寻_ 神隐少女(台)  _  千与千寻的神隐
2026-05-13 23:07:07 - douban_crawler - image_downloader.py:104 - WARNING - 下载失败（第1次）：HTTPSConnectionPool(host='img1.doubanio.com', port=443): Max retries exceeded with url: /view/photo/s_ratio_poster/public/p2557573348.jpg (Caused by SSLError(SSLCertVerificationError(1, '[SSL: CERTIFICATE_VERIFY_FAILED] certificate verify failed: unable to get local issuer certificate (_ssl.c:1000)')))
2026-05-13 23:07:07 - douban_crawler - proxy_pool.py:39 - WARNING - 代理验证失败：{'http': 'http://127.0.0.1:8888', 'https': 'http://127.0.0.1:8888'} | HTTPSConnectionPool(host='movie.douban.com', port=
2026-05-13 23:07:07 - douban_crawler - proxy_pool.py:42 - WARNING - 无有效代理，使用本地IP
2026-05-13 23:07:07 - douban_crawler - image_downloader.py:78 - INFO - 下载图片（第2次）：https://img1.doubanio.com/view/photo/s_ratio_poster/public/p2557573348.jpg -> 千与千寻_ 神隐少女(台)  _  千与千寻的神隐
2026-05-13 23:07:07 - douban_crawler - image_downloader.py:104 - WARNING - 下载失败（第2次）：HTTPSConnectionPool(host='img1.doubanio.com', port=443): Max retries exceeded with url: /view/photo/s_ratio_poster/public/p2557573348.jpg (Caused by SSLError(SSLCertVerificationError(1, '[SSL: CERTIFICATE_VERIFY_FAILED] certificate verify failed: unable to get local issuer certificate (_ssl.c:1000)')))
2026-05-13 23:07:07 - douban_crawler - proxy_pool.py:39 - WARNING - 代理验证失败：{'http': 'http://127.0.0.1:8888', 'https': 'http://127.0.0.1:8888'} | HTTPSConnectionPool(host='movie.douban.com', port=
2026-05-13 23:07:07 - douban_crawler - proxy_pool.py:42 - WARNING - 无有效代理，使用本地IP
2026-05-13 23:07:07 - douban_crawler - image_downloader.py:78 - INFO - 下载图片（第3次）：https://img1.doubanio.com/view/photo/s_ratio_poster/public/p2557573348.jpg -> 千与千寻_ 神隐少女(台)  _  千与千寻的神隐
2026-05-13 23:07:07 - douban_crawler - image_downloader.py:104 - WARNING - 下载失败（第3次）：HTTPSConnectionPool(host='img1.doubanio.com', port=443): Max retries exceeded with url: /view/photo/s_ratio_poster/public/p2557573348.jpg (Caused by SSLError(SSLCertVerificationError(1, '[SSL: CERTIFICATE_VERIFY_FAILED] certificate verify failed: unable to get local issuer certificate (_ssl.c:1000)')))
2026-05-13 23:07:19 - douban_crawler - selenium_crawler.py:92 - WARNING - 提取基础信息失败：Message: 
Stacktrace:
	msedgedriver!GetHandleVerif
2026-05-13 23:07:30 - douban_crawler - selenium_crawler.py:138 - WARNING - 提取短评失败：Message: 

2026-05-13 23:07:30 - douban_crawler - selenium_crawler.py:152 - INFO - 详情页爬取成功：https://movie.douban.com/subject/1291561/
2026-05-13 23:07:30 - douban_crawler - proxy_pool.py:39 - WARNING - 代理验证失败：{'http': 'http://127.0.0.1:8888', 'https': 'http://127.0.0.1:8888'} | HTTPSConnectionPool(host='movie.douban.com', port=
2026-05-13 23:07:30 - douban_crawler - proxy_pool.py:42 - WARNING - 无有效代理，使用本地IP
2026-05-13 23:07:30 - douban_crawler - image_downloader.py:78 - INFO - 下载图片（第1次）：https://img3.doubanio.com/view/photo/s_ratio_poster/public/p2578474613.jpg -> 美丽人生_ 一个快乐的传说(港)  _  Life Is Beautiful
2026-05-13 23:07:30 - douban_crawler - image_downloader.py:104 - WARNING - 下载失败（第1次）：HTTPSConnectionPool(host='img3.doubanio.com', port=443): Max retries exceeded with url: /view/photo/s_ratio_poster/public/p2578474613.jpg (Caused by SSLError(SSLCertVerificationError(1, '[SSL: CERTIFICATE_VERIFY_FAILED] certificate verify failed: unable to get local issuer certificate (_ssl.c:1000)')))
2026-05-13 23:07:30 - douban_crawler - proxy_pool.py:39 - WARNING - 代理验证失败：{'http': 'http://127.0.0.1:8888', 'https': 'http://127.0.0.1:8888'} | HTTPSConnectionPool(host='movie.douban.com', port=
2026-05-13 23:07:30 - douban_crawler - proxy_pool.py:42 - WARNING - 无有效代理，使用本地IP
2026-05-13 23:07:30 - douban_crawler - image_downloader.py:78 - INFO - 下载图片（第2次）：https://img3.doubanio.com/view/photo/s_ratio_poster/public/p2578474613.jpg -> 美丽人生_ 一个快乐的传说(港)  _  Life Is Beautiful
2026-05-13 23:07:30 - douban_crawler - image_downloader.py:104 - WARNING - 下载失败（第2次）：HTTPSConnectionPool(host='img3.doubanio.com', port=443): Max retries exceeded with url: /view/photo/s_ratio_poster/public/p2578474613.jpg (Caused by SSLError(SSLCertVerificationError(1, '[SSL: CERTIFICATE_VERIFY_FAILED] certificate verify failed: unable to get local issuer certificate (_ssl.c:1000)')))
2026-05-13 23:07:30 - douban_crawler - proxy_pool.py:39 - WARNING - 代理验证失败：{'http': 'http://127.0.0.1:8888', 'https': 'http://127.0.0.1:8888'} | HTTPSConnectionPool(host='movie.douban.com', port=
2026-05-13 23:07:30 - douban_crawler - proxy_pool.py:42 - WARNING - 无有效代理，使用本地IP
2026-05-13 23:07:30 - douban_crawler - image_downloader.py:78 - INFO - 下载图片（第3次）：https://img3.doubanio.com/view/photo/s_ratio_poster/public/p2578474613.jpg -> 美丽人生_ 一个快乐的传说(港)  _  Life Is Beautiful
2026-05-13 23:07:30 - douban_crawler - image_downloader.py:104 - WARNING - 下载失败（第3次）：HTTPSConnectionPool(host='img3.doubanio.com', port=443): Max retries exceeded with url: /view/photo/s_ratio_poster/public/p2578474613.jpg (Caused by SSLError(SSLCertVerificationError(1, '[SSL: CERTIFICATE_VERIFY_FAILED] certificate verify failed: unable to get local issuer certificate (_ssl.c:1000)')))
2026-05-13 23:07:43 - douban_crawler - selenium_crawler.py:92 - WARNING - 提取基础信息失败：Message: 
Stacktrace:
	msedgedriver!GetHandleVerif
2026-05-13 23:07:53 - douban_crawler - selenium_crawler.py:138 - WARNING - 提取短评失败：Message: 

2026-05-13 23:07:53 - douban_crawler - selenium_crawler.py:152 - INFO - 详情页爬取成功：https://movie.douban.com/subject/1292063/
2026-05-13 23:07:53 - douban_crawler - proxy_pool.py:39 - WARNING - 代理验证失败：{'http': 'http://127.0.0.1:8888', 'https': 'http://127.0.0.1:8888'} | HTTPSConnectionPool(host='movie.douban.com', port=
2026-05-13 23:07:53 - douban_crawler - proxy_pool.py:42 - WARNING - 无有效代理，使用本地IP
2026-05-13 23:07:53 - douban_crawler - image_downloader.py:78 - INFO - 下载图片（第1次）：https://img3.doubanio.com/view/photo/s_ratio_poster/public/p2614988097.jpg -> 星际穿越_ 星际启示录(港)  _  星际效应(台)
2026-05-13 23:07:53 - douban_crawler - image_downloader.py:104 - WARNING - 下载失败（第1次）：HTTPSConnectionPool(host='img3.doubanio.com', port=443): Max retries exceeded with url: /view/photo/s_ratio_poster/public/p2614988097.jpg (Caused by SSLError(SSLCertVerificationError(1, '[SSL: CERTIFICATE_VERIFY_FAILED] certificate verify failed: unable to get local issuer certificate (_ssl.c:1000)')))
2026-05-13 23:07:53 - douban_crawler - proxy_pool.py:39 - WARNING - 代理验证失败：{'http': 'http://127.0.0.1:8888', 'https': 'http://127.0.0.1:8888'} | HTTPSConnectionPool(host='movie.douban.com', port=
2026-05-13 23:07:53 - douban_crawler - proxy_pool.py:42 - WARNING - 无有效代理，使用本地IP
2026-05-13 23:07:53 - douban_crawler - image_downloader.py:78 - INFO - 下载图片（第2次）：https://img3.doubanio.com/view/photo/s_ratio_poster/public/p2614988097.jpg -> 星际穿越_ 星际启示录(港)  _  星际效应(台)
2026-05-13 23:07:53 - douban_crawler - image_downloader.py:104 - WARNING - 下载失败（第2次）：HTTPSConnectionPool(host='img3.doubanio.com', port=443): Max retries exceeded with url: /view/photo/s_ratio_poster/public/p2614988097.jpg (Caused by SSLError(SSLCertVerificationError(1, '[SSL: CERTIFICATE_VERIFY_FAILED] certificate verify failed: unable to get local issuer certificate (_ssl.c:1000)')))
2026-05-13 23:07:53 - douban_crawler - proxy_pool.py:39 - WARNING - 代理验证失败：{'http': 'http://127.0.0.1:8888', 'https': 'http://127.0.0.1:8888'} | HTTPSConnectionPool(host='movie.douban.com', port=
2026-05-13 23:07:53 - douban_crawler - proxy_pool.py:42 - WARNING - 无有效代理，使用本地IP
2026-05-13 23:07:53 - douban_crawler - image_downloader.py:78 - INFO - 下载图片（第3次）：https://img3.doubanio.com/view/photo/s_ratio_poster/public/p2614988097.jpg -> 星际穿越_ 星际启示录(港)  _  星际效应(台)
2026-05-13 23:07:54 - douban_crawler - image_downloader.py:104 - WARNING - 下载失败（第3次）：HTTPSConnectionPool(host='img3.doubanio.com', port=443): Max retries exceeded with url: /view/photo/s_ratio_poster/public/p2614988097.jpg (Caused by SSLError(SSLCertVerificationError(1, '[SSL: CERTIFICATE_VERIFY_FAILED] certificate verify failed: unable to get local issuer certificate (_ssl.c:1000)')))
2026-05-13 23:08:06 - douban_crawler - selenium_crawler.py:92 - WARNING - 提取基础信息失败：Message: 
Stacktrace:
	msedgedriver!GetHandleVerif
2026-05-13 23:08:16 - douban_crawler - selenium_crawler.py:138 - WARNING - 提取短评失败：Message: 

2026-05-13 23:08:16 - douban_crawler - selenium_crawler.py:152 - INFO - 详情页爬取成功：https://movie.douban.com/subject/1889243/
2026-05-13 23:08:16 - douban_crawler - proxy_pool.py:39 - WARNING - 代理验证失败：{'http': 'http://127.0.0.1:8888', 'https': 'http://127.0.0.1:8888'} | HTTPSConnectionPool(host='movie.douban.com', port=
2026-05-13 23:08:16 - douban_crawler - proxy_pool.py:42 - WARNING - 无有效代理，使用本地IP
2026-05-13 23:08:16 - douban_crawler - image_downloader.py:78 - INFO - 下载图片（第1次）：https://img9.doubanio.com/view/photo/s_ratio_poster/public/p2913554676.jpg -> 这个杀手不太冷_ 终极追杀令(台)  _  杀手莱昂
2026-05-13 23:08:16 - douban_crawler - image_downloader.py:104 - WARNING - 下载失败（第1次）：HTTPSConnectionPool(host='img9.doubanio.com', port=443): Max retries exceeded with url: /view/photo/s_ratio_poster/public/p2913554676.jpg (Caused by SSLError(SSLCertVerificationError(1, '[SSL: CERTIFICATE_VERIFY_FAILED] certificate verify failed: unable to get local issuer certificate (_ssl.c:1000)')))
2026-05-13 23:08:16 - douban_crawler - proxy_pool.py:39 - WARNING - 代理验证失败：{'http': 'http://127.0.0.1:8888', 'https': 'http://127.0.0.1:8888'} | HTTPSConnectionPool(host='movie.douban.com', port=
2026-05-13 23:08:16 - douban_crawler - proxy_pool.py:42 - WARNING - 无有效代理，使用本地IP
2026-05-13 23:08:16 - douban_crawler - image_downloader.py:78 - INFO - 下载图片（第2次）：https://img9.doubanio.com/view/photo/s_ratio_poster/public/p2913554676.jpg -> 这个杀手不太冷_ 终极追杀令(台)  _  杀手莱昂
2026-05-13 23:08:17 - douban_crawler - image_downloader.py:104 - WARNING - 下载失败（第2次）：HTTPSConnectionPool(host='img9.doubanio.com', port=443): Max retries exceeded with url: /view/photo/s_ratio_poster/public/p2913554676.jpg (Caused by SSLError(SSLCertVerificationError(1, '[SSL: CERTIFICATE_VERIFY_FAILED] certificate verify failed: unable to get local issuer certificate (_ssl.c:1000)')))
2026-05-13 23:08:19 - douban_crawler - proxy_pool.py:37 - WARNING - 代理错误：{'http': 'http://127.0.0.1:8888', 'https': 'http://127.0.0.1:8888'}
2026-05-13 23:08:19 - douban_crawler - proxy_pool.py:42 - WARNING - 无有效代理，使用本地IP
2026-05-13 23:08:19 - douban_crawler - image_downloader.py:78 - INFO - 下载图片（第3次）：https://img9.doubanio.com/view/photo/s_ratio_poster/public/p2913554676.jpg -> 这个杀手不太冷_ 终极追杀令(台)  _  杀手莱昂
2026-05-13 23:08:19 - douban_crawler - image_downloader.py:97 - INFO - 图片下载成功：这个杀手不太冷_ 终极追杀令(台)  _  杀手莱昂
2026-05-13 23:08:31 - douban_crawler - selenium_crawler.py:92 - WARNING - 提取基础信息失败：Message: 
Stacktrace:
	msedgedriver!GetHandleVerif
2026-05-13 23:12:48 - douban_crawler - main.py:11 - INFO - === 豆瓣电影Top250 爬虫分析系统启动 ===
2026-05-13 23:12:48 - douban_crawler - main.py:14 - INFO - 📌 开始爬取豆瓣Top250数据...
2026-05-13 23:12:48 - douban_crawler - proxy_pool.py:12 - INFO - 代理池为空，使用本地IP
2026-05-13 23:12:50 - douban_crawler - selenium_crawler.py:50 - INFO - Selenium驱动初始化成功
2026-05-13 23:12:51 - douban_crawler - requests_crawler.py:80 - INFO - 请求成功：https://movie.douban.com/top250?start=0&filter= (重试0次)
2026-05-13 23:12:51 - douban_crawler - proxy_pool.py:12 - INFO - 代理池为空，使用本地IP
2026-05-13 23:12:51 - douban_crawler - image_downloader.py:78 - INFO - 下载图片（第1次）：https://img3.doubanio.com/view/photo/s_ratio_poster/public/p480747492.jpg -> 肖申克的救赎_ 月黑高飞(港)  _  刺激1995(台)
2026-05-13 23:12:51 - douban_crawler - image_downloader.py:98 - INFO - 图片下载成功：肖申克的救赎_ 月黑高飞(港)  _  刺激1995(台)
2026-05-13 23:13:05 - douban_crawler - selenium_crawler.py:92 - WARNING - 提取基础信息失败：Message: 
Stacktrace:
	msedgedriver!GetHandleVerif
2026-05-13 23:13:15 - douban_crawler - selenium_crawler.py:138 - WARNING - 提取短评失败：Message: 

2026-05-13 23:13:15 - douban_crawler - selenium_crawler.py:152 - INFO - 详情页爬取成功：https://movie.douban.com/subject/1292052/
2026-05-13 23:13:15 - douban_crawler - proxy_pool.py:12 - INFO - 代理池为空，使用本地IP
2026-05-13 23:13:15 - douban_crawler - image_downloader.py:78 - INFO - 下载图片（第1次）：https://img1.doubanio.com/view/photo/s_ratio_poster/public/p2911205318.jpg -> 霸王别姬_ 再见，我的妾  _  Farewell My Concubine
2026-05-13 23:13:15 - douban_crawler - image_downloader.py:98 - INFO - 图片下载成功：霸王别姬_ 再见，我的妾  _  Farewell My Concubine
2026-05-13 23:13:29 - douban_crawler - selenium_crawler.py:92 - WARNING - 提取基础信息失败：Message: 
Stacktrace:
	msedgedriver!GetHandleVerif
2026-05-13 23:13:39 - douban_crawler - selenium_crawler.py:138 - WARNING - 提取短评失败：Message: 

2026-05-13 23:13:39 - douban_crawler - selenium_crawler.py:152 - INFO - 详情页爬取成功：https://movie.douban.com/subject/1291546/
2026-05-13 23:13:39 - douban_crawler - proxy_pool.py:12 - INFO - 代理池为空，使用本地IP
2026-05-13 23:13:39 - douban_crawler - image_downloader.py:78 - INFO - 下载图片（第1次）：https://img9.doubanio.com/view/photo/s_ratio_poster/public/p457760035.jpg -> 泰坦尼克号_ 铁达尼号(港 _ 台)
2026-05-13 23:13:39 - douban_crawler - image_downloader.py:98 - INFO - 图片下载成功：泰坦尼克号_ 铁达尼号(港 _ 台)
2026-05-13 23:13:52 - douban_crawler - selenium_crawler.py:92 - WARNING - 提取基础信息失败：Message: 
Stacktrace:
	msedgedriver!GetHandleVerif
2026-05-13 23:14:03 - douban_crawler - selenium_crawler.py:138 - WARNING - 提取短评失败：Message: 

2026-05-13 23:14:03 - douban_crawler - selenium_crawler.py:152 - INFO - 详情页爬取成功：https://movie.douban.com/subject/1292722/
2026-05-13 23:14:03 - douban_crawler - proxy_pool.py:12 - INFO - 代理池为空，使用本地IP
2026-05-13 23:14:03 - douban_crawler - image_downloader.py:78 - INFO - 下载图片（第1次）：https://img3.doubanio.com/view/photo/s_ratio_poster/public/p2500944103.jpg -> 阿甘正传_ 福雷斯特·冈普
2026-05-13 23:14:03 - douban_crawler - image_downloader.py:98 - INFO - 图片下载成功：阿甘正传_ 福雷斯特·冈普
2026-05-13 23:14:16 - douban_crawler - selenium_crawler.py:92 - WARNING - 提取基础信息失败：Message: 
Stacktrace:
	msedgedriver!GetHandleVerif
2026-05-13 23:14:26 - douban_crawler - selenium_crawler.py:138 - WARNING - 提取短评失败：Message: 

2026-05-13 23:14:26 - douban_crawler - selenium_crawler.py:152 - INFO - 详情页爬取成功：https://movie.douban.com/subject/1292720/
2026-05-13 23:14:26 - douban_crawler - proxy_pool.py:12 - INFO - 代理池为空，使用本地IP
2026-05-13 23:14:26 - douban_crawler - image_downloader.py:78 - INFO - 下载图片（第1次）：https://img1.doubanio.com/view/photo/s_ratio_poster/public/p2557573348.jpg -> 千与千寻_ 神隐少女(台)  _  千与千寻的神隐
2026-05-13 23:14:27 - douban_crawler - image_downloader.py:98 - INFO - 图片下载成功：千与千寻_ 神隐少女(台)  _  千与千寻的神隐
2026-05-13 23:14:40 - douban_crawler - selenium_crawler.py:92 - WARNING - 提取基础信息失败：Message: 
Stacktrace:
	msedgedriver!GetHandleVerif
2026-05-13 23:14:50 - douban_crawler - selenium_crawler.py:138 - WARNING - 提取短评失败：Message: 

2026-05-13 23:14:50 - douban_crawler - selenium_crawler.py:152 - INFO - 详情页爬取成功：https://movie.douban.com/subject/1291561/
2026-05-13 23:14:50 - douban_crawler - proxy_pool.py:12 - INFO - 代理池为空，使用本地IP
2026-05-13 23:14:50 - douban_crawler - image_downloader.py:78 - INFO - 下载图片（第1次）：https://img3.doubanio.com/view/photo/s_ratio_poster/public/p2578474613.jpg -> 美丽人生_ 一个快乐的传说(港)  _  Life Is Beautiful
2026-05-13 23:14:50 - douban_crawler - image_downloader.py:98 - INFO - 图片下载成功：美丽人生_ 一个快乐的传说(港)  _  Life Is Beautiful
2026-05-13 23:15:04 - douban_crawler - selenium_crawler.py:92 - WARNING - 提取基础信息失败：Message: 
Stacktrace:
	msedgedriver!GetHandleVerif
2026-05-13 23:15:14 - douban_crawler - selenium_crawler.py:138 - WARNING - 提取短评失败：Message: 

2026-05-13 23:15:14 - douban_crawler - selenium_crawler.py:152 - INFO - 详情页爬取成功：https://movie.douban.com/subject/1292063/
2026-05-13 23:15:14 - douban_crawler - proxy_pool.py:12 - INFO - 代理池为空，使用本地IP
2026-05-13 23:15:14 - douban_crawler - image_downloader.py:78 - INFO - 下载图片（第1次）：https://img3.doubanio.com/view/photo/s_ratio_poster/public/p2614988097.jpg -> 星际穿越_ 星际启示录(港)  _  星际效应(台)
2026-05-13 23:15:14 - douban_crawler - image_downloader.py:98 - INFO - 图片下载成功：星际穿越_ 星际启示录(港)  _  星际效应(台)
2026-05-13 23:15:28 - douban_crawler - selenium_crawler.py:92 - WARNING - 提取基础信息失败：Message: 
Stacktrace:
	msedgedriver!GetHandleVerif
2026-05-13 23:15:38 - douban_crawler - selenium_crawler.py:138 - WARNING - 提取短评失败：Message: 

2026-05-13 23:15:38 - douban_crawler - selenium_crawler.py:152 - INFO - 详情页爬取成功：https://movie.douban.com/subject/1889243/
2026-05-13 23:15:38 - douban_crawler - proxy_pool.py:12 - INFO - 代理池为空，使用本地IP
2026-05-13 23:15:38 - douban_crawler - image_downloader.py:78 - INFO - 下载图片（第1次）：https://img9.doubanio.com/view/photo/s_ratio_poster/public/p2913554676.jpg -> 这个杀手不太冷_ 终极追杀令(台)  _  杀手莱昂
2026-05-13 23:15:38 - douban_crawler - image_downloader.py:98 - INFO - 图片下载成功：这个杀手不太冷_ 终极追杀令(台)  _  杀手莱昂
2026-05-13 23:15:51 - douban_crawler - selenium_crawler.py:92 - WARNING - 提取基础信息失败：Message: 
Stacktrace:
	msedgedriver!GetHandleVerif
2026-05-13 23:16:02 - douban_crawler - selenium_crawler.py:138 - WARNING - 提取短评失败：Message: 

2026-05-13 23:16:02 - douban_crawler - selenium_crawler.py:152 - INFO - 详情页爬取成功：https://movie.douban.com/subject/1295644/
2026-05-13 23:16:02 - douban_crawler - proxy_pool.py:12 - INFO - 代理池为空，使用本地IP
2026-05-13 23:16:02 - douban_crawler - image_downloader.py:78 - INFO - 下载图片（第1次）：https://img9.doubanio.com/view/photo/s_ratio_poster/public/p513344864.jpg -> 盗梦空间_ 潜行凶间(港)  _  全面启动(台)
2026-05-13 23:16:02 - douban_crawler - image_downloader.py:98 - INFO - 图片下载成功：盗梦空间_ 潜行凶间(港)  _  全面启动(台)
2026-05-13 23:16:15 - douban_crawler - selenium_crawler.py:92 - WARNING - 提取基础信息失败：Message: 
Stacktrace:
	msedgedriver!GetHandleVerif
2026-05-13 23:16:25 - douban_crawler - selenium_crawler.py:138 - WARNING - 提取短评失败：Message: 

2026-05-13 23:16:25 - douban_crawler - selenium_crawler.py:152 - INFO - 详情页爬取成功：https://movie.douban.com/subject/3541415/
2026-05-13 23:16:25 - douban_crawler - proxy_pool.py:12 - INFO - 代理池为空，使用本地IP
2026-05-13 23:16:25 - douban_crawler - image_downloader.py:78 - INFO - 下载图片（第1次）：https://img3.doubanio.com/view/photo/s_ratio_poster/public/p479682972.jpg -> 楚门的世界_ 真人Show(港)  _  真人戏
2026-05-13 23:16:26 - douban_crawler - image_downloader.py:98 - INFO - 图片下载成功：楚门的世界_ 真人Show(港)  _  真人戏
2026-05-13 23:16:39 - douban_crawler - selenium_crawler.py:92 - WARNING - 提取基础信息失败：Message: 
Stacktrace:
	msedgedriver!GetHandleVerif
2026-05-13 23:16:49 - douban_crawler - selenium_crawler.py:138 - WARNING - 提取短评失败：Message: 

2026-05-13 23:16:49 - douban_crawler - selenium_crawler.py:152 - INFO - 详情页爬取成功：https://movie.douban.com/subject/1292064/
2026-05-13 23:16:49 - douban_crawler - proxy_pool.py:12 - INFO - 代理池为空，使用本地IP
2026-05-13 23:16:49 - douban_crawler - image_downloader.py:78 - INFO - 下载图片（第1次）：https://img3.doubanio.com/view/photo/s_ratio_poster/public/p492406163.jpg -> 辛德勒的名单_ 舒特拉的名单(港)  _  辛德勒名单
2026-05-13 23:16:49 - douban_crawler - image_downloader.py:98 - INFO - 图片下载成功：辛德勒的名单_ 舒特拉的名单(港)  _  辛德勒名单
2026-05-13 23:17:03 - douban_crawler - selenium_crawler.py:92 - WARNING - 提取基础信息失败：Message: 
Stacktrace:
	msedgedriver!GetHandleVerif
2026-05-13 23:17:13 - douban_crawler - selenium_crawler.py:138 - WARNING - 提取短评失败：Message: 

2026-05-13 23:17:13 - douban_crawler - selenium_crawler.py:152 - INFO - 详情页爬取成功：https://movie.douban.com/subject/1295124/
2026-05-13 23:17:13 - douban_crawler - proxy_pool.py:12 - INFO - 代理池为空，使用本地IP
2026-05-13 23:17:13 - douban_crawler - image_downloader.py:78 - INFO - 下载图片（第1次）：https://img1.doubanio.com/view/photo/s_ratio_poster/public/p2587099240.jpg -> 忠犬八公的故事_ 秋田犬八千(港)  _  忠犬小八(台)
2026-05-13 23:17:13 - douban_crawler - image_downloader.py:98 - INFO - 图片下载成功：忠犬八公的故事_ 秋田犬八千(港)  _  忠犬小八(台)
2026-05-13 23:17:27 - douban_crawler - selenium_crawler.py:92 - WARNING - 提取基础信息失败：Message: 
Stacktrace:
	msedgedriver!GetHandleVerif
2026-05-13 23:17:37 - douban_crawler - selenium_crawler.py:138 - WARNING - 提取短评失败：Message: 

2026-05-13 23:17:37 - douban_crawler - selenium_crawler.py:152 - INFO - 详情页爬取成功：https://movie.douban.com/subject/3011091/
2026-05-13 23:17:37 - douban_crawler - proxy_pool.py:12 - INFO - 代理池为空，使用本地IP
2026-05-13 23:17:37 - douban_crawler - image_downloader.py:78 - INFO - 下载图片（第1次）：https://img9.doubanio.com/view/photo/s_ratio_poster/public/p2914698334.jpg -> 海上钢琴师_ 声光伴我飞(港)  _  一九零零的传奇
2026-05-13 23:17:37 - douban_crawler - image_downloader.py:98 - INFO - 图片下载成功：海上钢琴师_ 声光伴我飞(港)  _  一九零零的传奇
2026-05-13 23:17:50 - douban_crawler - selenium_crawler.py:92 - WARNING - 提取基础信息失败：Message: 
Stacktrace:
	msedgedriver!GetHandleVerif
2026-05-13 23:18:00 - douban_crawler - selenium_crawler.py:138 - WARNING - 提取短评失败：Message: 

2026-05-13 23:18:00 - douban_crawler - selenium_crawler.py:152 - INFO - 详情页爬取成功：https://movie.douban.com/subject/1292001/
2026-05-13 23:18:00 - douban_crawler - proxy_pool.py:12 - INFO - 代理池为空，使用本地IP
2026-05-13 23:18:00 - douban_crawler - image_downloader.py:78 - INFO - 下载图片（第1次）：https://img9.doubanio.com/view/photo/s_ratio_poster/public/p2924128964.jpg -> 疯狂动物城_ 优兽大都会(港)  _  动物方城市(台)
2026-05-13 23:18:01 - douban_crawler - image_downloader.py:98 - INFO - 图片下载成功：疯狂动物城_ 优兽大都会(港)  _  动物方城市(台)
2026-05-13 23:18:14 - douban_crawler - selenium_crawler.py:92 - WARNING - 提取基础信息失败：Message: 
Stacktrace:
	msedgedriver!GetHandleVerif
2026-05-13 23:18:24 - douban_crawler - selenium_crawler.py:138 - WARNING - 提取短评失败：Message: 

2026-05-13 23:18:24 - douban_crawler - selenium_crawler.py:152 - INFO - 详情页爬取成功：https://movie.douban.com/subject/25662329/
2026-05-13 23:18:24 - douban_crawler - proxy_pool.py:12 - INFO - 代理池为空，使用本地IP
2026-05-13 23:18:24 - douban_crawler - image_downloader.py:78 - INFO - 下载图片（第1次）：https://img2.doubanio.com/view/photo/s_ratio_poster/public/p579729551.jpg -> 三傻大闹宝莱坞_ 三个傻瓜(台)  _  作死不离3兄弟(港)
2026-05-13 23:18:24 - douban_crawler - image_downloader.py:98 - INFO - 图片下载成功：三傻大闹宝莱坞_ 三个傻瓜(台)  _  作死不离3兄弟(港)
2026-05-13 23:18:38 - douban_crawler - selenium_crawler.py:92 - WARNING - 提取基础信息失败：Message: 
Stacktrace:
	msedgedriver!GetHandleVerif
2026-05-13 23:18:48 - douban_crawler - selenium_crawler.py:138 - WARNING - 提取短评失败：Message: 

2026-05-13 23:18:48 - douban_crawler - selenium_crawler.py:152 - INFO - 详情页爬取成功：https://movie.douban.com/subject/3793023/
2026-05-13 23:18:48 - douban_crawler - proxy_pool.py:12 - INFO - 代理池为空，使用本地IP
2026-05-13 23:18:48 - douban_crawler - image_downloader.py:78 - INFO - 下载图片（第1次）：https://img2.doubanio.com/view/photo/s_ratio_poster/public/p1461851991.jpg -> 机器人总动员_ 太空奇兵·威E(港)  _  瓦力(台)
2026-05-13 23:18:48 - douban_crawler - image_downloader.py:98 - INFO - 图片下载成功：机器人总动员_ 太空奇兵·威E(港)  _  瓦力(台)
2026-05-13 23:19:02 - douban_crawler - selenium_crawler.py:92 - WARNING - 提取基础信息失败：Message: 
Stacktrace:
	msedgedriver!GetHandleVerif
2026-05-13 23:19:12 - douban_crawler - selenium_crawler.py:138 - WARNING - 提取短评失败：Message: 

2026-05-13 23:19:12 - douban_crawler - selenium_crawler.py:152 - INFO - 详情页爬取成功：https://movie.douban.com/subject/2131459/
2026-05-13 23:19:12 - douban_crawler - proxy_pool.py:12 - INFO - 代理池为空，使用本地IP
2026-05-13 23:19:12 - douban_crawler - image_downloader.py:78 - INFO - 下载图片（第1次）：https://img1.doubanio.com/view/photo/s_ratio_poster/public/p2884280708.jpg -> 放牛班的春天_ 歌声伴我心(港)  _  唱诗班男孩
2026-05-13 23:19:12 - douban_crawler - image_downloader.py:98 - INFO - 图片下载成功：放牛班的春天_ 歌声伴我心(港)  _  唱诗班男孩
2026-05-13 23:19:25 - douban_crawler - selenium_crawler.py:92 - WARNING - 提取基础信息失败：Message: 
Stacktrace:
	msedgedriver!GetHandleVerif
2026-05-13 23:19:35 - douban_crawler - selenium_crawler.py:138 - WARNING - 提取短评失败：Message: 

2026-05-13 23:19:35 - douban_crawler - selenium_crawler.py:152 - INFO - 详情页爬取成功：https://movie.douban.com/subject/1291549/
2026-05-13 23:19:35 - douban_crawler - proxy_pool.py:12 - INFO - 代理池为空，使用本地IP
2026-05-13 23:19:35 - douban_crawler - image_downloader.py:78 - INFO - 下载图片（第1次）：https://img3.doubanio.com/view/photo/s_ratio_poster/public/p2597979873.jpg -> 无间道_ Infernal Affairs  _  Mou gaan dou
2026-05-13 23:19:36 - douban_crawler - image_downloader.py:98 - INFO - 图片下载成功：无间道_ Infernal Affairs  _  Mou gaan dou
2026-05-13 23:19:49 - douban_crawler - selenium_crawler.py:92 - WARNING - 提取基础信息失败：Message: 
Stacktrace:
	msedgedriver!GetHandleVerif
2026-05-13 23:19:59 - douban_crawler - selenium_crawler.py:138 - WARNING - 提取短评失败：Message: 

2026-05-13 23:19:59 - douban_crawler - selenium_crawler.py:152 - INFO - 详情页爬取成功：https://movie.douban.com/subject/1307914/
2026-05-13 23:19:59 - douban_crawler - proxy_pool.py:12 - INFO - 代理池为空，使用本地IP
2026-05-13 23:19:59 - douban_crawler - image_downloader.py:78 - INFO - 下载图片（第1次）：https://img3.doubanio.com/view/photo/s_ratio_poster/public/p2927451337.jpg -> 控方证人_ 雄才伟略  _  情妇
2026-05-13 23:20:00 - douban_crawler - image_downloader.py:98 - INFO - 图片下载成功：控方证人_ 雄才伟略  _  情妇
2026-05-13 23:20:13 - douban_crawler - selenium_crawler.py:92 - WARNING - 提取基础信息失败：Message: 
Stacktrace:
	msedgedriver!GetHandleVerif
2026-05-13 23:20:23 - douban_crawler - selenium_crawler.py:138 - WARNING - 提取短评失败：Message: 

2026-05-13 23:20:23 - douban_crawler - selenium_crawler.py:152 - INFO - 详情页爬取成功：https://movie.douban.com/subject/1296141/
2026-05-13 23:20:23 - douban_crawler - proxy_pool.py:12 - INFO - 代理池为空，使用本地IP
2026-05-13 23:20:23 - douban_crawler - image_downloader.py:78 - INFO - 下载图片（第1次）：https://img3.doubanio.com/view/photo/s_ratio_poster/public/p2461812747.jpg -> 寻梦环游记_ 玩转极乐园(港)  _  可可夜总会(台)
2026-05-13 23:20:23 - douban_crawler - image_downloader.py:98 - INFO - 图片下载成功：寻梦环游记_ 玩转极乐园(港)  _  可可夜总会(台)
2026-05-13 23:20:37 - douban_crawler - selenium_crawler.py:92 - WARNING - 提取基础信息失败：Message: 
Stacktrace:
	msedgedriver!GetHandleVerif
2026-05-13 23:20:47 - douban_crawler - selenium_crawler.py:138 - WARNING - 提取短评失败：Message: 

2026-05-13 23:20:47 - douban_crawler - selenium_crawler.py:152 - INFO - 详情页爬取成功：https://movie.douban.com/subject/20495023/
2026-05-13 23:20:47 - douban_crawler - proxy_pool.py:12 - INFO - 代理池为空，使用本地IP
2026-05-13 23:20:47 - douban_crawler - image_downloader.py:78 - INFO - 下载图片（第1次）：https://img9.doubanio.com/view/photo/s_ratio_poster/public/p2455050536.jpg -> 大话西游之大圣娶亲_ 西游记完结篇仙履奇缘  _  齐天大圣西游记
2026-05-13 23:20:47 - douban_crawler - image_downloader.py:98 - INFO - 图片下载成功：大话西游之大圣娶亲_ 西游记完结篇仙履奇缘  _  齐天大圣西游记
2026-05-13 23:21:00 - douban_crawler - selenium_crawler.py:92 - WARNING - 提取基础信息失败：Message: 
Stacktrace:
	msedgedriver!GetHandleVerif
2026-05-13 23:21:11 - douban_crawler - selenium_crawler.py:138 - WARNING - 提取短评失败：Message: 

2026-05-13 23:21:11 - douban_crawler - selenium_crawler.py:152 - INFO - 详情页爬取成功：https://movie.douban.com/subject/1292213/
2026-05-13 23:21:11 - douban_crawler - proxy_pool.py:12 - INFO - 代理池为空，使用本地IP
2026-05-13 23:21:11 - douban_crawler - image_downloader.py:78 - INFO - 下载图片（第1次）：https://img9.doubanio.com/view/photo/s_ratio_poster/public/p1363250216.jpg -> 熔炉_ 无声呐喊(港)  _  漩涡
2026-05-13 23:21:11 - douban_crawler - image_downloader.py:98 - INFO - 图片下载成功：熔炉_ 无声呐喊(港)  _  漩涡
2026-05-13 23:21:24 - douban_crawler - selenium_crawler.py:92 - WARNING - 提取基础信息失败：Message: 
Stacktrace:
	msedgedriver!GetHandleVerif
2026-05-13 23:21:34 - douban_crawler - selenium_crawler.py:138 - WARNING - 提取短评失败：Message: 

2026-05-13 23:21:34 - douban_crawler - selenium_crawler.py:152 - INFO - 详情页爬取成功：https://movie.douban.com/subject/5912992/
2026-05-13 23:21:34 - douban_crawler - proxy_pool.py:12 - INFO - 代理池为空，使用本地IP
2026-05-13 23:21:34 - douban_crawler - image_downloader.py:78 - INFO - 下载图片（第1次）：https://img9.doubanio.com/view/photo/s_ratio_poster/public/p1454261925.jpg -> 触不可及_ 闪亮人生(港)  _  逆转人生(台)
2026-05-13 23:21:34 - douban_crawler - image_downloader.py:98 - INFO - 图片下载成功：触不可及_ 闪亮人生(港)  _  逆转人生(台)
2026-05-13 23:21:48 - douban_crawler - selenium_crawler.py:92 - WARNING - 提取基础信息失败：Message: 
Stacktrace:
	msedgedriver!GetHandleVerif
2026-05-13 23:21:58 - douban_crawler - selenium_crawler.py:138 - WARNING - 提取短评失败：Message: 

2026-05-13 23:21:58 - douban_crawler - selenium_crawler.py:152 - INFO - 详情页爬取成功：https://movie.douban.com/subject/6786002/
2026-05-13 23:21:58 - douban_crawler - proxy_pool.py:12 - INFO - 代理池为空，使用本地IP
2026-05-13 23:21:58 - douban_crawler - image_downloader.py:78 - INFO - 下载图片（第1次）：https://img9.doubanio.com/view/photo/s_ratio_poster/public/p616779645.jpg -> 教父_ Mario Puzo's The Godfather
2026-05-13 23:21:58 - douban_crawler - image_downloader.py:98 - INFO - 图片下载成功：教父_ Mario Puzo's The Godfather
2026-05-13 23:22:11 - douban_crawler - selenium_crawler.py:92 - WARNING - 提取基础信息失败：Message: 
Stacktrace:
	msedgedriver!GetHandleVerif
2026-05-13 23:22:22 - douban_crawler - selenium_crawler.py:138 - WARNING - 提取短评失败：Message: 

2026-05-13 23:22:22 - douban_crawler - selenium_crawler.py:152 - INFO - 详情页爬取成功：https://movie.douban.com/subject/1291841/
2026-05-13 23:22:22 - douban_crawler - proxy_pool.py:12 - INFO - 代理池为空，使用本地IP
2026-05-13 23:22:22 - douban_crawler - image_downloader.py:78 - INFO - 下载图片（第1次）：https://img3.doubanio.com/view/photo/s_ratio_poster/public/p452089833.jpg -> 末代皇帝_ 末代皇帝溥仪(港)  _  L'ultimo imperatore
2026-05-13 23:22:22 - douban_crawler - image_downloader.py:98 - INFO - 图片下载成功：末代皇帝_ 末代皇帝溥仪(港)  _  L'ultimo imperatore
2026-05-13 23:22:35 - douban_crawler - selenium_crawler.py:92 - WARNING - 提取基础信息失败：Message: 
Stacktrace:
	msedgedriver!GetHandleVerif
2026-05-13 23:22:46 - douban_crawler - selenium_crawler.py:138 - WARNING - 提取短评失败：Message: 

2026-05-13 23:22:46 - douban_crawler - selenium_crawler.py:152 - INFO - 详情页爬取成功：https://movie.douban.com/subject/1293172/
2026-05-13 23:22:46 - douban_crawler - requests_crawler.py:136 - INFO - 成功爬取：https://movie.douban.com/top250?start=0&filter= | 本页25条
2026-05-13 23:22:46 - douban_crawler - base_crawler.py:17 - INFO - 休眠 4.06 秒
2026-05-13 23:22:50 - douban_crawler - requests_crawler.py:80 - INFO - 请求成功：https://movie.douban.com/top250?start=25&filter= (重试0次)
2026-05-13 23:22:50 - douban_crawler - proxy_pool.py:12 - INFO - 代理池为空，使用本地IP
2026-05-13 23:22:50 - douban_crawler - image_downloader.py:78 - INFO - 下载图片（第1次）：https://img1.doubanio.com/view/photo/s_ratio_poster/public/p2913781448.jpg -> 哈利·波特与魔法石_ 哈利波特1：神秘的魔法石(港 _ 台)
2026-05-13 23:22:50 - douban_crawler - image_downloader.py:98 - INFO - 图片下载成功：哈利·波特与魔法石_ 哈利波特1：神秘的魔法石(港 _ 台)
2026-05-13 23:23:04 - douban_crawler - selenium_crawler.py:92 - WARNING - 提取基础信息失败：Message: 
Stacktrace:
	msedgedriver!GetHandleVerif
2026-05-13 23:23:14 - douban_crawler - selenium_crawler.py:138 - WARNING - 提取短评失败：Message: 

2026-05-13 23:23:14 - douban_crawler - selenium_crawler.py:152 - INFO - 详情页爬取成功：https://movie.douban.com/subject/1295038/
2026-05-13 23:23:14 - douban_crawler - proxy_pool.py:12 - INFO - 代理池为空，使用本地IP
2026-05-13 23:23:14 - douban_crawler - image_downloader.py:78 - INFO - 下载图片（第1次）：https://img1.doubanio.com/view/photo/s_ratio_poster/public/p1312700628.jpg -> 当幸福来敲门_ 寻找快乐的故事(港)  _  追求快乐
2026-05-13 23:23:14 - douban_crawler - image_downloader.py:98 - INFO - 图片下载成功：当幸福来敲门_ 寻找快乐的故事(港)  _  追求快乐
2026-05-13 23:23:27 - douban_crawler - selenium_crawler.py:92 - WARNING - 提取基础信息失败：Message: 
Stacktrace:
	msedgedriver!GetHandleVerif
2026-05-13 23:23:38 - douban_crawler - selenium_crawler.py:138 - WARNING - 提取短评失败：Message: 

2026-05-13 23:23:38 - douban_crawler - selenium_crawler.py:152 - INFO - 详情页爬取成功：https://movie.douban.com/subject/1849031/
2026-05-13 23:23:38 - douban_crawler - proxy_pool.py:12 - INFO - 代理池为空，使用本地IP
2026-05-13 23:23:38 - douban_crawler - image_downloader.py:78 - INFO - 下载图片（第1次）：https://img9.doubanio.com/view/photo/s_ratio_poster/public/p2540924496.jpg -> 龙猫_ 邻居托托罗  _  邻家的豆豆龙
2026-05-13 23:23:38 - douban_crawler - image_downloader.py:98 - INFO - 图片下载成功：龙猫_ 邻居托托罗  _  邻家的豆豆龙
2026-05-13 23:23:51 - douban_crawler - selenium_crawler.py:92 - WARNING - 提取基础信息失败：Message: 
Stacktrace:
	msedgedriver!GetHandleVerif
2026-05-13 23:24:01 - douban_crawler - selenium_crawler.py:138 - WARNING - 提取短评失败：Message: 

2026-05-13 23:24:01 - douban_crawler - selenium_crawler.py:152 - INFO - 详情页爬取成功：https://movie.douban.com/subject/1291560/
2026-05-13 23:24:01 - douban_crawler - proxy_pool.py:12 - INFO - 代理池为空，使用本地IP
2026-05-13 23:24:01 - douban_crawler - image_downloader.py:78 - INFO - 下载图片（第1次）：https://img3.doubanio.com/view/photo/s_ratio_poster/public/p2597919477.jpg -> 活着_ 人生  _  Lifetimes
2026-05-13 23:24:02 - douban_crawler - image_downloader.py:98 - INFO - 图片下载成功：活着_ 人生  _  Lifetimes
2026-05-13 23:24:15 - douban_crawler - selenium_crawler.py:92 - WARNING - 提取基础信息失败：Message: 
Stacktrace:
	msedgedriver!GetHandleVerif
2026-05-13 23:24:25 - douban_crawler - selenium_crawler.py:138 - WARNING - 提取短评失败：Message: 

2026-05-13 23:24:25 - douban_crawler - selenium_crawler.py:152 - INFO - 详情页爬取成功：https://movie.douban.com/subject/1292365/
2026-05-13 23:24:25 - douban_crawler - proxy_pool.py:12 - INFO - 代理池为空，使用本地IP
2026-05-13 23:24:25 - douban_crawler - image_downloader.py:78 - INFO - 下载图片（第1次）：https://img1.doubanio.com/view/photo/s_ratio_poster/public/p501177648.jpg -> 怦然心动_ 萌动青春  _  青春萌动
2026-05-13 23:24:25 - douban_crawler - image_downloader.py:98 - INFO - 图片下载成功：怦然心动_ 萌动青春  _  青春萌动
2026-05-13 23:24:39 - douban_crawler - selenium_crawler.py:92 - WARNING - 提取基础信息失败：Message: 
Stacktrace:
	msedgedriver!GetHandleVerif
2026-05-13 23:24:49 - douban_crawler - selenium_crawler.py:138 - WARNING - 提取短评失败：Message: 

2026-05-13 23:24:49 - douban_crawler - selenium_crawler.py:152 - INFO - 详情页爬取成功：https://movie.douban.com/subject/3319755/
2026-05-13 23:24:49 - douban_crawler - proxy_pool.py:12 - INFO - 代理池为空，使用本地IP
2026-05-13 23:24:49 - douban_crawler - image_downloader.py:78 - INFO - 下载图片（第1次）：https://img3.doubanio.com/view/photo/s_ratio_poster/public/p462657443.jpg -> 蝙蝠侠：黑暗骑士_ 蝙蝠侠前传2：黑暗骑士  _  黑暗骑士(台)
2026-05-13 23:24:49 - douban_crawler - image_downloader.py:98 - INFO - 图片下载成功：蝙蝠侠：黑暗骑士_ 蝙蝠侠前传2：黑暗骑士  _  黑暗骑士(台)
2026-05-13 23:25:02 - douban_crawler - selenium_crawler.py:92 - WARNING - 提取基础信息失败：Message: 
Stacktrace:
	msedgedriver!GetHandleVerif
2026-05-13 23:25:13 - douban_crawler - selenium_crawler.py:138 - WARNING - 提取短评失败：Message: 

2026-05-13 23:25:13 - douban_crawler - selenium_crawler.py:152 - INFO - 详情页爬取成功：https://movie.douban.com/subject/1851857/
2026-05-13 23:25:13 - douban_crawler - proxy_pool.py:12 - INFO - 代理池为空，使用本地IP
2026-05-13 23:25:13 - douban_crawler - image_downloader.py:78 - INFO - 下载图片（第1次）：https://img3.doubanio.com/view/photo/s_ratio_poster/public/p2642829472.jpg -> 指环王3：王者无敌_ 魔戒三部曲：王者再临(台 _ 港)
2026-05-13 23:25:13 - douban_crawler - image_downloader.py:98 - INFO - 图片下载成功：指环王3：王者无敌_ 魔戒三部曲：王者再临(台 _ 港)
2026-05-13 23:25:26 - douban_crawler - selenium_crawler.py:92 - WARNING - 提取基础信息失败：Message: 
Stacktrace:
	msedgedriver!GetHandleVerif
2026-05-13 23:25:36 - douban_crawler - selenium_crawler.py:138 - WARNING - 提取短评失败：Message: 

2026-05-13 23:25:36 - douban_crawler - selenium_crawler.py:152 - INFO - 详情页爬取成功：https://movie.douban.com/subject/1291552/
2026-05-13 23:25:36 - douban_crawler - proxy_pool.py:12 - INFO - 代理池为空，使用本地IP
2026-05-13 23:25:36 - douban_crawler - image_downloader.py:78 - INFO - 下载图片（第1次）：https://img1.doubanio.com/view/photo/s_ratio_poster/public/p2527119568.jpg -> 我不是药神_ 中国药神  _  印度药神
2026-05-13 23:25:37 - douban_crawler - image_downloader.py:98 - INFO - 图片下载成功：我不是药神_ 中国药神  _  印度药神
2026-05-13 23:25:52 - douban_crawler - selenium_crawler.py:92 - WARNING - 提取基础信息失败：Message: 
Stacktrace:
	msedgedriver!GetHandleVerif
2026-05-13 23:26:02 - douban_crawler - selenium_crawler.py:138 - WARNING - 提取短评失败：Message: 

2026-05-13 23:26:02 - douban_crawler - selenium_crawler.py:152 - INFO - 详情页爬取成功：https://movie.douban.com/subject/26752088/
2026-05-13 23:26:02 - douban_crawler - proxy_pool.py:12 - INFO - 代理池为空，使用本地IP
2026-05-13 23:26:02 - douban_crawler - image_downloader.py:78 - INFO - 下载图片（第1次）：https://img1.doubanio.com/view/photo/s_ratio_poster/public/p1963126880.jpg -> 乱世佳人_ 飘
2026-05-13 23:26:02 - douban_crawler - image_downloader.py:98 - INFO - 图片下载成功：乱世佳人_ 飘
2026-05-13 23:26:18 - douban_crawler - selenium_crawler.py:92 - WARNING - 提取基础信息失败：Message: 
Stacktrace:
	msedgedriver!GetHandleVerif
2026-05-13 23:26:28 - douban_crawler - selenium_crawler.py:138 - WARNING - 提取短评失败：Message: 

2026-05-13 23:26:28 - douban_crawler - selenium_crawler.py:152 - INFO - 详情页爬取成功：https://movie.douban.com/subject/1300267/
2026-05-13 23:26:28 - douban_crawler - proxy_pool.py:12 - INFO - 代理池为空，使用本地IP
2026-05-13 23:26:28 - douban_crawler - image_downloader.py:78 - INFO - 下载图片（第1次）：https://img9.doubanio.com/view/photo/s_ratio_poster/public/p485887754.jpg -> 飞屋环游记_ 冲天救兵(港)  _  天外奇迹(台)
2026-05-13 23:26:28 - douban_crawler - image_downloader.py:98 - INFO - 图片下载成功：飞屋环游记_ 冲天救兵(港)  _  天外奇迹(台)
2026-05-13 23:26:43 - douban_crawler - selenium_crawler.py:92 - WARNING - 提取基础信息失败：Message: 
Stacktrace:
	msedgedriver!GetHandleVerif
2026-05-13 23:26:54 - douban_crawler - selenium_crawler.py:138 - WARNING - 提取短评失败：Message: 

2026-05-13 23:26:54 - douban_crawler - selenium_crawler.py:152 - INFO - 详情页爬取成功：https://movie.douban.com/subject/2129039/
2026-05-13 23:26:54 - douban_crawler - proxy_pool.py:12 - INFO - 代理池为空，使用本地IP
2026-05-13 23:26:54 - douban_crawler - image_downloader.py:78 - INFO - 下载图片（第1次）：https://img3.doubanio.com/view/photo/s_ratio_poster/public/p1512562287.jpg -> 让子弹飞_ 让子弹飞一会儿  _  火烧云
2026-05-13 23:26:54 - douban_crawler - image_downloader.py:98 - INFO - 图片下载成功：让子弹飞_ 让子弹飞一会儿  _  火烧云
2026-05-13 23:27:09 - douban_crawler - selenium_crawler.py:92 - WARNING - 提取基础信息失败：Message: 
Stacktrace:
	msedgedriver!GetHandleVerif
2026-05-13 23:27:19 - douban_crawler - selenium_crawler.py:138 - WARNING - 提取短评失败：Message: 

2026-05-13 23:27:19 - douban_crawler - selenium_crawler.py:152 - INFO - 详情页爬取成功：https://movie.douban.com/subject/3742360/
2026-05-13 23:27:19 - douban_crawler - proxy_pool.py:12 - INFO - 代理池为空，使用本地IP
2026-05-13 23:27:19 - douban_crawler - image_downloader.py:78 - INFO - 下载图片（第1次）：https://img9.doubanio.com/view/photo/s_ratio_poster/public/p2907583906.jpg -> 哈尔的移动城堡_ 哈尔移动城堡(港)  _  霍尔的移动城堡(台)
2026-05-13 23:27:19 - douban_crawler - image_downloader.py:98 - INFO - 图片下载成功：哈尔的移动城堡_ 哈尔移动城堡(港)  _  霍尔的移动城堡(台)
2026-05-13 23:27:35 - douban_crawler - selenium_crawler.py:92 - WARNING - 提取基础信息失败：Message: 
Stacktrace:
	msedgedriver!GetHandleVerif
2026-05-13 23:27:45 - douban_crawler - selenium_crawler.py:138 - WARNING - 提取短评失败：Message: 

2026-05-13 23:27:45 - douban_crawler - selenium_crawler.py:152 - INFO - 详情页爬取成功：https://movie.douban.com/subject/1308807/
2026-05-13 23:27:45 - douban_crawler - proxy_pool.py:12 - INFO - 代理池为空，使用本地IP
2026-05-13 23:27:45 - douban_crawler - image_downloader.py:78 - INFO - 下载图片（第1次）：https://img3.doubanio.com/view/photo/s_ratio_poster/public/p2173577632.jpg -> 十二怒汉_ 12怒汉  _  十二怒汉
2026-05-13 23:27:45 - douban_crawler - image_downloader.py:98 - INFO - 图片下载成功：十二怒汉_ 12怒汉  _  十二怒汉
2026-05-13 23:28:01 - douban_crawler - selenium_crawler.py:92 - WARNING - 提取基础信息失败：Message: 
Stacktrace:
	msedgedriver!GetHandleVerif
2026-05-13 23:28:11 - douban_crawler - selenium_crawler.py:138 - WARNING - 提取短评失败：Message: 

2026-05-13 23:28:11 - douban_crawler - selenium_crawler.py:152 - INFO - 详情页爬取成功：https://movie.douban.com/subject/1293182/
2026-05-13 23:28:11 - douban_crawler - proxy_pool.py:12 - INFO - 代理池为空，使用本地IP
2026-05-13 23:28:11 - douban_crawler - image_downloader.py:78 - INFO - 下载图片（第1次）：https://img9.doubanio.com/view/photo/s_ratio_poster/public/p2554525534.jpg -> 海蒂和爷爷_ 飘零燕(港)  _  海蒂
2026-05-13 23:28:11 - douban_crawler - image_downloader.py:98 - INFO - 图片下载成功：海蒂和爷爷_ 飘零燕(港)  _  海蒂
2026-05-13 23:28:28 - douban_crawler - selenium_crawler.py:92 - WARNING - 提取基础信息失败：Message: 
Stacktrace:
	msedgedriver!GetHandleVerif
2026-05-13 23:28:38 - douban_crawler - selenium_crawler.py:138 - WARNING - 提取短评失败：Message: 

2026-05-13 23:28:38 - douban_crawler - selenium_crawler.py:152 - INFO - 详情页爬取成功：https://movie.douban.com/subject/25958717/
2026-05-13 23:28:38 - douban_crawler - proxy_pool.py:12 - INFO - 代理池为空，使用本地IP
2026-05-13 23:28:38 - douban_crawler - image_downloader.py:78 - INFO - 下载图片（第1次）：https://img9.doubanio.com/view/photo/s_ratio_poster/public/p2118532944.jpg -> 素媛_ 许愿  _  希望：为爱重生(台)
2026-05-13 23:28:39 - douban_crawler - image_downloader.py:98 - INFO - 图片下载成功：素媛_ 许愿  _  希望：为爱重生(台)
2026-05-13 23:28:56 - douban_crawler - selenium_crawler.py:92 - WARNING - 提取基础信息失败：Message: 
Stacktrace:
	msedgedriver!GetHandleVerif
2026-05-13 23:29:06 - douban_crawler - selenium_crawler.py:138 - WARNING - 提取短评失败：Message: 

2026-05-13 23:29:06 - douban_crawler - selenium_crawler.py:152 - INFO - 详情页爬取成功：https://movie.douban.com/subject/21937452/
2026-05-13 23:29:06 - douban_crawler - proxy_pool.py:12 - INFO - 代理池为空，使用本地IP
2026-05-13 23:29:06 - douban_crawler - image_downloader.py:78 - INFO - 下载图片（第1次）：https://img2.doubanio.com/view/photo/s_ratio_poster/public/p453924541.jpg -> 猫鼠游戏_ 逍遥法外  _  捉智双雄(港)
2026-05-13 23:29:06 - douban_crawler - image_downloader.py:98 - INFO - 图片下载成功：猫鼠游戏_ 逍遥法外  _  捉智双雄(港)
2026-05-13 23:29:24 - douban_crawler - selenium_crawler.py:92 - WARNING - 提取基础信息失败：Message: 
Stacktrace:
	msedgedriver!GetHandleVerif
2026-05-13 23:29:34 - douban_crawler - selenium_crawler.py:138 - WARNING - 提取短评失败：Message: 

2026-05-13 23:29:34 - douban_crawler - selenium_crawler.py:152 - INFO - 详情页爬取成功：https://movie.douban.com/subject/1305487/
2026-05-13 23:29:34 - douban_crawler - proxy_pool.py:12 - INFO - 代理池为空，使用本地IP
2026-05-13 23:29:34 - douban_crawler - image_downloader.py:78 - INFO - 下载图片（第1次）：https://img2.doubanio.com/view/photo/s_ratio_poster/public/p2892409201.jpg -> 天空之城_ 天空之城拉普他  _  空中城堡拉普他
2026-05-13 23:29:34 - douban_crawler - image_downloader.py:98 - INFO - 图片下载成功：天空之城_ 天空之城拉普他  _  空中城堡拉普他
2026-05-13 23:29:51 - douban_crawler - selenium_crawler.py:92 - WARNING - 提取基础信息失败：Message: 
Stacktrace:
	msedgedriver!GetHandleVerif
2026-05-13 23:30:01 - douban_crawler - selenium_crawler.py:138 - WARNING - 提取短评失败：Message: 

2026-05-13 23:30:01 - douban_crawler - selenium_crawler.py:152 - INFO - 详情页爬取成功：https://movie.douban.com/subject/1291583/
2026-05-13 23:30:01 - douban_crawler - proxy_pool.py:12 - INFO - 代理池为空，使用本地IP
2026-05-13 23:30:01 - douban_crawler - image_downloader.py:78 - INFO - 下载图片（第1次）：https://img1.doubanio.com/view/photo/s_ratio_poster/public/p2930874010.jpg -> 鬼子来了_ Devils on the Doorstep
2026-05-13 23:30:02 - douban_crawler - image_downloader.py:98 - INFO - 图片下载成功：鬼子来了_ Devils on the Doorstep
2026-05-13 23:30:19 - douban_crawler - selenium_crawler.py:92 - WARNING - 提取基础信息失败：Message: 
Stacktrace:
	msedgedriver!GetHandleVerif
2026-05-13 23:30:29 - douban_crawler - selenium_crawler.py:138 - WARNING - 提取短评失败：Message: 

2026-05-13 23:30:29 - douban_crawler - selenium_crawler.py:152 - INFO - 详情页爬取成功：https://movie.douban.com/subject/1291858/
2026-05-13 23:30:29 - douban_crawler - proxy_pool.py:12 - INFO - 代理池为空，使用本地IP
2026-05-13 23:30:29 - douban_crawler - image_downloader.py:78 - INFO - 下载图片（第1次）：https://img1.doubanio.com/view/photo/s_ratio_poster/public/p2401676338.jpg -> 摔跤吧！爸爸_ 我和我的冠军女儿(台)  _  打死不离3父女(港)
2026-05-13 23:30:29 - douban_crawler - image_downloader.py:98 - INFO - 图片下载成功：摔跤吧！爸爸_ 我和我的冠军女儿(台)  _  打死不离3父女(港)
2026-05-13 23:30:47 - douban_crawler - selenium_crawler.py:92 - WARNING - 提取基础信息失败：Message: 
Stacktrace:
	msedgedriver!GetHandleVerif
2026-05-13 23:30:57 - douban_crawler - selenium_crawler.py:138 - WARNING - 提取短评失败：Message: 

2026-05-13 23:30:57 - douban_crawler - selenium_crawler.py:152 - INFO - 详情页爬取成功：https://movie.douban.com/subject/26387939/
2026-05-13 23:30:57 - douban_crawler - proxy_pool.py:12 - INFO - 代理池为空，使用本地IP
2026-05-13 23:30:57 - douban_crawler - image_downloader.py:78 - INFO - 下载图片（第1次）：https://img2.doubanio.com/view/photo/s_ratio_poster/public/p1784592701.jpg -> 少年派的奇幻漂流_ 少年Pi的奇幻漂流  _  漂流少年Pi
2026-05-13 23:30:57 - douban_crawler - image_downloader.py:98 - INFO - 图片下载成功：少年派的奇幻漂流_ 少年Pi的奇幻漂流  _  漂流少年Pi
2026-05-13 23:31:14 - douban_crawler - selenium_crawler.py:92 - WARNING - 提取基础信息失败：Message: 
Stacktrace:
	msedgedriver!GetHandleVerif
2026-05-13 23:31:24 - douban_crawler - selenium_crawler.py:138 - WARNING - 提取短评失败：Message: 

2026-05-13 23:31:24 - douban_crawler - selenium_crawler.py:152 - INFO - 详情页爬取成功：https://movie.douban.com/subject/1929463/
2026-05-13 23:31:24 - douban_crawler - proxy_pool.py:12 - INFO - 代理池为空，使用本地IP
2026-05-13 23:31:24 - douban_crawler - image_downloader.py:78 - INFO - 下载图片（第1次）：https://img2.doubanio.com/view/photo/s_ratio_poster/public/p1381339291.jpg -> 钢琴家_ 钢琴战曲(港)  _  战地琴人(台)
2026-05-13 23:31:25 - douban_crawler - image_downloader.py:98 - INFO - 图片下载成功：钢琴家_ 钢琴战曲(港)  _  战地琴人(台)
2026-05-13 23:31:42 - douban_crawler - selenium_crawler.py:92 - WARNING - 提取基础信息失败：Message: 
Stacktrace:
	msedgedriver!GetHandleVerif
2026-05-13 23:31:52 - douban_crawler - selenium_crawler.py:138 - WARNING - 提取短评失败：Message: 

2026-05-13 23:31:52 - douban_crawler - selenium_crawler.py:152 - INFO - 详情页爬取成功：https://movie.douban.com/subject/1296736/
2026-05-13 23:31:52 - douban_crawler - proxy_pool.py:12 - INFO - 代理池为空，使用本地IP
2026-05-13 23:31:52 - douban_crawler - image_downloader.py:78 - INFO - 下载图片（第1次）：https://img9.doubanio.com/view/photo/s_ratio_poster/public/p2640236255.jpg -> 指环王2：双塔奇兵_ 魔戒二部曲：双城奇谋  _  指环王II：双塔
2026-05-13 23:31:52 - douban_crawler - image_downloader.py:98 - INFO - 图片下载成功：指环王2：双塔奇兵_ 魔戒二部曲：双城奇谋  _  指环王II：双塔
2026-05-13 23:32:09 - douban_crawler - selenium_crawler.py:92 - WARNING - 提取基础信息失败：Message: 
Stacktrace:
	msedgedriver!GetHandleVerif
2026-05-13 23:32:20 - douban_crawler - selenium_crawler.py:138 - WARNING - 提取短评失败：Message: 

2026-05-13 23:32:20 - douban_crawler - selenium_crawler.py:152 - INFO - 详情页爬取成功：https://movie.douban.com/subject/1291572/
2026-05-13 23:32:20 - douban_crawler - proxy_pool.py:12 - INFO - 代理池为空，使用本地IP
2026-05-13 23:32:20 - douban_crawler - image_downloader.py:78 - INFO - 下载图片（第1次）：https://img1.doubanio.com/view/photo/s_ratio_poster/public/p2575465690.jpg -> 死亡诗社_ 暴雨骄阳(港)  _  春风化雨(台)
2026-05-13 23:32:20 - douban_crawler - image_downloader.py:98 - INFO - 图片下载成功：死亡诗社_ 暴雨骄阳(港)  _  春风化雨(台)
2026-05-13 23:32:37 - douban_crawler - selenium_crawler.py:92 - WARNING - 提取基础信息失败：Message: 
Stacktrace:
	msedgedriver!GetHandleVerif
2026-05-13 23:32:47 - douban_crawler - selenium_crawler.py:138 - WARNING - 提取短评失败：Message: 

2026-05-13 23:32:47 - douban_crawler - selenium_crawler.py:152 - INFO - 详情页爬取成功：https://movie.douban.com/subject/1291548/
2026-05-13 23:32:47 - douban_crawler - proxy_pool.py:12 - INFO - 代理池为空，使用本地IP
2026-05-13 23:32:47 - douban_crawler - image_downloader.py:78 - INFO - 下载图片（第1次）：https://img3.doubanio.com/view/photo/s_ratio_poster/public/p2561721372.jpg -> 大话西游之月光宝盒_ 西游记101回月光宝盒  _  齐天大圣东游记
2026-05-13 23:32:48 - douban_crawler - image_downloader.py:98 - INFO - 图片下载成功：大话西游之月光宝盒_ 西游记101回月光宝盒  _  齐天大圣东游记
2026-05-13 23:33:05 - douban_crawler - selenium_crawler.py:92 - WARNING - 提取基础信息失败：Message: 
Stacktrace:
	msedgedriver!GetHandleVerif
2026-05-13 23:33:15 - douban_crawler - selenium_crawler.py:138 - WARNING - 提取短评失败：Message: 

2026-05-13 23:33:15 - douban_crawler - selenium_crawler.py:152 - INFO - 详情页爬取成功：https://movie.douban.com/subject/1299398/
2026-05-13 23:33:15 - douban_crawler - proxy_pool.py:12 - INFO - 代理池为空，使用本地IP
2026-05-13 23:33:15 - douban_crawler - image_downloader.py:78 - INFO - 下载图片（第1次）：https://img2.doubanio.com/view/photo/s_ratio_poster/public/p2531065411.jpg -> 绿皮书_ 绿簿旅友(港)  _  幸福绿皮书(台)
2026-05-13 23:33:15 - douban_crawler - image_downloader.py:98 - INFO - 图片下载成功：绿皮书_ 绿簿旅友(港)  _  幸福绿皮书(台)
2026-05-13 23:33:33 - douban_crawler - selenium_crawler.py:92 - WARNING - 提取基础信息失败：Message: 
Stacktrace:
	msedgedriver!GetHandleVerif
2026-05-13 23:33:43 - douban_crawler - selenium_crawler.py:138 - WARNING - 提取短评失败：Message: 

2026-05-13 23:33:43 - douban_crawler - selenium_crawler.py:152 - INFO - 详情页爬取成功：https://movie.douban.com/subject/27060077/
2026-05-13 23:33:43 - douban_crawler - requests_crawler.py:136 - INFO - 成功爬取：https://movie.douban.com/top250?start=25&filter= | 本页25条
2026-05-13 23:33:43 - douban_crawler - base_crawler.py:17 - INFO - 休眠 4.77 秒
2026-05-13 23:33:48 - douban_crawler - requests_crawler.py:80 - INFO - 请求成功：https://movie.douban.com/top250?start=50&filter= (重试0次)
2026-05-13 23:33:48 - douban_crawler - proxy_pool.py:12 - INFO - 代理池为空，使用本地IP
2026-05-13 23:33:48 - douban_crawler - image_downloader.py:78 - INFO - 下载图片（第1次）：https://img3.doubanio.com/view/photo/s_ratio_poster/public/p2875749222.jpg -> 何以为家_ 迦百农  _  星仔打官司(港)
2026-05-13 23:33:48 - douban_crawler - image_downloader.py:98 - INFO - 图片下载成功：何以为家_ 迦百农  _  星仔打官司(港)
2026-05-13 23:34:04 - douban_crawler - selenium_crawler.py:92 - WARNING - 提取基础信息失败：Message: 
Stacktrace:
	msedgedriver!GetHandleVerif
2026-05-13 23:34:14 - douban_crawler - selenium_crawler.py:138 - WARNING - 提取短评失败：Message: 

2026-05-13 23:34:14 - douban_crawler - selenium_crawler.py:152 - INFO - 详情页爬取成功：https://movie.douban.com/subject/30170448/
2026-05-13 23:34:14 - douban_crawler - proxy_pool.py:12 - INFO - 代理池为空，使用本地IP
2026-05-13 23:34:14 - douban_crawler - image_downloader.py:78 - INFO - 下载图片（第1次）：https://img1.doubanio.com/view/photo/s_ratio_poster/public/p2550757929.jpg -> 闻香识女人_ 女人香  _  女人的芳香
2026-05-13 23:34:14 - douban_crawler - image_downloader.py:98 - INFO - 图片下载成功：闻香识女人_ 女人香  _  女人的芳香
2026-05-13 23:34:29 - douban_crawler - selenium_crawler.py:92 - WARNING - 提取基础信息失败：Message: 
Stacktrace:
	msedgedriver!GetHandleVerif
2026-05-13 23:34:40 - douban_crawler - selenium_crawler.py:138 - WARNING - 提取短评失败：Message: 

2026-05-13 23:34:40 - douban_crawler - selenium_crawler.py:152 - INFO - 详情页爬取成功：https://movie.douban.com/subject/1298624/
2026-05-13 23:34:40 - douban_crawler - proxy_pool.py:12 - INFO - 代理池为空，使用本地IP
2026-05-13 23:34:40 - douban_crawler - image_downloader.py:78 - INFO - 下载图片（第1次）：https://img3.doubanio.com/view/photo/s_ratio_poster/public/p2184505167.jpg -> 大闹天宫_ 大闹天宫 上下集  _  The Monkey King
2026-05-13 23:34:40 - douban_crawler - image_downloader.py:98 - INFO - 图片下载成功：大闹天宫_ 大闹天宫 上下集  _  The Monkey King
2026-05-13 23:34:55 - douban_crawler - selenium_crawler.py:92 - WARNING - 提取基础信息失败：Message: 
Stacktrace:
	msedgedriver!GetHandleVerif
2026-05-13 23:35:05 - douban_crawler - selenium_crawler.py:138 - WARNING - 提取短评失败：Message: 

2026-05-13 23:35:05 - douban_crawler - selenium_crawler.py:152 - INFO - 详情页爬取成功：https://movie.douban.com/subject/1418019/
2026-05-13 23:35:05 - douban_crawler - proxy_pool.py:12 - INFO - 代理池为空，使用本地IP
2026-05-13 23:35:05 - douban_crawler - image_downloader.py:78 - INFO - 下载图片（第1次）：https://img1.doubanio.com/view/photo/s_ratio_poster/public/p451926968.jpg -> 黑客帝国_ 22世纪杀人网络(港)  _  廿二世纪杀人网络(港)
2026-05-13 23:35:06 - douban_crawler - image_downloader.py:98 - INFO - 图片下载成功：黑客帝国_ 22世纪杀人网络(港)  _  廿二世纪杀人网络(港)
2026-05-13 23:35:21 - douban_crawler - selenium_crawler.py:92 - WARNING - 提取基础信息失败：Message: 
Stacktrace:
	msedgedriver!GetHandleVerif
2026-05-13 23:35:31 - douban_crawler - selenium_crawler.py:138 - WARNING - 提取短评失败：Message: 

2026-05-13 23:35:31 - douban_crawler - selenium_crawler.py:152 - INFO - 详情页爬取成功：https://movie.douban.com/subject/1291843/
2026-05-13 23:35:31 - douban_crawler - proxy_pool.py:12 - INFO - 代理池为空，使用本地IP
2026-05-13 23:35:31 - douban_crawler - image_downloader.py:78 - INFO - 下载图片（第1次）：https://img9.doubanio.com/view/photo/s_ratio_poster/public/p2197698335.jpg -> 指环王1：护戒使者_ 指环王1：魔戒再现  _  指环王I：护戒使者
2026-05-13 23:35:31 - douban_crawler - image_downloader.py:98 - INFO - 图片下载成功：指环王1：护戒使者_ 指环王1：魔戒再现  _  指环王I：护戒使者
2026-05-13 23:35:49 - douban_crawler - selenium_crawler.py:92 - WARNING - 提取基础信息失败：Message: 
Stacktrace:
	msedgedriver!GetHandleVerif
2026-05-13 23:35:59 - douban_crawler - selenium_crawler.py:138 - WARNING - 提取短评失败：Message: 

2026-05-13 23:35:59 - douban_crawler - selenium_crawler.py:152 - INFO - 详情页爬取成功：https://movie.douban.com/subject/1291571/
2026-05-13 23:35:59 - douban_crawler - proxy_pool.py:12 - INFO - 代理池为空，使用本地IP
2026-05-13 23:35:59 - douban_crawler - image_downloader.py:78 - INFO - 下载图片（第1次）：https://img9.doubanio.com/view/photo/s_ratio_poster/public/p2189265085.jpg -> 罗马假日_ 金枝玉叶(港)  _  罗马假期(台)
2026-05-13 23:35:59 - douban_crawler - image_downloader.py:98 - INFO - 图片下载成功：罗马假日_ 金枝玉叶(港)  _  罗马假期(台)
2026-05-13 23:36:14 - douban_crawler - selenium_crawler.py:92 - WARNING - 提取基础信息失败：Message: 
Stacktrace:
	msedgedriver!GetHandleVerif
2026-05-13 23:36:24 - douban_crawler - selenium_crawler.py:138 - WARNING - 提取短评失败：Message: 

2026-05-13 23:36:24 - douban_crawler - selenium_crawler.py:152 - INFO - 详情页爬取成功：https://movie.douban.com/subject/1293839/
2026-05-13 23:36:24 - douban_crawler - proxy_pool.py:12 - INFO - 代理池为空，使用本地IP
2026-05-13 23:36:24 - douban_crawler - image_downloader.py:78 - INFO - 下载图片（第1次）：https://img3.doubanio.com/view/photo/s_ratio_poster/public/p2194138787.jpg -> 教父2_ 教父续集(港)  _  教父II
2026-05-13 23:36:25 - douban_crawler - image_downloader.py:98 - INFO - 图片下载成功：教父2_ 教父续集(港)  _  教父II
2026-05-13 23:36:40 - douban_crawler - selenium_crawler.py:92 - WARNING - 提取基础信息失败：Message: 
Stacktrace:
	msedgedriver!GetHandleVerif
2026-05-13 23:36:50 - douban_crawler - selenium_crawler.py:138 - WARNING - 提取短评失败：Message: 

2026-05-13 23:36:50 - douban_crawler - selenium_crawler.py:152 - INFO - 详情页爬取成功：https://movie.douban.com/subject/1299131/
2026-05-13 23:36:50 - douban_crawler - proxy_pool.py:12 - INFO - 代理池为空，使用本地IP
2026-05-13 23:36:50 - douban_crawler - image_downloader.py:78 - INFO - 下载图片（第1次）：https://img3.doubanio.com/view/photo/s_ratio_poster/public/p726659067.jpg -> 狮子王_ 狮子王3D
2026-05-13 23:36:51 - douban_crawler - image_downloader.py:98 - INFO - 图片下载成功：狮子王_ 狮子王3D
2026-05-13 23:37:06 - douban_crawler - selenium_crawler.py:92 - WARNING - 提取基础信息失败：Message: 
Stacktrace:
	msedgedriver!GetHandleVerif
2026-05-13 23:37:16 - douban_crawler - selenium_crawler.py:138 - WARNING - 提取短评失败：Message: 

2026-05-13 23:37:16 - douban_crawler - selenium_crawler.py:152 - INFO - 详情页爬取成功：https://movie.douban.com/subject/1301753/
2026-05-13 23:37:16 - douban_crawler - proxy_pool.py:12 - INFO - 代理池为空，使用本地IP
2026-05-13 23:37:16 - douban_crawler - image_downloader.py:78 - INFO - 下载图片（第1次）：https://img1.doubanio.com/view/photo/s_ratio_poster/public/p2653054340.jpg -> 天堂电影院_ 星光伴我心(港)  _  新天堂乐园(台)
2026-05-13 23:37:16 - douban_crawler - image_downloader.py:98 - INFO - 图片下载成功：天堂电影院_ 星光伴我心(港)  _  新天堂乐园(台)
2026-05-13 23:37:32 - douban_crawler - selenium_crawler.py:92 - WARNING - 提取基础信息失败：Message: 
Stacktrace:
	msedgedriver!GetHandleVerif
2026-05-13 23:37:42 - douban_crawler - selenium_crawler.py:138 - WARNING - 提取短评失败：Message: 

2026-05-13 23:37:42 - douban_crawler - selenium_crawler.py:152 - INFO - 详情页爬取成功：https://movie.douban.com/subject/1291828/
2026-05-13 23:37:42 - douban_crawler - proxy_pool.py:12 - INFO - 代理池为空，使用本地IP
2026-05-13 23:37:42 - douban_crawler - image_downloader.py:78 - INFO - 下载图片（第1次）：https://img2.doubanio.com/view/photo/s_ratio_poster/public/p1910899751.jpg -> 饮食男女_ Eat Drink Man Woman
2026-05-13 23:37:42 - douban_crawler - image_downloader.py:98 - INFO - 图片下载成功：饮食男女_ Eat Drink Man Woman
2026-05-13 23:37:57 - douban_crawler - selenium_crawler.py:92 - WARNING - 提取基础信息失败：Message: 
Stacktrace:
	msedgedriver!GetHandleVerif
2026-05-13 23:38:07 - douban_crawler - selenium_crawler.py:138 - WARNING - 提取短评失败：Message: 

2026-05-13 23:38:07 - douban_crawler - selenium_crawler.py:152 - INFO - 详情页爬取成功：https://movie.douban.com/subject/1291818/
2026-05-13 23:38:07 - douban_crawler - proxy_pool.py:12 - INFO - 代理池为空，使用本地IP
2026-05-13 23:38:07 - douban_crawler - image_downloader.py:78 - INFO - 下载图片（第1次）：https://img9.doubanio.com/view/photo/s_ratio_poster/public/p2158166535.jpg -> 辩护人_ 逆权大状(港)  _  正义辩护人(台)
2026-05-13 23:38:07 - douban_crawler - image_downloader.py:98 - INFO - 图片下载成功：辩护人_ 逆权大状(港)  _  正义辩护人(台)
2026-05-13 23:38:23 - douban_crawler - selenium_crawler.py:92 - WARNING - 提取基础信息失败：Message: 
Stacktrace:
	msedgedriver!GetHandleVerif
2026-05-13 23:38:33 - douban_crawler - selenium_crawler.py:138 - WARNING - 提取短评失败：Message: 

2026-05-13 23:38:33 - douban_crawler - selenium_crawler.py:152 - INFO - 详情页爬取成功：https://movie.douban.com/subject/21937445/
2026-05-13 23:38:33 - douban_crawler - proxy_pool.py:12 - INFO - 代理池为空，使用本地IP
2026-05-13 23:38:33 - douban_crawler - image_downloader.py:78 - INFO - 下载图片（第1次）：https://img3.doubanio.com/view/photo/s_ratio_poster/public/p2192535722.jpg -> 本杰明·巴顿奇事_ 奇幻逆缘(港)  _  班杰明的奇幻旅程(台)
2026-05-13 23:38:33 - douban_crawler - image_downloader.py:98 - INFO - 图片下载成功：本杰明·巴顿奇事_ 奇幻逆缘(港)  _  班杰明的奇幻旅程(台)
2026-05-13 23:38:48 - douban_crawler - selenium_crawler.py:92 - WARNING - 提取基础信息失败：Message: 
Stacktrace:
	msedgedriver!GetHandleVerif
2026-05-13 23:38:59 - douban_crawler - selenium_crawler.py:138 - WARNING - 提取短评失败：Message: 

2026-05-13 23:38:59 - douban_crawler - selenium_crawler.py:152 - INFO - 详情页爬取成功：https://movie.douban.com/subject/1485260/
2026-05-13 23:38:59 - douban_crawler - proxy_pool.py:12 - INFO - 代理池为空，使用本地IP
2026-05-13 23:38:59 - douban_crawler - image_downloader.py:78 - INFO - 下载图片（第1次）：https://img3.doubanio.com/view/photo/s_ratio_poster/public/p1910931622.jpg -> 搏击俱乐部_ 搏击会(港)  _  斗阵俱乐部(台)
2026-05-13 23:38:59 - douban_crawler - image_downloader.py:98 - INFO - 图片下载成功：搏击俱乐部_ 搏击会(港)  _  斗阵俱乐部(台)
2026-05-13 23:39:14 - douban_crawler - selenium_crawler.py:92 - WARNING - 提取基础信息失败：Message: 
Stacktrace:
	msedgedriver!GetHandleVerif
2026-05-13 23:39:24 - douban_crawler - selenium_crawler.py:138 - WARNING - 提取短评失败：Message: 

2026-05-13 23:39:24 - douban_crawler - selenium_crawler.py:152 - INFO - 详情页爬取成功：https://movie.douban.com/subject/1292000/
2026-05-13 23:39:24 - douban_crawler - proxy_pool.py:12 - INFO - 代理池为空，使用本地IP
2026-05-13 23:39:24 - douban_crawler - image_downloader.py:78 - INFO - 下载图片（第1次）：https://img1.doubanio.com/view/photo/s_ratio_poster/public/p1665997400.jpg -> 美丽心灵_ 有你终生美丽(港)  _  美丽境界(台)
2026-05-13 23:39:25 - douban_crawler - image_downloader.py:98 - INFO - 图片下载成功：美丽心灵_ 有你终生美丽(港)  _  美丽境界(台)
2026-05-13 23:39:40 - douban_crawler - selenium_crawler.py:92 - WARNING - 提取基础信息失败：Message: 
Stacktrace:
	msedgedriver!GetHandleVerif
2026-05-13 23:39:50 - douban_crawler - selenium_crawler.py:138 - WARNING - 提取短评失败：Message: 

2026-05-13 23:39:50 - douban_crawler - selenium_crawler.py:152 - INFO - 详情页爬取成功：https://movie.douban.com/subject/1306029/
2026-05-13 23:39:50 - douban_crawler - proxy_pool.py:12 - INFO - 代理池为空，使用本地IP
2026-05-13 23:39:50 - douban_crawler - image_downloader.py:78 - INFO - 下载图片（第1次）：https://img3.doubanio.com/view/photo/s_ratio_poster/public/p1473670352.jpg -> 穿条纹睡衣的男孩_ 穿条纹衣服的男孩  _  穿条纹衣的男孩
2026-05-13 23:39:50 - douban_crawler - image_downloader.py:98 - INFO - 图片下载成功：穿条纹睡衣的男孩_ 穿条纹衣服的男孩  _  穿条纹衣的男孩
2026-05-13 23:40:08 - douban_crawler - selenium_crawler.py:92 - WARNING - 提取基础信息失败：Message: 
Stacktrace:
	msedgedriver!GetHandleVerif
2026-05-13 23:40:18 - douban_crawler - selenium_crawler.py:138 - WARNING - 提取短评失败：Message: 

2026-05-13 23:40:18 - douban_crawler - selenium_crawler.py:152 - INFO - 详情页爬取成功：https://movie.douban.com/subject/3008247/
2026-05-13 23:40:18 - douban_crawler - proxy_pool.py:12 - INFO - 代理池为空，使用本地IP
2026-05-13 23:40:18 - douban_crawler - image_downloader.py:78 - INFO - 下载图片（第1次）：https://img1.doubanio.com/view/photo/s_ratio_poster/public/p2913457020.jpg -> 哈利·波特与死亡圣器(下)_ 哈利波特7：死神的圣物2(港 _ 台)
2026-05-13 23:40:18 - douban_crawler - image_downloader.py:98 - INFO - 图片下载成功：哈利·波特与死亡圣器(下)_ 哈利波特7：死神的圣物2(港 _ 台)
2026-05-13 23:40:33 - douban_crawler - selenium_crawler.py:92 - WARNING - 提取基础信息失败：Message: 
Stacktrace:
	msedgedriver!GetHandleVerif
2026-05-13 23:40:44 - douban_crawler - selenium_crawler.py:138 - WARNING - 提取短评失败：Message: 

2026-05-13 23:40:44 - douban_crawler - selenium_crawler.py:152 - INFO - 详情页爬取成功：https://movie.douban.com/subject/3011235/
2026-05-13 23:40:44 - douban_crawler - proxy_pool.py:12 - INFO - 代理池为空，使用本地IP
2026-05-13 23:40:44 - douban_crawler - image_downloader.py:78 - INFO - 下载图片（第1次）：https://img1.doubanio.com/view/photo/s_ratio_poster/public/p2648230660.jpg -> 情书_ When I Close My Eyes  _  Letters of Love
2026-05-13 23:40:44 - douban_crawler - image_downloader.py:98 - INFO - 图片下载成功：情书_ When I Close My Eyes  _  Letters of Love
2026-05-13 23:40:59 - douban_crawler - selenium_crawler.py:92 - WARNING - 提取基础信息失败：Message: 
Stacktrace:
	msedgedriver!GetHandleVerif
2026-05-13 23:41:09 - douban_crawler - selenium_crawler.py:138 - WARNING - 提取短评失败：Message: 

2026-05-13 23:41:09 - douban_crawler - selenium_crawler.py:152 - INFO - 详情页爬取成功：https://movie.douban.com/subject/1292220/
2026-05-13 23:41:09 - douban_crawler - proxy_pool.py:12 - INFO - 代理池为空，使用本地IP
2026-05-13 23:41:09 - douban_crawler - image_downloader.py:78 - INFO - 下载图片（第1次）：https://img1.doubanio.com/view/photo/s_ratio_poster/public/p792443418.jpg -> 两杆大烟枪_ 够姜四小强(港)  _  两根枪管(台)
2026-05-13 23:41:10 - douban_crawler - image_downloader.py:98 - INFO - 图片下载成功：两杆大烟枪_ 够姜四小强(港)  _  两根枪管(台)
2026-05-13 23:41:27 - douban_crawler - selenium_crawler.py:92 - WARNING - 提取基础信息失败：Message: 
Stacktrace:
	msedgedriver!GetHandleVerif
2026-05-13 23:41:37 - douban_crawler - selenium_crawler.py:138 - WARNING - 提取短评失败：Message: 

2026-05-13 23:41:37 - douban_crawler - selenium_crawler.py:152 - INFO - 详情页爬取成功：https://movie.douban.com/subject/1293350/
2026-05-13 23:41:37 - douban_crawler - proxy_pool.py:12 - INFO - 代理池为空，使用本地IP
2026-05-13 23:41:37 - douban_crawler - image_downloader.py:78 - INFO - 下载图片（第1次）：https://img1.doubanio.com/view/photo/s_ratio_poster/public/p1808872109.jpg -> 窃听风暴_ 窃听者(港)  _  他人的生活
2026-05-13 23:41:37 - douban_crawler - image_downloader.py:98 - INFO - 图片下载成功：窃听风暴_ 窃听者(港)  _  他人的生活
2026-05-13 23:41:53 - douban_crawler - selenium_crawler.py:92 - WARNING - 提取基础信息失败：Message: 
Stacktrace:
	msedgedriver!GetHandleVerif
2026-05-13 23:42:03 - douban_crawler - selenium_crawler.py:138 - WARNING - 提取短评失败：Message: 

2026-05-13 23:42:03 - douban_crawler - selenium_crawler.py:152 - INFO - 详情页爬取成功：https://movie.douban.com/subject/1900841/
2026-05-13 23:42:03 - douban_crawler - proxy_pool.py:12 - INFO - 代理池为空，使用本地IP
2026-05-13 23:42:03 - douban_crawler - image_downloader.py:78 - INFO - 下载图片（第1次）：https://img1.doubanio.com/view/photo/s_ratio_poster/public/p2219011938.jpg -> 功夫_ 功夫3D  _  Kung Fu Hustle
2026-05-13 23:42:03 - douban_crawler - image_downloader.py:98 - INFO - 图片下载成功：功夫_ 功夫3D  _  Kung Fu Hustle
2026-05-13 23:42:18 - douban_crawler - selenium_crawler.py:92 - WARNING - 提取基础信息失败：Message: 
Stacktrace:
	msedgedriver!GetHandleVerif
2026-05-13 23:42:28 - douban_crawler - selenium_crawler.py:138 - WARNING - 提取短评失败：Message: 

2026-05-13 23:42:28 - douban_crawler - selenium_crawler.py:152 - INFO - 详情页爬取成功：https://movie.douban.com/subject/1291543/
2026-05-13 23:42:28 - douban_crawler - proxy_pool.py:12 - INFO - 代理池为空，使用本地IP
2026-05-13 23:42:28 - douban_crawler - image_downloader.py:78 - INFO - 下载图片（第1次）：https://img3.doubanio.com/view/photo/s_ratio_poster/public/p453788577.jpg -> 音乐之声_ 仙乐飘飘处处闻(港)  _  真善美(台)
2026-05-13 23:42:29 - douban_crawler - image_downloader.py:98 - INFO - 图片下载成功：音乐之声_ 仙乐飘飘处处闻(港)  _  真善美(台)
2026-05-13 23:42:44 - douban_crawler - selenium_crawler.py:92 - WARNING - 提取基础信息失败：Message: 
Stacktrace:
	msedgedriver!GetHandleVerif
2026-05-13 23:42:54 - douban_crawler - selenium_crawler.py:138 - WARNING - 提取短评失败：Message: 

2026-05-13 23:42:54 - douban_crawler - selenium_crawler.py:152 - INFO - 详情页爬取成功：https://movie.douban.com/subject/1294408/
2026-05-13 23:42:54 - douban_crawler - proxy_pool.py:12 - INFO - 代理池为空，使用本地IP
2026-05-13 23:42:54 - douban_crawler - image_downloader.py:78 - INFO - 下载图片（第1次）：https://img1.doubanio.com/view/photo/s_ratio_poster/public/p2913456870.jpg -> 哈利·波特与阿兹卡班的囚徒_ 哈利波特3：阿兹卡班的逃犯(港 _ 台)
2026-05-13 23:42:55 - douban_crawler - image_downloader.py:98 - INFO - 图片下载成功：哈利·波特与阿兹卡班的囚徒_ 哈利波特3：阿兹卡班的逃犯(港 _ 台)
2026-05-13 23:43:10 - douban_crawler - selenium_crawler.py:92 - WARNING - 提取基础信息失败：Message: 
Stacktrace:
	msedgedriver!GetHandleVerif
2026-05-13 23:43:20 - douban_crawler - selenium_crawler.py:138 - WARNING - 提取短评失败：Message: 

2026-05-13 23:43:20 - douban_crawler - selenium_crawler.py:152 - INFO - 详情页爬取成功：https://movie.douban.com/subject/1291544/
2026-05-13 23:43:20 - douban_crawler - proxy_pool.py:12 - INFO - 代理池为空，使用本地IP
2026-05-13 23:43:20 - douban_crawler - image_downloader.py:78 - INFO - 下载图片（第1次）：https://img1.doubanio.com/view/photo/s_ratio_poster/public/p2180085848.jpg -> 阿凡达_
2026-05-13 23:43:20 - douban_crawler - image_downloader.py:98 - INFO - 图片下载成功：阿凡达_
2026-05-13 23:43:38 - douban_crawler - selenium_crawler.py:92 - WARNING - 提取基础信息失败：Message: 
Stacktrace:
	msedgedriver!GetHandleVerif
2026-05-13 23:43:48 - douban_crawler - selenium_crawler.py:138 - WARNING - 提取短评失败：Message: 

2026-05-13 23:43:48 - douban_crawler - selenium_crawler.py:152 - INFO - 详情页爬取成功：https://movie.douban.com/subject/1652587/
2026-05-13 23:43:48 - douban_crawler - proxy_pool.py:12 - INFO - 代理池为空，使用本地IP
2026-05-13 23:43:48 - douban_crawler - image_downloader.py:78 - INFO - 下载图片（第1次）：https://img1.doubanio.com/view/photo/s_ratio_poster/public/p2441988159.jpg -> 西西里的美丽传说_ 真爱伴我行(台)  _  玛莲娜
2026-05-13 23:43:48 - douban_crawler - image_downloader.py:98 - INFO - 图片下载成功：西西里的美丽传说_ 真爱伴我行(台)  _  玛莲娜
2026-05-13 23:44:05 - douban_crawler - selenium_crawler.py:92 - WARNING - 提取基础信息失败：Message: 
Stacktrace:
	msedgedriver!GetHandleVerif
2026-05-13 23:44:16 - douban_crawler - selenium_crawler.py:138 - WARNING - 提取短评失败：Message: 

2026-05-13 23:44:16 - douban_crawler - selenium_crawler.py:152 - INFO - 详情页爬取成功：https://movie.douban.com/subject/1292402/
2026-05-13 23:44:16 - douban_crawler - proxy_pool.py:12 - INFO - 代理池为空，使用本地IP
2026-05-13 23:44:16 - douban_crawler - image_downloader.py:78 - INFO - 下载图片（第1次）：https://img9.doubanio.com/view/photo/s_ratio_poster/public/p2498971355.jpg -> 看不见的客人_ 死无对证(港)  _  布局(台)
2026-05-13 23:44:16 - douban_crawler - image_downloader.py:98 - INFO - 图片下载成功：看不见的客人_ 死无对证(港)  _  布局(台)
2026-05-13 23:44:33 - douban_crawler - selenium_crawler.py:92 - WARNING - 提取基础信息失败：Message: 
Stacktrace:
	msedgedriver!GetHandleVerif
2026-05-13 23:44:43 - douban_crawler - selenium_crawler.py:138 - WARNING - 提取短评失败：Message: 

2026-05-13 23:44:43 - douban_crawler - selenium_crawler.py:152 - INFO - 详情页爬取成功：https://movie.douban.com/subject/26580232/
2026-05-13 23:44:43 - douban_crawler - requests_crawler.py:136 - INFO - 成功爬取：https://movie.douban.com/top250?start=50&filter= | 本页25条
2026-05-13 23:44:43 - douban_crawler - base_crawler.py:17 - INFO - 休眠 3.70 秒
2026-05-13 23:44:47 - douban_crawler - requests_crawler.py:80 - INFO - 请求成功：https://movie.douban.com/top250?start=75&filter= (重试0次)
2026-05-13 23:44:47 - douban_crawler - proxy_pool.py:12 - INFO - 代理池为空，使用本地IP
2026-05-13 23:44:47 - douban_crawler - image_downloader.py:78 - INFO - 下载图片（第1次）：https://img9.doubanio.com/view/photo/s_ratio_poster/public/p1014542496.jpg -> 拯救大兵瑞恩_ 雷霆救兵(港)  _  抢救雷恩大兵(台)
2026-05-13 23:44:48 - douban_crawler - image_downloader.py:98 - INFO - 图片下载成功：拯救大兵瑞恩_ 雷霆救兵(港)  _  抢救雷恩大兵(台)
2026-05-13 23:45:03 - douban_crawler - selenium_crawler.py:92 - WARNING - 提取基础信息失败：Message: 
Stacktrace:
	msedgedriver!GetHandleVerif
2026-05-13 23:45:13 - douban_crawler - selenium_crawler.py:138 - WARNING - 提取短评失败：Message: 

2026-05-13 23:45:13 - douban_crawler - selenium_crawler.py:152 - INFO - 详情页爬取成功：https://movie.douban.com/subject/1292849/
2026-05-13 23:45:13 - douban_crawler - proxy_pool.py:12 - INFO - 代理池为空，使用本地IP
2026-05-13 23:45:13 - douban_crawler - image_downloader.py:78 - INFO - 下载图片（第1次）：https://img3.doubanio.com/view/photo/s_ratio_poster/public/p1593414327.jpg -> 沉默的羔羊_ 沉默的羔羊
2026-05-13 23:45:13 - douban_crawler - image_downloader.py:98 - INFO - 图片下载成功：沉默的羔羊_ 沉默的羔羊
2026-05-13 23:45:29 - douban_crawler - selenium_crawler.py:92 - WARNING - 提取基础信息失败：Message: 
Stacktrace:
	msedgedriver!GetHandleVerif
2026-05-13 23:45:39 - douban_crawler - selenium_crawler.py:138 - WARNING - 提取短评失败：Message: 

2026-05-13 23:45:39 - douban_crawler - selenium_crawler.py:152 - INFO - 详情页爬取成功：https://movie.douban.com/subject/1293544/
2026-05-13 23:45:39 - douban_crawler - proxy_pool.py:12 - INFO - 代理池为空，使用本地IP
2026-05-13 23:45:39 - douban_crawler - image_downloader.py:78 - INFO - 下载图片（第1次）：https://img9.doubanio.com/view/photo/s_ratio_poster/public/p2165511465.jpg -> 小鞋子_ 天堂的孩子  _  小童鞋
2026-05-13 23:45:39 - douban_crawler - image_downloader.py:98 - INFO - 图片下载成功：小鞋子_ 天堂的孩子  _  小童鞋
2026-05-13 23:45:54 - douban_crawler - selenium_crawler.py:92 - WARNING - 提取基础信息失败：Message: 
Stacktrace:
	msedgedriver!GetHandleVerif
2026-05-13 23:46:05 - douban_crawler - selenium_crawler.py:138 - WARNING - 提取短评失败：Message: 

2026-05-13 23:46:05 - douban_crawler - selenium_crawler.py:152 - INFO - 详情页爬取成功：https://movie.douban.com/subject/1303021/
2026-05-13 23:46:05 - douban_crawler - proxy_pool.py:12 - INFO - 代理池为空，使用本地IP
2026-05-13 23:46:05 - douban_crawler - image_downloader.py:78 - INFO - 下载图片（第1次）：https://img3.doubanio.com/view/photo/s_ratio_poster/public/p2183539003.jpg -> 布达佩斯大饭店_ 布达佩斯大酒店(港)  _  欢迎来到布达佩斯大饭店(台)
2026-05-13 23:46:05 - douban_crawler - image_downloader.py:98 - INFO - 图片下载成功：布达佩斯大饭店_ 布达佩斯大酒店(港)  _  欢迎来到布达佩斯大饭店(台)
2026-05-13 23:46:20 - douban_crawler - selenium_crawler.py:92 - WARNING - 提取基础信息失败：Message: 
Stacktrace:
	msedgedriver!GetHandleVerif
2026-05-13 23:46:30 - douban_crawler - selenium_crawler.py:138 - WARNING - 提取短评失败：Message: 

2026-05-13 23:46:30 - douban_crawler - selenium_crawler.py:152 - INFO - 详情页爬取成功：https://movie.douban.com/subject/11525673/
2026-05-13 23:46:30 - douban_crawler - proxy_pool.py:12 - INFO - 代理池为空，使用本地IP
2026-05-13 23:46:30 - douban_crawler - image_downloader.py:78 - INFO - 下载图片（第1次）：https://img1.doubanio.com/view/photo/s_ratio_poster/public/p2209066019.jpg -> 蝴蝶效应_ 蝴蝶效应
2026-05-13 23:46:31 - douban_crawler - image_downloader.py:98 - INFO - 图片下载成功：蝴蝶效应_ 蝴蝶效应
2026-05-13 23:46:46 - douban_crawler - selenium_crawler.py:92 - WARNING - 提取基础信息失败：Message: 
Stacktrace:
	msedgedriver!GetHandleVerif
2026-05-13 23:46:56 - douban_crawler - selenium_crawler.py:138 - WARNING - 提取短评失败：Message: 

2026-05-13 23:46:56 - douban_crawler - selenium_crawler.py:152 - INFO - 详情页爬取成功：https://movie.douban.com/subject/1292343/
2026-05-13 23:46:56 - douban_crawler - proxy_pool.py:12 - INFO - 代理池为空，使用本地IP
2026-05-13 23:46:56 - douban_crawler - image_downloader.py:78 - INFO - 下载图片（第1次）：https://img3.doubanio.com/view/photo/s_ratio_poster/public/p792238287.jpg -> 飞越疯人院_ 飞越杜鹃窝(台)  _  飞越喜鹊巢
2026-05-13 23:46:56 - douban_crawler - image_downloader.py:98 - INFO - 图片下载成功：飞越疯人院_ 飞越杜鹃窝(台)  _  飞越喜鹊巢
2026-05-13 23:47:12 - douban_crawler - selenium_crawler.py:92 - WARNING - 提取基础信息失败：Message: 
Stacktrace:
	msedgedriver!GetHandleVerif
2026-05-13 23:47:22 - douban_crawler - selenium_crawler.py:138 - WARNING - 提取短评失败：Message: 

2026-05-13 23:47:22 - douban_crawler - selenium_crawler.py:152 - INFO - 详情页爬取成功：https://movie.douban.com/subject/1292224/
2026-05-13 23:47:22 - douban_crawler - proxy_pool.py:12 - INFO - 代理池为空，使用本地IP
2026-05-13 23:47:22 - douban_crawler - image_downloader.py:78 - INFO - 下载图片（第1次）：https://img9.doubanio.com/view/photo/s_ratio_poster/public/p2918279456.jpg -> 还有明天_ 明天还有梦(港)  _  我们还有明天(台)
2026-05-13 23:47:22 - douban_crawler - image_downloader.py:98 - INFO - 图片下载成功：还有明天_ 明天还有梦(港)  _  我们还有明天(台)
2026-05-13 23:47:37 - douban_crawler - selenium_crawler.py:92 - WARNING - 提取基础信息失败：Message: 
Stacktrace:
	msedgedriver!GetHandleVerif
2026-05-13 23:47:47 - douban_crawler - selenium_crawler.py:138 - WARNING - 提取短评失败：Message: 

2026-05-13 23:47:47 - douban_crawler - selenium_crawler.py:152 - INFO - 详情页爬取成功：https://movie.douban.com/subject/36445098/
2026-05-13 23:47:47 - douban_crawler - proxy_pool.py:12 - INFO - 代理池为空，使用本地IP
2026-05-13 23:47:47 - douban_crawler - image_downloader.py:78 - INFO - 下载图片（第1次）：https://img1.doubanio.com/view/photo/s_ratio_poster/public/p450262388.jpg -> 禁闭岛_ 不赦岛(港)  _  隔离岛(台)
2026-05-13 23:47:48 - douban_crawler - image_downloader.py:98 - INFO - 图片下载成功：禁闭岛_ 不赦岛(港)  _  隔离岛(台)
2026-05-13 23:48:03 - douban_crawler - selenium_crawler.py:92 - WARNING - 提取基础信息失败：Message: 
Stacktrace:
	msedgedriver!GetHandleVerif
2026-05-13 23:48:13 - douban_crawler - selenium_crawler.py:138 - WARNING - 提取短评失败：Message: 

2026-05-13 23:48:13 - douban_crawler - selenium_crawler.py:152 - INFO - 详情页爬取成功：https://movie.douban.com/subject/2334904/
2026-05-13 23:48:13 - douban_crawler - proxy_pool.py:12 - INFO - 代理池为空，使用本地IP
2026-05-13 23:48:13 - douban_crawler - image_downloader.py:78 - INFO - 下载图片（第1次）：https://img9.doubanio.com/view/photo/s_ratio_poster/public/p480965695.jpg -> 心灵捕手_ 骄阳似我(港)  _  心灵捕手
2026-05-13 23:48:13 - douban_crawler - image_downloader.py:98 - INFO - 图片下载成功：心灵捕手_ 骄阳似我(港)  _  心灵捕手
2026-05-13 23:48:29 - douban_crawler - selenium_crawler.py:92 - WARNING - 提取基础信息失败：Message: 
Stacktrace:
	msedgedriver!GetHandleVerif
2026-05-13 23:48:39 - douban_crawler - selenium_crawler.py:138 - WARNING - 提取短评失败：Message: 

2026-05-13 23:48:39 - douban_crawler - selenium_crawler.py:152 - INFO - 详情页爬取成功：https://movie.douban.com/subject/1292656/
2026-05-13 23:48:39 - douban_crawler - proxy_pool.py:12 - INFO - 代理池为空，使用本地IP
2026-05-13 23:48:39 - douban_crawler - image_downloader.py:78 - INFO - 下载图片（第1次）：https://img9.doubanio.com/view/photo/s_ratio_poster/public/p480383375.jpg -> 致命魔术_ 死亡魔法(港)  _  顶尖对决(台)
2026-05-13 23:48:39 - douban_crawler - image_downloader.py:98 - INFO - 图片下载成功：致命魔术_ 死亡魔法(港)  _  顶尖对决(台)
2026-05-13 23:48:54 - douban_crawler - selenium_crawler.py:92 - WARNING - 提取基础信息失败：Message: 
Stacktrace:
	msedgedriver!GetHandleVerif
2026-05-13 23:49:04 - douban_crawler - selenium_crawler.py:138 - WARNING - 提取短评失败：Message: 

2026-05-13 23:49:04 - douban_crawler - selenium_crawler.py:152 - INFO - 详情页爬取成功：https://movie.douban.com/subject/1780330/
2026-05-13 23:49:04 - douban_crawler - proxy_pool.py:12 - INFO - 代理池为空，使用本地IP
2026-05-13 23:49:04 - douban_crawler - image_downloader.py:78 - INFO - 下载图片（第1次）：https://img3.doubanio.com/view/photo/s_ratio_poster/public/p1910902213.jpg -> 低俗小说_ 危险人物(港)  _  黑色追缉令(台)
2026-05-13 23:49:05 - douban_crawler - image_downloader.py:98 - INFO - 图片下载成功：低俗小说_ 危险人物(港)  _  黑色追缉令(台)
2026-05-13 23:49:20 - douban_crawler - selenium_crawler.py:92 - WARNING - 提取基础信息失败：Message: 
Stacktrace:
	msedgedriver!GetHandleVerif
2026-05-13 23:49:30 - douban_crawler - selenium_crawler.py:138 - WARNING - 提取短评失败：Message: 

2026-05-13 23:49:30 - douban_crawler - selenium_crawler.py:152 - INFO - 详情页爬取成功：https://movie.douban.com/subject/1291832/
2026-05-13 23:49:30 - douban_crawler - proxy_pool.py:12 - INFO - 代理池为空，使用本地IP
2026-05-13 23:49:30 - douban_crawler - image_downloader.py:78 - INFO - 下载图片（第1次）：https://img2.doubanio.com/view/photo/s_ratio_poster/public/p2913781951.jpg -> 哈利·波特与密室_ 哈利波特2：消失的密室(港 _ 台)
2026-05-13 23:49:31 - douban_crawler - image_downloader.py:98 - INFO - 图片下载成功：哈利·波特与密室_ 哈利波特2：消失的密室(港 _ 台)
2026-05-13 23:49:46 - douban_crawler - selenium_crawler.py:92 - WARNING - 提取基础信息失败：Message: 
Stacktrace:
	msedgedriver!GetHandleVerif
2026-05-13 23:49:56 - douban_crawler - selenium_crawler.py:138 - WARNING - 提取短评失败：Message: 

2026-05-13 23:49:56 - douban_crawler - selenium_crawler.py:152 - INFO - 详情页爬取成功：https://movie.douban.com/subject/1296996/
2026-05-13 23:49:56 - douban_crawler - proxy_pool.py:12 - INFO - 代理池为空，使用本地IP
2026-05-13 23:49:56 - douban_crawler - image_downloader.py:78 - INFO - 下载图片（第1次）：https://img2.doubanio.com/view/photo/s_ratio_poster/public/p1305562621.jpg -> 超脱_ 人间师格(台)
2026-05-13 23:49:56 - douban_crawler - image_downloader.py:98 - INFO - 图片下载成功：超脱_ 人间师格(台)
2026-05-13 23:50:12 - douban_crawler - selenium_crawler.py:92 - WARNING - 提取基础信息失败：Message: 
Stacktrace:
	msedgedriver!GetHandleVerif
2026-05-13 23:50:22 - douban_crawler - selenium_crawler.py:138 - WARNING - 提取短评失败：Message: 

2026-05-13 23:50:22 - douban_crawler - selenium_crawler.py:152 - INFO - 详情页爬取成功：https://movie.douban.com/subject/5322596/
2026-05-13 23:50:22 - douban_crawler - proxy_pool.py:12 - INFO - 代理池为空，使用本地IP
2026-05-13 23:50:22 - douban_crawler - image_downloader.py:78 - INFO - 下载图片（第1次）：https://img1.doubanio.com/view/photo/s_ratio_poster/public/p2924629258.jpg -> 一一_ Yi yi  _  Yi yi_ A One and a Two
2026-05-13 23:50:22 - douban_crawler - image_downloader.py:98 - INFO - 图片下载成功：一一_ Yi yi  _  Yi yi_ A One and a Two
2026-05-13 23:50:39 - douban_crawler - selenium_crawler.py:92 - WARNING - 提取基础信息失败：Message: 
Stacktrace:
	msedgedriver!GetHandleVerif
2026-05-13 23:50:50 - douban_crawler - selenium_crawler.py:138 - WARNING - 提取短评失败：Message: 

2026-05-13 23:50:50 - douban_crawler - selenium_crawler.py:152 - INFO - 详情页爬取成功：https://movie.douban.com/subject/1292434/
2026-05-13 23:50:50 - douban_crawler - proxy_pool.py:12 - INFO - 代理池为空，使用本地IP
2026-05-13 23:50:50 - douban_crawler - image_downloader.py:78 - INFO - 下载图片（第1次）：https://img9.doubanio.com/view/photo/s_ratio_poster/public/p2917778954.jpg -> 喜剧之王_ King of Comedy
2026-05-13 23:50:50 - douban_crawler - image_downloader.py:98 - INFO - 图片下载成功：喜剧之王_ King of Comedy
2026-05-13 23:51:07 - douban_crawler - selenium_crawler.py:92 - WARNING - 提取基础信息失败：Message: 
Stacktrace:
	msedgedriver!GetHandleVerif
2026-05-13 23:51:17 - douban_crawler - selenium_crawler.py:138 - WARNING - 提取短评失败：Message: 

2026-05-13 23:51:17 - douban_crawler - selenium_crawler.py:152 - INFO - 详情页爬取成功：https://movie.douban.com/subject/1302425/
2026-05-13 23:51:17 - douban_crawler - proxy_pool.py:12 - INFO - 代理池为空，使用本地IP
2026-05-13 23:51:17 - douban_crawler - image_downloader.py:78 - INFO - 下载图片（第1次）：https://img1.doubanio.com/view/photo/s_ratio_poster/public/p1633113220.jpg -> 杀人回忆_ 谋杀回忆  _  杀手回忆录
2026-05-13 23:51:17 - douban_crawler - image_downloader.py:98 - INFO - 图片下载成功：杀人回忆_ 谋杀回忆  _  杀手回忆录
2026-05-13 23:51:35 - douban_crawler - selenium_crawler.py:92 - WARNING - 提取基础信息失败：Message: 
Stacktrace:
	msedgedriver!GetHandleVerif
2026-05-13 23:51:45 - douban_crawler - selenium_crawler.py:138 - WARNING - 提取短评失败：Message: 

2026-05-13 23:51:45 - douban_crawler - selenium_crawler.py:152 - INFO - 详情页爬取成功：https://movie.douban.com/subject/1300299/
2026-05-13 23:51:45 - douban_crawler - proxy_pool.py:12 - INFO - 代理池为空，使用本地IP
2026-05-13 23:51:45 - douban_crawler - image_downloader.py:78 - INFO - 下载图片（第1次）：https://img9.doubanio.com/view/photo/s_ratio_poster/public/p2929944756.jpg -> 致命ID_ 杀人游戏  _  致命身份
2026-05-13 23:51:45 - douban_crawler - image_downloader.py:98 - INFO - 图片下载成功：致命ID_ 杀人游戏  _  致命身份
2026-05-13 23:52:02 - douban_crawler - selenium_crawler.py:92 - WARNING - 提取基础信息失败：Message: 
Stacktrace:
	msedgedriver!GetHandleVerif
2026-05-13 23:52:13 - douban_crawler - selenium_crawler.py:138 - WARNING - 提取短评失败：Message: 

2026-05-13 23:52:13 - douban_crawler - selenium_crawler.py:152 - INFO - 详情页爬取成功：https://movie.douban.com/subject/1297192/
2026-05-13 23:52:13 - douban_crawler - proxy_pool.py:12 - INFO - 代理池为空，使用本地IP
2026-05-13 23:52:13 - douban_crawler - image_downloader.py:78 - INFO - 下载图片（第1次）：https://img1.doubanio.com/view/photo/s_ratio_poster/public/p2263408369.jpg -> 摩登时代_ The Masses  _  Les Temps modernes
2026-05-13 23:52:13 - douban_crawler - image_downloader.py:98 - INFO - 图片下载成功：摩登时代_ The Masses  _  Les Temps modernes
2026-05-13 23:52:30 - douban_crawler - selenium_crawler.py:92 - WARNING - 提取基础信息失败：Message: 
Stacktrace:
	msedgedriver!GetHandleVerif
2026-05-13 23:52:40 - douban_crawler - selenium_crawler.py:138 - WARNING - 提取短评失败：Message: 

2026-05-13 23:52:40 - douban_crawler - selenium_crawler.py:152 - INFO - 详情页爬取成功：https://movie.douban.com/subject/1294371/
2026-05-13 23:52:40 - douban_crawler - proxy_pool.py:12 - INFO - 代理池为空，使用本地IP
2026-05-13 23:52:40 - douban_crawler - image_downloader.py:78 - INFO - 下载图片（第1次）：https://img2.doubanio.com/view/photo/s_ratio_poster/public/p465939041.jpg -> 春光乍泄_ 一起快乐  _  Happy Together
2026-05-13 23:52:40 - douban_crawler - image_downloader.py:98 - INFO - 图片下载成功：春光乍泄_ 一起快乐  _  Happy Together
2026-05-13 23:52:58 - douban_crawler - selenium_crawler.py:92 - WARNING - 提取基础信息失败：Message: 
Stacktrace:
	msedgedriver!GetHandleVerif
2026-05-13 23:53:08 - douban_crawler - selenium_crawler.py:138 - WARNING - 提取短评失败：Message: 

2026-05-13 23:53:08 - douban_crawler - selenium_crawler.py:152 - INFO - 详情页爬取成功：https://movie.douban.com/subject/1292679/
2026-05-13 23:53:08 - douban_crawler - proxy_pool.py:12 - INFO - 代理池为空，使用本地IP
2026-05-13 23:53:08 - douban_crawler - image_downloader.py:78 - INFO - 下载图片（第1次）：https://img9.doubanio.com/view/photo/s_ratio_poster/public/p1596085504.jpg -> 加勒比海盗_ 加勒比海盗1：黑珍珠号的诅咒  _  神鬼奇航：鬼盗船魔咒(台)
2026-05-13 23:53:08 - douban_crawler - image_downloader.py:98 - INFO - 图片下载成功：加勒比海盗_ 加勒比海盗1：黑珍珠号的诅咒  _  神鬼奇航：鬼盗船魔咒(台)
2026-05-13 23:53:25 - douban_crawler - selenium_crawler.py:92 - WARNING - 提取基础信息失败：Message: 
Stacktrace:
	msedgedriver!GetHandleVerif
2026-05-13 23:53:36 - douban_crawler - selenium_crawler.py:138 - WARNING - 提取短评失败：Message: 

2026-05-13 23:53:36 - douban_crawler - selenium_crawler.py:152 - INFO - 详情页爬取成功：https://movie.douban.com/subject/1298070/
2026-05-13 23:53:36 - douban_crawler - proxy_pool.py:12 - INFO - 代理池为空，使用本地IP
2026-05-13 23:53:36 - douban_crawler - image_downloader.py:78 - INFO - 下载图片（第1次）：https://img1.doubanio.com/view/photo/s_ratio_poster/public/p2559579779.jpg -> 海豚湾_ 血色海湾(台)  _  海湾
2026-05-13 23:53:36 - douban_crawler - image_downloader.py:98 - INFO - 图片下载成功：海豚湾_ 血色海湾(台)  _  海湾
2026-05-13 23:53:53 - douban_crawler - selenium_crawler.py:92 - WARNING - 提取基础信息失败：Message: 
Stacktrace:
	msedgedriver!GetHandleVerif
2026-05-13 23:54:03 - douban_crawler - selenium_crawler.py:138 - WARNING - 提取短评失败：Message: 

2026-05-13 23:54:03 - douban_crawler - selenium_crawler.py:152 - INFO - 详情页爬取成功：https://movie.douban.com/subject/3442220/
2026-05-13 23:54:03 - douban_crawler - proxy_pool.py:12 - INFO - 代理池为空，使用本地IP
2026-05-13 23:54:03 - douban_crawler - image_downloader.py:78 - INFO - 下载图片（第1次）：https://img3.doubanio.com/view/photo/s_ratio_poster/public/p477229647.jpg -> 美国往事_ 四海兄弟(台)  _  义薄云天(港)
2026-05-13 23:54:04 - douban_crawler - image_downloader.py:98 - INFO - 图片下载成功：美国往事_ 四海兄弟(台)  _  义薄云天(港)
2026-05-13 23:54:21 - douban_crawler - selenium_crawler.py:92 - WARNING - 提取基础信息失败：Message: 
Stacktrace:
	msedgedriver!GetHandleVerif
2026-05-13 23:54:31 - douban_crawler - selenium_crawler.py:138 - WARNING - 提取短评失败：Message: 

2026-05-13 23:54:31 - douban_crawler - selenium_crawler.py:152 - INFO - 详情页爬取成功：https://movie.douban.com/subject/1292262/
2026-05-13 23:54:31 - douban_crawler - proxy_pool.py:12 - INFO - 代理池为空，使用本地IP
2026-05-13 23:54:31 - douban_crawler - image_downloader.py:78 - INFO - 下载图片（第1次）：https://img1.doubanio.com/view/photo/s_ratio_poster/public/p2794776839.jpg -> 红辣椒_ 盗梦侦探(港 _ 台)
2026-05-13 23:54:31 - douban_crawler - image_downloader.py:98 - INFO - 图片下载成功：红辣椒_ 盗梦侦探(港 _ 台)
2026-05-13 23:54:48 - douban_crawler - selenium_crawler.py:92 - WARNING - 提取基础信息失败：Message: 
Stacktrace:
	msedgedriver!GetHandleVerif
2026-05-13 23:54:59 - douban_crawler - selenium_crawler.py:138 - WARNING - 提取短评失败：Message: 

2026-05-13 23:54:59 - douban_crawler - selenium_crawler.py:152 - INFO - 详情页爬取成功：https://movie.douban.com/subject/1865703/
2026-05-13 23:54:59 - douban_crawler - proxy_pool.py:12 - INFO - 代理池为空，使用本地IP
2026-05-13 23:54:59 - douban_crawler - image_downloader.py:78 - INFO - 下载图片（第1次）：https://img9.doubanio.com/view/photo/s_ratio_poster/public/p2219586434.jpg -> 七宗罪_ 火线追缉令(台)  _  7宗罪
2026-05-13 23:54:59 - douban_crawler - image_downloader.py:98 - INFO - 图片下载成功：七宗罪_ 火线追缉令(台)  _  7宗罪
2026-05-13 23:55:16 - douban_crawler - selenium_crawler.py:92 - WARNING - 提取基础信息失败：Message: 
Stacktrace:
	msedgedriver!GetHandleVerif
2026-05-13 23:55:26 - douban_crawler - selenium_crawler.py:138 - WARNING - 提取短评失败：Message: 

2026-05-13 23:55:26 - douban_crawler - selenium_crawler.py:152 - INFO - 详情页爬取成功：https://movie.douban.com/subject/1292223/
2026-05-13 23:55:26 - douban_crawler - proxy_pool.py:12 - INFO - 代理池为空，使用本地IP
2026-05-13 23:55:26 - douban_crawler - image_downloader.py:78 - INFO - 下载图片（第1次）：https://img9.doubanio.com/view/photo/s_ratio_poster/public/p2357915564.jpg -> 唐伯虎点秋香_ Flirting Scholar
2026-05-13 23:55:26 - douban_crawler - image_downloader.py:98 - INFO - 图片下载成功：唐伯虎点秋香_ Flirting Scholar
2026-05-13 23:55:42 - douban_crawler - selenium_crawler.py:92 - WARNING - 提取基础信息失败：Message: 
Stacktrace:
	msedgedriver!GetHandleVerif
2026-05-13 23:55:52 - douban_crawler - selenium_crawler.py:138 - WARNING - 提取短评失败：Message: 

2026-05-13 23:55:52 - douban_crawler - selenium_crawler.py:152 - INFO - 详情页爬取成功：https://movie.douban.com/subject/1306249/
2026-05-13 23:55:52 - douban_crawler - requests_crawler.py:136 - INFO - 成功爬取：https://movie.douban.com/top250?start=75&filter= | 本页25条
2026-05-13 23:55:52 - douban_crawler - base_crawler.py:17 - INFO - 休眠 3.84 秒
2026-05-13 23:55:56 - douban_crawler - requests_crawler.py:80 - INFO - 请求成功：https://movie.douban.com/top250?start=100&filter= (重试0次)
2026-05-13 23:55:56 - douban_crawler - proxy_pool.py:12 - INFO - 代理池为空，使用本地IP
2026-05-13 23:55:56 - douban_crawler - image_downloader.py:78 - INFO - 下载图片（第1次）：https://img3.doubanio.com/view/photo/s_ratio_poster/public/p1546987967.jpg -> 狩猎_ 诬网(港)  _  谎言的烙印(台)
2026-05-13 23:55:56 - douban_crawler - image_downloader.py:98 - INFO - 图片下载成功：狩猎_ 诬网(港)  _  谎言的烙印(台)
2026-05-13 23:56:12 - douban_crawler - selenium_crawler.py:92 - WARNING - 提取基础信息失败：Message: 
Stacktrace:
	msedgedriver!GetHandleVerif
2026-05-13 23:56:22 - douban_crawler - selenium_crawler.py:138 - WARNING - 提取短评失败：Message: 

2026-05-13 23:56:22 - douban_crawler - selenium_crawler.py:152 - INFO - 详情页爬取成功：https://movie.douban.com/subject/6985810/
2026-05-13 23:56:22 - douban_crawler - proxy_pool.py:12 - INFO - 代理池为空，使用本地IP
2026-05-13 23:56:22 - douban_crawler - image_downloader.py:78 - INFO - 下载图片（第1次）：https://img3.doubanio.com/view/photo/s_ratio_poster/public/p2920895053.jpg -> 幽灵公主_ 魔法公主  _  幽灵少女
2026-05-13 23:56:22 - douban_crawler - image_downloader.py:98 - INFO - 图片下载成功：幽灵公主_ 魔法公主  _  幽灵少女
2026-05-13 23:56:38 - douban_crawler - selenium_crawler.py:92 - WARNING - 提取基础信息失败：Message: 
Stacktrace:
	msedgedriver!GetHandleVerif
2026-05-13 23:56:48 - douban_crawler - selenium_crawler.py:138 - WARNING - 提取短评失败：Message: 

2026-05-13 23:56:48 - douban_crawler - selenium_crawler.py:152 - INFO - 详情页爬取成功：https://movie.douban.com/subject/1297359/
2026-05-13 23:56:48 - douban_crawler - proxy_pool.py:12 - INFO - 代理池为空，使用本地IP
2026-05-13 23:56:48 - douban_crawler - image_downloader.py:78 - INFO - 下载图片（第1次）：https://img9.doubanio.com/view/photo/s_ratio_poster/public/p2223011274.jpg -> 甜蜜蜜_ Comrades_ Almost a Love Story
2026-05-13 23:56:48 - douban_crawler - image_downloader.py:98 - INFO - 图片下载成功：甜蜜蜜_ Comrades_ Almost a Love Story
2026-05-13 23:57:05 - douban_crawler - selenium_crawler.py:92 - WARNING - 提取基础信息失败：Message: 
Stacktrace:
	msedgedriver!GetHandleVerif
2026-05-13 23:57:15 - douban_crawler - selenium_crawler.py:138 - WARNING - 提取短评失败：Message: 

2026-05-13 23:57:15 - douban_crawler - selenium_crawler.py:152 - INFO - 详情页爬取成功：https://movie.douban.com/subject/1305164/
2026-05-13 23:57:15 - douban_crawler - proxy_pool.py:12 - INFO - 代理池为空，使用本地IP
2026-05-13 23:57:15 - douban_crawler - image_downloader.py:78 - INFO - 下载图片（第1次）：https://img1.doubanio.com/view/photo/s_ratio_poster/public/p2561439800.jpg -> 寄生虫_ 寄生上流(台)  _  上流寄生族(港)
2026-05-13 23:57:16 - douban_crawler - image_downloader.py:98 - INFO - 图片下载成功：寄生虫_ 寄生上流(台)  _  上流寄生族(港)
2026-05-13 23:57:33 - douban_crawler - selenium_crawler.py:92 - WARNING - 提取基础信息失败：Message: 
Stacktrace:
	msedgedriver!GetHandleVerif
2026-05-13 23:57:43 - douban_crawler - selenium_crawler.py:138 - WARNING - 提取短评失败：Message: 

2026-05-13 23:57:43 - douban_crawler - selenium_crawler.py:152 - INFO - 详情页爬取成功：https://movie.douban.com/subject/27010768/
2026-05-13 23:57:43 - douban_crawler - proxy_pool.py:12 - INFO - 代理池为空，使用本地IP
2026-05-13 23:57:43 - douban_crawler - image_downloader.py:78 - INFO - 下载图片（第1次）：https://img9.doubanio.com/view/photo/s_ratio_poster/public/p2700138245.jpg -> 天书奇谭_ 天书奇谭4K纪念版  _  The Legend of Sealed Book
2026-05-13 23:57:43 - douban_crawler - image_downloader.py:98 - INFO - 图片下载成功：天书奇谭_ 天书奇谭4K纪念版  _  The Legend of Sealed Book
2026-05-13 23:57:59 - douban_crawler - selenium_crawler.py:92 - WARNING - 提取基础信息失败：Message: 
Stacktrace:
	msedgedriver!GetHandleVerif
2026-05-13 23:58:09 - douban_crawler - selenium_crawler.py:138 - WARNING - 提取短评失败：Message: 

2026-05-13 23:58:09 - douban_crawler - selenium_crawler.py:152 - INFO - 详情页爬取成功：https://movie.douban.com/subject/1428581/
2026-05-13 23:58:09 - douban_crawler - proxy_pool.py:12 - INFO - 代理池为空，使用本地IP
2026-05-13 23:58:09 - douban_crawler - image_downloader.py:78 - INFO - 下载图片（第1次）：https://img9.doubanio.com/view/photo/s_ratio_poster/public/p1706428744.jpg -> 蝙蝠侠：黑暗骑士崛起_ 蝙蝠侠前传3：黑暗骑士崛起  _  黑暗骑士：黎明升起(台)
2026-05-13 23:58:09 - douban_crawler - image_downloader.py:98 - INFO - 图片下载成功：蝙蝠侠：黑暗骑士崛起_ 蝙蝠侠前传3：黑暗骑士崛起  _  黑暗骑士：黎明升起(台)
2026-05-13 23:58:25 - douban_crawler - selenium_crawler.py:92 - WARNING - 提取基础信息失败：Message: 
Stacktrace:
	msedgedriver!GetHandleVerif
2026-05-13 23:58:35 - douban_crawler - selenium_crawler.py:138 - WARNING - 提取短评失败：Message: 

2026-05-13 23:58:35 - douban_crawler - selenium_crawler.py:152 - INFO - 详情页爬取成功：https://movie.douban.com/subject/3395373/
2026-05-13 23:58:35 - douban_crawler - proxy_pool.py:12 - INFO - 代理池为空，使用本地IP
2026-05-13 23:58:35 - douban_crawler - image_downloader.py:78 - INFO - 下载图片（第1次）：https://img1.doubanio.com/view/photo/s_ratio_poster/public/p2224568669.jpg -> 超能陆战队_ 大英雄联盟(港)  _  大英雄天团(台)
2026-05-13 23:58:35 - douban_crawler - image_downloader.py:98 - INFO - 图片下载成功：超能陆战队_ 大英雄联盟(港)  _  大英雄天团(台)
2026-05-13 23:58:53 - douban_crawler - selenium_crawler.py:92 - WARNING - 提取基础信息失败：Message: 
Stacktrace:
	msedgedriver!GetHandleVerif
2026-05-13 23:59:03 - douban_crawler - selenium_crawler.py:138 - WARNING - 提取短评失败：Message: 

2026-05-13 23:59:03 - douban_crawler - selenium_crawler.py:152 - INFO - 详情页爬取成功：https://movie.douban.com/subject/11026735/
2026-05-13 23:59:03 - douban_crawler - proxy_pool.py:12 - INFO - 代理池为空，使用本地IP
2026-05-13 23:59:03 - douban_crawler - image_downloader.py:78 - INFO - 下载图片（第1次）：https://img9.doubanio.com/view/photo/s_ratio_poster/public/p1816276065.jpg -> 7号房的礼物_ 戆爸的礼物(港)  _  7号囚房的礼物
2026-05-13 23:59:03 - douban_crawler - image_downloader.py:98 - INFO - 图片下载成功：7号房的礼物_ 戆爸的礼物(港)  _  7号囚房的礼物
2026-05-13 23:59:18 - douban_crawler - selenium_crawler.py:92 - WARNING - 提取基础信息失败：Message: 
Stacktrace:
	msedgedriver!GetHandleVerif
2026-05-13 23:59:28 - douban_crawler - selenium_crawler.py:138 - WARNING - 提取短评失败：Message: 

2026-05-13 23:59:28 - douban_crawler - selenium_crawler.py:152 - INFO - 详情页爬取成功：https://movie.douban.com/subject/10777687/
2026-05-13 23:59:28 - douban_crawler - proxy_pool.py:12 - INFO - 代理池为空，使用本地IP
2026-05-13 23:59:28 - douban_crawler - image_downloader.py:78 - INFO - 下载图片（第1次）：https://img9.doubanio.com/view/photo/s_ratio_poster/public/p2528965424.jpg -> 茶馆_ The Teahouse
2026-05-13 23:59:29 - douban_crawler - image_downloader.py:98 - INFO - 图片下载成功：茶馆_ The Teahouse
2026-05-13 23:59:44 - douban_crawler - selenium_crawler.py:92 - WARNING - 提取基础信息失败：Message: 
Stacktrace:
	msedgedriver!GetHandleVerif
2026-05-13 23:59:54 - douban_crawler - selenium_crawler.py:138 - WARNING - 提取短评失败：Message: 

2026-05-13 23:59:54 - douban_crawler - selenium_crawler.py:152 - INFO - 详情页爬取成功：https://movie.douban.com/subject/1461403/
2026-05-13 23:59:54 - douban_crawler - proxy_pool.py:12 - INFO - 代理池为空，使用本地IP
2026-05-13 23:59:54 - douban_crawler - image_downloader.py:78 - INFO - 下载图片（第1次）：https://img9.doubanio.com/view/photo/s_ratio_poster/public/p2220184425.jpg -> 第六感_ 鬼眼(港)  _  灵异第六感(台)
2026-05-13 23:59:54 - douban_crawler - image_downloader.py:98 - INFO - 图片下载成功：第六感_ 鬼眼(港)  _  灵异第六感(台)
2026-05-14 00:00:12 - douban_crawler - selenium_crawler.py:92 - WARNING - 提取基础信息失败：Message: 
Stacktrace:
	msedgedriver!GetHandleVerif
2026-05-14 00:00:22 - douban_crawler - selenium_crawler.py:138 - WARNING - 提取短评失败：Message: 

2026-05-14 00:00:22 - douban_crawler - selenium_crawler.py:152 - INFO - 详情页爬取成功：https://movie.douban.com/subject/1297630/
2026-05-14 00:00:22 - douban_crawler - proxy_pool.py:12 - INFO - 代理池为空，使用本地IP
2026-05-14 00:00:22 - douban_crawler - image_downloader.py:78 - INFO - 下载图片（第1次）：https://img9.doubanio.com/view/photo/s_ratio_poster/public/p2555762374.jpg -> 爱在黎明破晓前_ 情留半天(港)  _  爱在黎明破晓时(台)
2026-05-14 00:00:22 - douban_crawler - image_downloader.py:98 - INFO - 图片下载成功：爱在黎明破晓前_ 情留半天(港)  _  爱在黎明破晓时(台)
2026-05-14 00:00:37 - douban_crawler - selenium_crawler.py:92 - WARNING - 提取基础信息失败：Message: 
Stacktrace:
	msedgedriver!GetHandleVerif
2026-05-14 00:00:47 - douban_crawler - selenium_crawler.py:138 - WARNING - 提取短评失败：Message: 

2026-05-14 00:00:47 - douban_crawler - selenium_crawler.py:152 - INFO - 详情页爬取成功：https://movie.douban.com/subject/1296339/
2026-05-14 00:00:47 - douban_crawler - proxy_pool.py:12 - INFO - 代理池为空，使用本地IP
2026-05-14 00:00:47 - douban_crawler - image_downloader.py:78 - INFO - 下载图片（第1次）：https://img9.doubanio.com/view/photo/s_ratio_poster/public/p2191788134.jpg -> 爱在日落黄昏时_ 日落巴黎(港)  _  爱在日落巴黎时(台)
2026-05-14 00:00:48 - douban_crawler - image_downloader.py:98 - INFO - 图片下载成功：爱在日落黄昏时_ 日落巴黎(港)  _  爱在日落巴黎时(台)
2026-05-14 00:01:03 - douban_crawler - selenium_crawler.py:92 - WARNING - 提取基础信息失败：Message: 
Stacktrace:
	msedgedriver!GetHandleVerif
2026-05-14 00:01:13 - douban_crawler - selenium_crawler.py:138 - WARNING - 提取短评失败：Message: 

2026-05-14 00:01:13 - douban_crawler - selenium_crawler.py:152 - INFO - 详情页爬取成功：https://movie.douban.com/subject/1291990/
2026-05-14 00:01:13 - douban_crawler - proxy_pool.py:12 - INFO - 代理池为空，使用本地IP
2026-05-14 00:01:13 - douban_crawler - image_downloader.py:78 - INFO - 下载图片（第1次）：https://img9.doubanio.com/view/photo/s_ratio_poster/public/p884763596.jpg -> 被嫌弃的松子的一生_ 花样奇缘(港)  _  令人讨厌的松子的一生(台)
2026-05-14 00:01:13 - douban_crawler - image_downloader.py:98 - INFO - 图片下载成功：被嫌弃的松子的一生_ 花样奇缘(港)  _  令人讨厌的松子的一生(台)
2026-05-14 00:01:29 - douban_crawler - selenium_crawler.py:92 - WARNING - 提取基础信息失败：Message: 
Stacktrace:
	msedgedriver!GetHandleVerif
2026-05-14 00:01:39 - douban_crawler - selenium_crawler.py:138 - WARNING - 提取短评失败：Message: 

2026-05-14 00:01:39 - douban_crawler - selenium_crawler.py:152 - INFO - 详情页爬取成功：https://movie.douban.com/subject/1787291/
2026-05-14 00:01:39 - douban_crawler - proxy_pool.py:12 - INFO - 代理池为空，使用本地IP
2026-05-14 00:01:39 - douban_crawler - image_downloader.py:78 - INFO - 下载图片（第1次）：https://img1.doubanio.com/view/photo/s_ratio_poster/public/p2874927470.jpg -> 头脑特工队_ 玩转脑朋友(港)  _  脑筋急转弯(台)
2026-05-14 00:01:39 - douban_crawler - image_downloader.py:98 - INFO - 图片下载成功：头脑特工队_ 玩转脑朋友(港)  _  脑筋急转弯(台)
2026-05-14 00:01:54 - douban_crawler - selenium_crawler.py:92 - WARNING - 提取基础信息失败：Message: 
Stacktrace:
	msedgedriver!GetHandleVerif
2026-05-14 00:02:05 - douban_crawler - selenium_crawler.py:138 - WARNING - 提取短评失败：Message: 

2026-05-14 00:02:05 - douban_crawler - selenium_crawler.py:152 - INFO - 详情页爬取成功：https://movie.douban.com/subject/10533913/
2026-05-14 00:02:05 - douban_crawler - proxy_pool.py:12 - INFO - 代理池为空，使用本地IP
2026-05-14 00:02:05 - douban_crawler - image_downloader.py:78 - INFO - 下载图片（第1次）：https://img9.doubanio.com/view/photo/s_ratio_poster/public/p2913456904.jpg -> 哈利·波特与火焰杯_ 哈利波特4：火杯的考验(港 _ 台)
2026-05-14 00:02:05 - douban_crawler - image_downloader.py:98 - INFO - 图片下载成功：哈利·波特与火焰杯_ 哈利波特4：火杯的考验(港 _ 台)
2026-05-14 00:02:22 - douban_crawler - selenium_crawler.py:92 - WARNING - 提取基础信息失败：Message: 
Stacktrace:
	msedgedriver!GetHandleVerif
2026-05-14 00:02:32 - douban_crawler - selenium_crawler.py:138 - WARNING - 提取短评失败：Message: 

2026-05-14 00:02:32 - douban_crawler - selenium_crawler.py:152 - INFO - 详情页爬取成功：https://movie.douban.com/subject/1309055/
2026-05-14 00:02:32 - douban_crawler - proxy_pool.py:12 - INFO - 代理池为空，使用本地IP
2026-05-14 00:02:32 - douban_crawler - image_downloader.py:78 - INFO - 下载图片（第1次）：https://img3.doubanio.com/view/photo/s_ratio_poster/public/p1351050722.jpg -> 未麻的部屋_ 蓝色恐惧(港 _ 台)
2026-05-14 00:02:33 - douban_crawler - image_downloader.py:98 - INFO - 图片下载成功：未麻的部屋_ 蓝色恐惧(港 _ 台)
2026-05-14 00:02:49 - douban_crawler - selenium_crawler.py:92 - WARNING - 提取基础信息失败：Message: 
Stacktrace:
	msedgedriver!GetHandleVerif
2026-05-14 00:02:59 - douban_crawler - selenium_crawler.py:138 - WARNING - 提取短评失败：Message: 

2026-05-14 00:02:59 - douban_crawler - selenium_crawler.py:152 - INFO - 详情页爬取成功：https://movie.douban.com/subject/1395091/
2026-05-14 00:02:59 - douban_crawler - proxy_pool.py:12 - INFO - 代理池为空，使用本地IP
2026-05-14 00:02:59 - douban_crawler - image_downloader.py:78 - INFO - 下载图片（第1次）：https://img2.doubanio.com/view/photo/s_ratio_poster/public/p792381411.jpg -> 重庆森林_ Chungking Express
2026-05-14 00:03:00 - douban_crawler - image_downloader.py:98 - INFO - 图片下载成功：重庆森林_ Chungking Express
2026-05-14 00:03:17 - douban_crawler - selenium_crawler.py:92 - WARNING - 提取基础信息失败：Message: 
Stacktrace:
	msedgedriver!GetHandleVerif
2026-05-14 00:03:27 - douban_crawler - selenium_crawler.py:138 - WARNING - 提取短评失败：Message: 

2026-05-14 00:03:27 - douban_crawler - selenium_crawler.py:152 - INFO - 详情页爬取成功：https://movie.douban.com/subject/1291999/
2026-05-14 00:03:27 - douban_crawler - proxy_pool.py:12 - INFO - 代理池为空，使用本地IP
2026-05-14 00:03:27 - douban_crawler - image_downloader.py:78 - INFO - 下载图片（第1次）：https://img9.doubanio.com/view/photo/s_ratio_poster/public/p617533616.jpg -> 借东西的小人阿莉埃蒂_ 借物少女艾莉缇(台)  _  借东西的小矮人亚莉亚蒂(港)
2026-05-14 00:03:28 - douban_crawler - image_downloader.py:98 - INFO - 图片下载成功：借东西的小人阿莉埃蒂_ 借物少女艾莉缇(台)  _  借东西的小矮人亚莉亚蒂(港)
2026-05-14 00:03:45 - douban_crawler - selenium_crawler.py:92 - WARNING - 提取基础信息失败：Message: 
Stacktrace:
	msedgedriver!GetHandleVerif
2026-05-14 00:03:55 - douban_crawler - selenium_crawler.py:138 - WARNING - 提取短评失败：Message: 

2026-05-14 00:03:55 - douban_crawler - selenium_crawler.py:152 - INFO - 详情页爬取成功：https://movie.douban.com/subject/4202302/
2026-05-14 00:03:55 - douban_crawler - proxy_pool.py:12 - INFO - 代理池为空，使用本地IP
2026-05-14 00:03:55 - douban_crawler - image_downloader.py:78 - INFO - 下载图片（第1次）：https://img9.doubanio.com/view/photo/s_ratio_poster/public/p2620392435.jpg -> 菊次郎的夏天_ 菊次郎之夏  _  Kikujirô no natsu
2026-05-14 00:03:55 - douban_crawler - image_downloader.py:98 - INFO - 图片下载成功：菊次郎的夏天_ 菊次郎之夏  _  Kikujirô no natsu
2026-05-14 00:04:12 - douban_crawler - selenium_crawler.py:92 - WARNING - 提取基础信息失败：Message: 
Stacktrace:
	msedgedriver!GetHandleVerif
2026-05-14 00:04:23 - douban_crawler - selenium_crawler.py:138 - WARNING - 提取短评失败：Message: 

2026-05-14 00:04:23 - douban_crawler - selenium_crawler.py:152 - INFO - 详情页爬取成功：https://movie.douban.com/subject/1293359/
2026-05-14 00:04:23 - douban_crawler - proxy_pool.py:12 - INFO - 代理池为空，使用本地IP
2026-05-14 00:04:23 - douban_crawler - image_downloader.py:78 - INFO - 下载图片（第1次）：https://img9.doubanio.com/view/photo/s_ratio_poster/public/p2707581855.jpg -> 入殓师_ 礼仪师之奏鸣曲(港)  _  礼仪师(台)
2026-05-14 00:04:23 - douban_crawler - image_downloader.py:98 - INFO - 图片下载成功：入殓师_ 礼仪师之奏鸣曲(港)  _  礼仪师(台)
2026-05-14 00:04:40 - douban_crawler - selenium_crawler.py:92 - WARNING - 提取基础信息失败：Message: 
Stacktrace:
	msedgedriver!GetHandleVerif
2026-05-14 00:04:50 - douban_crawler - selenium_crawler.py:138 - WARNING - 提取短评失败：Message: 

2026-05-14 00:04:50 - douban_crawler - selenium_crawler.py:152 - INFO - 详情页爬取成功：https://movie.douban.com/subject/2149806/
2026-05-14 00:04:50 - douban_crawler - proxy_pool.py:12 - INFO - 代理池为空，使用本地IP
2026-05-14 00:04:50 - douban_crawler - image_downloader.py:78 - INFO - 下载图片（第1次）：https://img3.doubanio.com/view/photo/s_ratio_poster/public/p2169104127.jpg -> 断背山_ 断臂山  _  BBM
2026-05-14 00:04:51 - douban_crawler - image_downloader.py:98 - INFO - 图片下载成功：断背山_ 断臂山  _  BBM
2026-05-14 00:05:08 - douban_crawler - selenium_crawler.py:92 - WARNING - 提取基础信息失败：Message: 
Stacktrace:
	msedgedriver!GetHandleVerif
2026-05-14 00:05:18 - douban_crawler - selenium_crawler.py:138 - WARNING - 提取短评失败：Message: 

2026-05-14 00:05:18 - douban_crawler - selenium_crawler.py:152 - INFO - 详情页爬取成功：https://movie.douban.com/subject/1418834/
2026-05-14 00:05:18 - douban_crawler - proxy_pool.py:12 - INFO - 代理池为空，使用本地IP
2026-05-14 00:05:18 - douban_crawler - image_downloader.py:78 - INFO - 下载图片（第1次）：https://img3.doubanio.com/view/photo/s_ratio_poster/public/p480956937.jpg -> 剪刀手爱德华_ 幻海奇缘(港)  _  剪刀手爱德华
2026-05-14 00:05:18 - douban_crawler - image_downloader.py:98 - INFO - 图片下载成功：剪刀手爱德华_ 幻海奇缘(港)  _  剪刀手爱德华
2026-05-14 00:05:36 - douban_crawler - selenium_crawler.py:92 - WARNING - 提取基础信息失败：Message: 
Stacktrace:
	msedgedriver!GetHandleVerif
2026-05-14 00:05:46 - douban_crawler - selenium_crawler.py:138 - WARNING - 提取短评失败：Message: 

2026-05-14 00:05:46 - douban_crawler - selenium_crawler.py:152 - INFO - 详情页爬取成功：https://movie.douban.com/subject/1292370/
2026-05-14 00:05:46 - douban_crawler - proxy_pool.py:12 - INFO - 代理池为空，使用本地IP
2026-05-14 00:05:46 - douban_crawler - image_downloader.py:78 - INFO - 下载图片（第1次）：https://img1.doubanio.com/view/photo/s_ratio_poster/public/p2004174709.jpg -> 勇敢的心_ 惊世未了缘(港)  _  梅尔吉勃逊之英雄本色(台)
2026-05-14 00:05:46 - douban_crawler - image_downloader.py:98 - INFO - 图片下载成功：勇敢的心_ 惊世未了缘(港)  _  梅尔吉勃逊之英雄本色(台)
2026-05-14 00:06:03 - douban_crawler - selenium_crawler.py:92 - WARNING - 提取基础信息失败：Message: 
Stacktrace:
	msedgedriver!GetHandleVerif
2026-05-14 00:06:13 - douban_crawler - selenium_crawler.py:138 - WARNING - 提取短评失败：Message: 

2026-05-14 00:06:13 - douban_crawler - selenium_crawler.py:152 - INFO - 详情页爬取成功：https://movie.douban.com/subject/1294639/
2026-05-14 00:06:13 - douban_crawler - proxy_pool.py:12 - INFO - 代理池为空，使用本地IP
2026-05-14 00:06:13 - douban_crawler - image_downloader.py:78 - INFO - 下载图片（第1次）：https://img9.doubanio.com/view/photo/s_ratio_poster/public/p2070153774.jpg -> 时空恋旅人_ 回到最爱的一天(港)  _  真爱每一天(台)
2026-05-14 00:06:14 - douban_crawler - image_downloader.py:98 - INFO - 图片下载成功：时空恋旅人_ 回到最爱的一天(港)  _  真爱每一天(台)
2026-05-14 00:06:31 - douban_crawler - selenium_crawler.py:92 - WARNING - 提取基础信息失败：Message: 
Stacktrace:
	msedgedriver!GetHandleVerif
2026-05-14 00:06:41 - douban_crawler - selenium_crawler.py:138 - WARNING - 提取短评失败：Message: 

2026-05-14 00:06:41 - douban_crawler - selenium_crawler.py:152 - INFO - 详情页爬取成功：https://movie.douban.com/subject/10577869/
2026-05-14 00:06:41 - douban_crawler - proxy_pool.py:12 - INFO - 代理池为空，使用本地IP
2026-05-14 00:06:41 - douban_crawler - image_downloader.py:78 - INFO - 下载图片（第1次）：https://img9.doubanio.com/view/photo/s_ratio_poster/public/p2210954024.jpg -> 驯龙高手_ 驯龙记(港)
2026-05-14 00:06:41 - douban_crawler - image_downloader.py:98 - INFO - 图片下载成功：驯龙高手_ 驯龙记(港)
2026-05-14 00:06:59 - douban_crawler - selenium_crawler.py:92 - WARNING - 提取基础信息失败：Message: 
Stacktrace:
	msedgedriver!GetHandleVerif
2026-05-14 00:07:09 - douban_crawler - selenium_crawler.py:138 - WARNING - 提取短评失败：Message: 

2026-05-14 00:07:09 - douban_crawler - selenium_crawler.py:152 - INFO - 详情页爬取成功：https://movie.douban.com/subject/2353023/
2026-05-14 00:07:09 - douban_crawler - requests_crawler.py:136 - INFO - 成功爬取：https://movie.douban.com/top250?start=100&filter= | 本页25条
2026-05-14 00:07:09 - douban_crawler - base_crawler.py:17 - INFO - 休眠 3.70 秒
2026-05-14 00:07:13 - douban_crawler - requests_crawler.py:80 - INFO - 请求成功：https://movie.douban.com/top250?start=125&filter= (重试0次)
2026-05-14 00:07:13 - douban_crawler - proxy_pool.py:12 - INFO - 代理池为空，使用本地IP
2026-05-14 00:07:13 - douban_crawler - image_downloader.py:78 - INFO - 下载图片（第1次）：https://img1.doubanio.com/view/photo/s_ratio_poster/public/p2016401659.jpg -> 傲慢与偏见_ 傲慢与偏见2005  _  Pride And Prejudice
2026-05-14 00:07:13 - douban_crawler - image_downloader.py:98 - INFO - 图片下载成功：傲慢与偏见_ 傲慢与偏见2005  _  Pride And Prejudice
2026-05-14 00:07:28 - douban_crawler - selenium_crawler.py:92 - WARNING - 提取基础信息失败：Message: 
Stacktrace:
	msedgedriver!GetHandleVerif
2026-05-14 00:07:39 - douban_crawler - selenium_crawler.py:138 - WARNING - 提取短评失败：Message: 

2026-05-14 00:07:39 - douban_crawler - selenium_crawler.py:152 - INFO - 详情页爬取成功：https://movie.douban.com/subject/1418200/
2026-05-14 00:07:39 - douban_crawler - proxy_pool.py:12 - INFO - 代理池为空，使用本地IP
2026-05-14 00:07:39 - douban_crawler - image_downloader.py:78 - INFO - 下载图片（第1次）：https://img9.doubanio.com/view/photo/s_ratio_poster/public/p2221768894.jpg -> 消失的爱人_ 失踪的女孩  _  失踪女孩
2026-05-14 00:07:39 - douban_crawler - image_downloader.py:98 - INFO - 图片下载成功：消失的爱人_ 失踪的女孩  _  失踪女孩
2026-05-14 00:07:54 - douban_crawler - selenium_crawler.py:92 - WARNING - 提取基础信息失败：Message: 
Stacktrace:
	msedgedriver!GetHandleVerif
2026-05-14 00:08:04 - douban_crawler - selenium_crawler.py:138 - WARNING - 提取短评失败：Message: 

2026-05-14 00:08:04 - douban_crawler - selenium_crawler.py:152 - INFO - 详情页爬取成功：https://movie.douban.com/subject/21318488/
2026-05-14 00:08:04 - douban_crawler - proxy_pool.py:12 - INFO - 代理池为空，使用本地IP
2026-05-14 00:08:04 - douban_crawler - image_downloader.py:78 - INFO - 下载图片（第1次）：https://img3.doubanio.com/view/photo/s_ratio_poster/public/p661160053.jpg -> 无人知晓_ 谁知赤子心(港)  _  无人知晓的夏日清晨(台)
2026-05-14 00:08:05 - douban_crawler - image_downloader.py:98 - INFO - 图片下载成功：无人知晓_ 谁知赤子心(港)  _  无人知晓的夏日清晨(台)
2026-05-14 00:08:22 - douban_crawler - selenium_crawler.py:92 - WARNING - 提取基础信息失败：Message: 
Stacktrace:
	msedgedriver!GetHandleVerif
2026-05-14 00:08:32 - douban_crawler - selenium_crawler.py:138 - WARNING - 提取短评失败：Message: 

2026-05-14 00:08:32 - douban_crawler - selenium_crawler.py:152 - INFO - 详情页爬取成功：https://movie.douban.com/subject/1292337/
2026-05-14 00:08:32 - douban_crawler - proxy_pool.py:12 - INFO - 代理池为空，使用本地IP
2026-05-14 00:08:32 - douban_crawler - image_downloader.py:78 - INFO - 下载图片（第1次）：https://img9.doubanio.com/view/photo/s_ratio_poster/public/p2918554634.jpg -> 倩女幽魂_ 倩女幽魂(87版)  _  倩女幽魂：妖魔道
2026-05-14 00:08:32 - douban_crawler - image_downloader.py:98 - INFO - 图片下载成功：倩女幽魂_ 倩女幽魂(87版)  _  倩女幽魂：妖魔道
2026-05-14 00:08:48 - douban_crawler - selenium_crawler.py:92 - WARNING - 提取基础信息失败：Message: 
Stacktrace:
	msedgedriver!GetHandleVerif
2026-05-14 00:08:58 - douban_crawler - selenium_crawler.py:138 - WARNING - 提取短评失败：Message: 

2026-05-14 00:08:58 - douban_crawler - selenium_crawler.py:152 - INFO - 详情页爬取成功：https://movie.douban.com/subject/1297447/
2026-05-14 00:08:58 - douban_crawler - proxy_pool.py:12 - INFO - 代理池为空，使用本地IP
2026-05-14 00:08:58 - douban_crawler - image_downloader.py:78 - INFO - 下载图片（第1次）：https://img1.doubanio.com/view/photo/s_ratio_poster/public/p1903379979.jpg -> 新世界_ 暗黑新世界(台)  _  New World
2026-05-14 00:08:58 - douban_crawler - image_downloader.py:98 - INFO - 图片下载成功：新世界_ 暗黑新世界(台)  _  New World
2026-05-14 00:09:13 - douban_crawler - selenium_crawler.py:92 - WARNING - 提取基础信息失败：Message: 
Stacktrace:
	msedgedriver!GetHandleVerif
2026-05-14 00:09:24 - douban_crawler - selenium_crawler.py:138 - WARNING - 提取短评失败：Message: 

2026-05-14 00:09:24 - douban_crawler - selenium_crawler.py:152 - INFO - 详情页爬取成功：https://movie.douban.com/subject/10437779/
2026-05-14 00:09:24 - douban_crawler - proxy_pool.py:12 - INFO - 代理池为空，使用本地IP
2026-05-14 00:09:24 - douban_crawler - image_downloader.py:78 - INFO - 下载图片（第1次）：https://img3.doubanio.com/view/photo/s_ratio_poster/public/p2918312477.jpg -> 花样年华_ 花样年华导演特别版  _  花样年华4K修复版
2026-05-14 00:09:24 - douban_crawler - image_downloader.py:98 - INFO - 图片下载成功：花样年华_ 花样年华导演特别版  _  花样年华4K修复版
2026-05-14 00:09:41 - douban_crawler - selenium_crawler.py:92 - WARNING - 提取基础信息失败：Message: 
Stacktrace:
	msedgedriver!GetHandleVerif
2026-05-14 00:09:51 - douban_crawler - selenium_crawler.py:138 - WARNING - 提取短评失败：Message: 

2026-05-14 00:09:51 - douban_crawler - selenium_crawler.py:152 - INFO - 详情页爬取成功：https://movie.douban.com/subject/1291557/
2026-05-14 00:09:51 - douban_crawler - proxy_pool.py:12 - INFO - 代理池为空，使用本地IP
2026-05-14 00:09:51 - douban_crawler - image_downloader.py:78 - INFO - 下载图片（第1次）：https://img1.doubanio.com/view/photo/s_ratio_poster/public/p1283675359.jpg -> 玩具总动员3_ 反斗奇兵3(港)  _  玩具的故事3
2026-05-14 00:09:52 - douban_crawler - image_downloader.py:98 - INFO - 图片下载成功：玩具总动员3_ 反斗奇兵3(港)  _  玩具的故事3
2026-05-14 00:10:07 - douban_crawler - selenium_crawler.py:92 - WARNING - 提取基础信息失败：Message: 
Stacktrace:
	msedgedriver!GetHandleVerif
2026-05-14 00:10:18 - douban_crawler - selenium_crawler.py:138 - WARNING - 提取短评失败：Message: 

2026-05-14 00:10:18 - douban_crawler - selenium_crawler.py:152 - INFO - 详情页爬取成功：https://movie.douban.com/subject/1858711/
2026-05-14 00:10:18 - douban_crawler - proxy_pool.py:12 - INFO - 代理池为空，使用本地IP
2026-05-14 00:10:18 - douban_crawler - image_downloader.py:78 - INFO - 下载图片（第1次）：https://img3.doubanio.com/view/photo/s_ratio_poster/public/p2406624993.jpg -> 一个叫欧维的男人决定去死_ 明天别再来敲门(台)  _  想死冇咁易(港)
2026-05-14 00:10:18 - douban_crawler - image_downloader.py:98 - INFO - 图片下载成功：一个叫欧维的男人决定去死_ 明天别再来敲门(台)  _  想死冇咁易(港)
2026-05-14 00:10:33 - douban_crawler - selenium_crawler.py:92 - WARNING - 提取基础信息失败：Message: 
Stacktrace:
	msedgedriver!GetHandleVerif
2026-05-14 00:10:43 - douban_crawler - selenium_crawler.py:138 - WARNING - 提取短评失败：Message: 

2026-05-14 00:10:43 - douban_crawler - selenium_crawler.py:152 - INFO - 详情页爬取成功：https://movie.douban.com/subject/26628357/
2026-05-14 00:10:43 - douban_crawler - proxy_pool.py:12 - INFO - 代理池为空，使用本地IP
2026-05-14 00:10:43 - douban_crawler - image_downloader.py:78 - INFO - 下载图片（第1次）：https://img9.doubanio.com/view/photo/s_ratio_poster/public/p453716305.jpg -> 色，戒_ 色_戒  _  色·戒
2026-05-14 00:10:44 - douban_crawler - image_downloader.py:98 - INFO - 图片下载成功：色，戒_ 色_戒  _  色·戒
2026-05-14 00:10:59 - douban_crawler - selenium_crawler.py:92 - WARNING - 提取基础信息失败：Message: 
Stacktrace:
	msedgedriver!GetHandleVerif
2026-05-14 00:11:09 - douban_crawler - selenium_crawler.py:138 - WARNING - 提取短评失败：Message: 

2026-05-14 00:11:09 - douban_crawler - selenium_crawler.py:152 - INFO - 详情页爬取成功：https://movie.douban.com/subject/1828115/
2026-05-14 00:11:09 - douban_crawler - proxy_pool.py:12 - INFO - 代理池为空，使用本地IP
2026-05-14 00:11:09 - douban_crawler - image_downloader.py:78 - INFO - 下载图片（第1次）：https://img1.doubanio.com/view/photo/s_ratio_poster/public/p2190556408.jpg -> 完美的世界_ 强盗保镳
2026-05-14 00:11:09 - douban_crawler - image_downloader.py:98 - INFO - 图片下载成功：完美的世界_ 强盗保镳
2026-05-14 00:11:25 - douban_crawler - selenium_crawler.py:92 - WARNING - 提取基础信息失败：Message: 
Stacktrace:
	msedgedriver!GetHandleVerif
2026-05-14 00:11:35 - douban_crawler - selenium_crawler.py:138 - WARNING - 提取短评失败：Message: 

2026-05-14 00:11:35 - douban_crawler - selenium_crawler.py:152 - INFO - 详情页爬取成功：https://movie.douban.com/subject/1300992/
2026-05-14 00:11:35 - douban_crawler - proxy_pool.py:12 - INFO - 代理池为空，使用本地IP
2026-05-14 00:11:35 - douban_crawler - image_downloader.py:78 - INFO - 下载图片（第1次）：https://img1.doubanio.com/view/photo/s_ratio_poster/public/p2513247938.jpg -> 怪兽电力公司_ 怪兽公司(港)  _  怪物公司
2026-05-14 00:11:35 - douban_crawler - image_downloader.py:98 - INFO - 图片下载成功：怪兽电力公司_ 怪兽公司(港)  _  怪物公司
2026-05-14 00:11:50 - douban_crawler - selenium_crawler.py:92 - WARNING - 提取基础信息失败：Message: 
Stacktrace:
	msedgedriver!GetHandleVerif
2026-05-14 00:12:01 - douban_crawler - selenium_crawler.py:138 - WARNING - 提取短评失败：Message: 

2026-05-14 00:12:01 - douban_crawler - selenium_crawler.py:152 - INFO - 详情页爬取成功：https://movie.douban.com/subject/1291579/
2026-05-14 00:12:01 - douban_crawler - proxy_pool.py:12 - INFO - 代理池为空，使用本地IP
2026-05-14 00:12:01 - douban_crawler - image_downloader.py:78 - INFO - 下载图片（第1次）：https://img3.doubanio.com/view/photo/s_ratio_poster/public/p2582946597.jpg -> 阳光灿烂的日子_ In the Heat of the Sun
2026-05-14 00:12:01 - douban_crawler - image_downloader.py:98 - INFO - 图片下载成功：阳光灿烂的日子_ In the Heat of the Sun
2026-05-14 00:12:16 - douban_crawler - selenium_crawler.py:92 - WARNING - 提取基础信息失败：Message: 
Stacktrace:
	msedgedriver!GetHandleVerif
2026-05-14 00:12:26 - douban_crawler - selenium_crawler.py:138 - WARNING - 提取短评失败：Message: 

2026-05-14 00:12:26 - douban_crawler - selenium_crawler.py:152 - INFO - 详情页爬取成功：https://movie.douban.com/subject/1291875/
2026-05-14 00:12:26 - douban_crawler - proxy_pool.py:12 - INFO - 代理池为空，使用本地IP
2026-05-14 00:12:26 - douban_crawler - image_downloader.py:78 - INFO - 下载图片（第1次）：https://img2.doubanio.com/view/photo/s_ratio_poster/public/p2169664351.jpg -> 教父3_ 教父第三集  _  教父 III
2026-05-14 00:12:27 - douban_crawler - image_downloader.py:98 - INFO - 图片下载成功：教父3_ 教父第三集  _  教父 III
2026-05-14 00:12:42 - douban_crawler - selenium_crawler.py:92 - WARNING - 提取基础信息失败：Message: 
Stacktrace:
	msedgedriver!GetHandleVerif
2026-05-14 00:12:52 - douban_crawler - selenium_crawler.py:138 - WARNING - 提取短评失败：Message: 

2026-05-14 00:12:52 - douban_crawler - selenium_crawler.py:152 - INFO - 详情页爬取成功：https://movie.douban.com/subject/1294240/
2026-05-14 00:12:52 - douban_crawler - proxy_pool.py:12 - INFO - 代理池为空，使用本地IP
2026-05-14 00:12:52 - douban_crawler - image_downloader.py:78 - INFO - 下载图片（第1次）：https://img1.doubanio.com/view/photo/s_ratio_poster/public/p2232317770.jpg -> 小森林 夏秋篇_ 小森食光 _ 夏秋篇(台)
2026-05-14 00:12:52 - douban_crawler - image_downloader.py:98 - INFO - 图片下载成功：小森林 夏秋篇_ 小森食光 _ 夏秋篇(台)
2026-05-14 00:13:08 - douban_crawler - selenium_crawler.py:92 - WARNING - 提取基础信息失败：Message: 
Stacktrace:
	msedgedriver!GetHandleVerif
2026-05-14 00:13:18 - douban_crawler - selenium_crawler.py:138 - WARNING - 提取短评失败：Message: 

2026-05-14 00:13:18 - douban_crawler - selenium_crawler.py:152 - INFO - 详情页爬取成功：https://movie.douban.com/subject/25814705/
2026-05-14 00:13:18 - douban_crawler - proxy_pool.py:12 - INFO - 代理池为空，使用本地IP
2026-05-14 00:13:18 - douban_crawler - image_downloader.py:78 - INFO - 下载图片（第1次）：https://img3.doubanio.com/view/photo/s_ratio_poster/public/p2447590313.jpg -> 天使爱美丽_ 艾蜜莉的异想世界(台)  _  天使艾米莉
2026-05-14 00:13:18 - douban_crawler - image_downloader.py:98 - INFO - 图片下载成功：天使爱美丽_ 艾蜜莉的异想世界(台)  _  天使艾米莉
2026-05-14 00:13:36 - douban_crawler - selenium_crawler.py:92 - WARNING - 提取基础信息失败：Message: 
Stacktrace:
	msedgedriver!GetHandleVerif
2026-05-14 00:13:46 - douban_crawler - selenium_crawler.py:138 - WARNING - 提取短评失败：Message: 

2026-05-14 00:13:46 - douban_crawler - selenium_crawler.py:152 - INFO - 详情页爬取成功：https://movie.douban.com/subject/1292215/
2026-05-14 00:13:46 - douban_crawler - proxy_pool.py:12 - INFO - 代理池为空，使用本地IP
2026-05-14 00:13:46 - douban_crawler - image_downloader.py:78 - INFO - 下载图片（第1次）：https://img3.doubanio.com/view/photo/s_ratio_poster/public/p456692072.jpg -> 侧耳倾听_ 心之谷(台)  _  梦幻街少女(港)
2026-05-14 00:13:46 - douban_crawler - image_downloader.py:98 - INFO - 图片下载成功：侧耳倾听_ 心之谷(台)  _  梦幻街少女(港)
2026-05-14 00:14:03 - douban_crawler - selenium_crawler.py:92 - WARNING - 提取基础信息失败：Message: 
Stacktrace:
	msedgedriver!GetHandleVerif
2026-05-14 00:14:14 - douban_crawler - selenium_crawler.py:138 - WARNING - 提取短评失败：Message: 

2026-05-14 00:14:14 - douban_crawler - selenium_crawler.py:152 - INFO - 详情页爬取成功：https://movie.douban.com/subject/1297052/
2026-05-14 00:14:14 - douban_crawler - proxy_pool.py:12 - INFO - 代理池为空，使用本地IP
2026-05-14 00:14:14 - douban_crawler - image_downloader.py:78 - INFO - 下载图片（第1次）：https://img9.doubanio.com/view/photo/s_ratio_poster/public/p2532803206.jpg -> 哪吒闹海_ Prince Nezha's Triumph Against Dragon King  
2026-05-14 00:14:14 - douban_crawler - image_downloader.py:98 - INFO - 图片下载成功：哪吒闹海_ Prince Nezha's Triumph Against Dragon King  
2026-05-14 00:14:31 - douban_crawler - selenium_crawler.py:92 - WARNING - 提取基础信息失败：Message: 
Stacktrace:
	msedgedriver!GetHandleVerif
2026-05-14 00:14:41 - douban_crawler - selenium_crawler.py:138 - WARNING - 提取短评失败：Message: 

2026-05-14 00:14:41 - douban_crawler - selenium_crawler.py:152 - INFO - 详情页爬取成功：https://movie.douban.com/subject/1307315/
2026-05-14 00:14:41 - douban_crawler - proxy_pool.py:12 - INFO - 代理池为空，使用本地IP
2026-05-14 00:14:41 - douban_crawler - image_downloader.py:78 - INFO - 下载图片（第1次）：https://img1.doubanio.com/view/photo/s_ratio_poster/public/p648370300.jpg -> 九品芝麻官_ 九品芝麻官之白面包青天  _  Hail the Judge
2026-05-14 00:14:41 - douban_crawler - image_downloader.py:98 - INFO - 图片下载成功：九品芝麻官_ 九品芝麻官之白面包青天  _  Hail the Judge
2026-05-14 00:14:59 - douban_crawler - selenium_crawler.py:92 - WARNING - 提取基础信息失败：Message: 
Stacktrace:
	msedgedriver!GetHandleVerif
2026-05-14 00:15:09 - douban_crawler - selenium_crawler.py:138 - WARNING - 提取短评失败：Message: 

2026-05-14 00:15:09 - douban_crawler - selenium_crawler.py:152 - INFO - 详情页爬取成功：https://movie.douban.com/subject/1297518/
2026-05-14 00:15:09 - douban_crawler - proxy_pool.py:12 - INFO - 代理池为空，使用本地IP
2026-05-14 00:15:09 - douban_crawler - image_downloader.py:78 - INFO - 下载图片（第1次）：https://img3.doubanio.com/view/photo/s_ratio_poster/public/p1800813767.jpg -> 被解救的姜戈_ 被解放的姜戈  _  决杀令(台)
2026-05-14 00:15:09 - douban_crawler - image_downloader.py:98 - INFO - 图片下载成功：被解救的姜戈_ 被解放的姜戈  _  决杀令(台)
2026-05-14 00:15:26 - douban_crawler - selenium_crawler.py:92 - WARNING - 提取基础信息失败：Message: 
Stacktrace:
	msedgedriver!GetHandleVerif
2026-05-14 00:15:37 - douban_crawler - selenium_crawler.py:138 - WARNING - 提取短评失败：Message: 

2026-05-14 00:15:37 - douban_crawler - selenium_crawler.py:152 - INFO - 详情页爬取成功：https://movie.douban.com/subject/6307447/
2026-05-14 00:15:37 - douban_crawler - proxy_pool.py:12 - INFO - 代理池为空，使用本地IP
2026-05-14 00:15:37 - douban_crawler - image_downloader.py:78 - INFO - 下载图片（第1次）：https://img1.doubanio.com/view/photo/s_ratio_poster/public/p2505525050.jpg -> 请以你的名字呼唤我_ 以你的名字呼唤我(港 _ 台)
2026-05-14 00:15:37 - douban_crawler - image_downloader.py:98 - INFO - 图片下载成功：请以你的名字呼唤我_ 以你的名字呼唤我(港 _ 台)
2026-05-14 00:15:54 - douban_crawler - selenium_crawler.py:92 - WARNING - 提取基础信息失败：Message: 
Stacktrace:
	msedgedriver!GetHandleVerif
2026-05-14 00:16:04 - douban_crawler - selenium_crawler.py:138 - WARNING - 提取短评失败：Message: 

2026-05-14 00:16:04 - douban_crawler - selenium_crawler.py:152 - INFO - 详情页爬取成功：https://movie.douban.com/subject/26799731/
2026-05-14 00:16:04 - douban_crawler - proxy_pool.py:12 - INFO - 代理池为空，使用本地IP
2026-05-14 00:16:04 - douban_crawler - image_downloader.py:78 - INFO - 下载图片（第1次）：https://img3.doubanio.com/view/photo/s_ratio_poster/public/p2181698213.jpg -> 幸福终点站_ 机场客运站(港)  _  航站情缘(台)
2026-05-14 00:16:04 - douban_crawler - image_downloader.py:98 - INFO - 图片下载成功：幸福终点站_ 机场客运站(港)  _  航站情缘(台)
2026-05-14 00:16:22 - douban_crawler - selenium_crawler.py:92 - WARNING - 提取基础信息失败：Message: 
Stacktrace:
	msedgedriver!GetHandleVerif
2026-05-14 00:16:32 - douban_crawler - selenium_crawler.py:138 - WARNING - 提取短评失败：Message: 

2026-05-14 00:16:32 - douban_crawler - selenium_crawler.py:152 - INFO - 详情页爬取成功：https://movie.douban.com/subject/1292274/
2026-05-14 00:16:32 - douban_crawler - proxy_pool.py:12 - INFO - 代理池为空，使用本地IP
2026-05-14 00:16:32 - douban_crawler - image_downloader.py:78 - INFO - 下载图片（第1次）：https://img1.doubanio.com/view/photo/s_ratio_poster/public/p2360940399.jpg -> 釜山行_ 尸杀列车(港)  _  尸速列车(台)
2026-05-14 00:16:32 - douban_crawler - image_downloader.py:98 - INFO - 图片下载成功：釜山行_ 尸杀列车(港)  _  尸速列车(台)
2026-05-14 00:16:49 - douban_crawler - selenium_crawler.py:92 - WARNING - 提取基础信息失败：Message: 
Stacktrace:
	msedgedriver!GetHandleVerif
2026-05-14 00:17:00 - douban_crawler - selenium_crawler.py:138 - WARNING - 提取短评失败：Message: 

2026-05-14 00:17:00 - douban_crawler - selenium_crawler.py:152 - INFO - 详情页爬取成功：https://movie.douban.com/subject/25986180/
2026-05-14 00:17:00 - douban_crawler - proxy_pool.py:12 - INFO - 代理池为空，使用本地IP
2026-05-14 00:17:00 - douban_crawler - image_downloader.py:78 - INFO - 下载图片（第1次）：https://img1.doubanio.com/view/photo/s_ratio_poster/public/p792776858.jpg -> 神偷奶爸_ 卑鄙的我  _  坏蛋奖门人(港)
2026-05-14 00:17:00 - douban_crawler - image_downloader.py:98 - INFO - 图片下载成功：神偷奶爸_ 卑鄙的我  _  坏蛋奖门人(港)
2026-05-14 00:17:17 - douban_crawler - selenium_crawler.py:92 - WARNING - 提取基础信息失败：Message: 
Stacktrace:
	msedgedriver!GetHandleVerif
2026-05-14 00:17:27 - douban_crawler - selenium_crawler.py:138 - WARNING - 提取短评失败：Message: 

2026-05-14 00:17:27 - douban_crawler - selenium_crawler.py:152 - INFO - 详情页爬取成功：https://movie.douban.com/subject/3287562/
2026-05-14 00:17:27 - douban_crawler - proxy_pool.py:12 - INFO - 代理池为空，使用本地IP
2026-05-14 00:17:27 - douban_crawler - image_downloader.py:78 - INFO - 下载图片（第1次）：https://img1.doubanio.com/view/photo/s_ratio_poster/public/p2258078370.jpg -> 小森林 冬春篇_ 小森食光 _ 冬春篇(台)
2026-05-14 00:17:27 - douban_crawler - image_downloader.py:98 - INFO - 图片下载成功：小森林 冬春篇_ 小森食光 _ 冬春篇(台)
2026-05-14 00:17:43 - douban_crawler - selenium_crawler.py:92 - WARNING - 提取基础信息失败：Message: 
Stacktrace:
	msedgedriver!GetHandleVerif
2026-05-14 00:17:53 - douban_crawler - selenium_crawler.py:138 - WARNING - 提取短评失败：Message: 

2026-05-14 00:17:53 - douban_crawler - selenium_crawler.py:152 - INFO - 详情页爬取成功：https://movie.douban.com/subject/25814707/
2026-05-14 00:17:53 - douban_crawler - proxy_pool.py:12 - INFO - 代理池为空，使用本地IP
2026-05-14 00:17:53 - douban_crawler - image_downloader.py:78 - INFO - 下载图片（第1次）：https://img3.doubanio.com/view/photo/s_ratio_poster/public/p2249048907.jpg -> 喜宴_ The Wedding Banquet
2026-05-14 00:17:53 - douban_crawler - image_downloader.py:98 - INFO - 图片下载成功：喜宴_ The Wedding Banquet
2026-05-14 00:18:09 - douban_crawler - selenium_crawler.py:92 - WARNING - 提取基础信息失败：Message: 
Stacktrace:
	msedgedriver!GetHandleVerif
2026-05-14 00:18:19 - douban_crawler - selenium_crawler.py:138 - WARNING - 提取短评失败：Message: 

2026-05-14 00:18:19 - douban_crawler - selenium_crawler.py:152 - INFO - 详情页爬取成功：https://movie.douban.com/subject/1303037/
2026-05-14 00:18:19 - douban_crawler - requests_crawler.py:136 - INFO - 成功爬取：https://movie.douban.com/top250?start=125&filter= | 本页25条
2026-05-14 00:18:19 - douban_crawler - base_crawler.py:17 - INFO - 休眠 4.28 秒
2026-05-14 00:18:23 - douban_crawler - requests_crawler.py:80 - INFO - 请求成功：https://movie.douban.com/top250?start=150&filter= (重试0次)
2026-05-14 00:18:23 - douban_crawler - proxy_pool.py:12 - INFO - 代理池为空，使用本地IP
2026-05-14 00:18:23 - douban_crawler - image_downloader.py:78 - INFO - 下载图片（第1次）：https://img3.doubanio.com/view/photo/s_ratio_poster/public/p1675053073.jpg -> 萤火之森_ 萤火之社  _  Hotarubi no mori e
2026-05-14 00:18:24 - douban_crawler - image_downloader.py:98 - INFO - 图片下载成功：萤火之森_ 萤火之社  _  Hotarubi no mori e
2026-05-14 00:18:39 - douban_crawler - selenium_crawler.py:92 - WARNING - 提取基础信息失败：Message: 
Stacktrace:
	msedgedriver!GetHandleVerif
2026-05-14 00:18:49 - douban_crawler - selenium_crawler.py:138 - WARNING - 提取短评失败：Message: 

2026-05-14 00:18:49 - douban_crawler - selenium_crawler.py:152 - INFO - 详情页爬取成功：https://movie.douban.com/subject/5989818/
2026-05-14 00:18:49 - douban_crawler - proxy_pool.py:12 - INFO - 代理池为空，使用本地IP
2026-05-14 00:18:49 - douban_crawler - image_downloader.py:78 - INFO - 下载图片（第1次）：https://img9.doubanio.com/view/photo/s_ratio_poster/public/p689520756.jpg -> 告白_ 自白  _  母亲
2026-05-14 00:18:49 - douban_crawler - image_downloader.py:98 - INFO - 图片下载成功：告白_ 自白  _  母亲
2026-05-14 00:19:05 - douban_crawler - selenium_crawler.py:92 - WARNING - 提取基础信息失败：Message: 
Stacktrace:
	msedgedriver!GetHandleVerif
2026-05-14 00:19:15 - douban_crawler - selenium_crawler.py:138 - WARNING - 提取短评失败：Message: 

2026-05-14 00:19:15 - douban_crawler - selenium_crawler.py:152 - INFO - 详情页爬取成功：https://movie.douban.com/subject/4268598/
2026-05-14 00:19:15 - douban_crawler - proxy_pool.py:12 - INFO - 代理池为空，使用本地IP
2026-05-14 00:19:15 - douban_crawler - image_downloader.py:78 - INFO - 下载图片（第1次）：https://img9.doubanio.com/view/photo/s_ratio_poster/public/p2215886505.jpg -> 七武士_ 七侠四义(港)  _  七剑客(港)
2026-05-14 00:19:15 - douban_crawler - image_downloader.py:98 - INFO - 图片下载成功：七武士_ 七侠四义(港)  _  七剑客(港)
2026-05-14 00:19:30 - douban_crawler - selenium_crawler.py:92 - WARNING - 提取基础信息失败：Message: 
Stacktrace:
	msedgedriver!GetHandleVerif
2026-05-14 00:19:41 - douban_crawler - selenium_crawler.py:138 - WARNING - 提取短评失败：Message: 

2026-05-14 00:19:41 - douban_crawler - selenium_crawler.py:152 - INFO - 详情页爬取成功：https://movie.douban.com/subject/1295399/
2026-05-14 00:19:41 - douban_crawler - proxy_pool.py:12 - INFO - 代理池为空，使用本地IP
2026-05-14 00:19:41 - douban_crawler - image_downloader.py:78 - INFO - 下载图片（第1次）：https://img9.doubanio.com/view/photo/s_ratio_poster/public/p2923412445.jpg -> 玛丽和麦克斯_ 玛丽和马克思  _  巧克力情缘(台)
2026-05-14 00:19:41 - douban_crawler - image_downloader.py:98 - INFO - 图片下载成功：玛丽和麦克斯_ 玛丽和马克思  _  巧克力情缘(台)
2026-05-14 00:19:56 - douban_crawler - selenium_crawler.py:92 - WARNING - 提取基础信息失败：Message: 
Stacktrace:
	msedgedriver!GetHandleVerif
2026-05-14 00:20:06 - douban_crawler - selenium_crawler.py:138 - WARNING - 提取短评失败：Message: 

2026-05-14 00:20:06 - douban_crawler - selenium_crawler.py:152 - INFO - 详情页爬取成功：https://movie.douban.com/subject/3072124/
2026-05-14 00:20:06 - douban_crawler - proxy_pool.py:12 - INFO - 代理池为空，使用本地IP
2026-05-14 00:20:06 - douban_crawler - image_downloader.py:78 - INFO - 下载图片（第1次）：https://img3.doubanio.com/view/photo/s_ratio_poster/public/p2516578307.jpg -> 头号玩家_ 玩家一号  _  挑战者1号(港)
2026-05-14 00:20:06 - douban_crawler - image_downloader.py:98 - INFO - 图片下载成功：头号玩家_ 玩家一号  _  挑战者1号(港)
2026-05-14 00:20:22 - douban_crawler - selenium_crawler.py:92 - WARNING - 提取基础信息失败：Message: 
Stacktrace:
	msedgedriver!GetHandleVerif
2026-05-14 00:20:32 - douban_crawler - selenium_crawler.py:138 - WARNING - 提取短评失败：Message: 

2026-05-14 00:20:32 - douban_crawler - selenium_crawler.py:152 - INFO - 详情页爬取成功：https://movie.douban.com/subject/4920389/
2026-05-14 00:20:32 - douban_crawler - proxy_pool.py:12 - INFO - 代理池为空，使用本地IP
2026-05-14 00:20:32 - douban_crawler - image_downloader.py:78 - INFO - 下载图片（第1次）：https://img1.doubanio.com/view/photo/s_ratio_poster/public/p2922986728.jpg -> 模仿游戏_ 解码游戏(港)  _  模拟游戏
2026-05-14 00:20:32 - douban_crawler - image_downloader.py:98 - INFO - 图片下载成功：模仿游戏_ 解码游戏(港)  _  模拟游戏
2026-05-14 00:20:47 - douban_crawler - selenium_crawler.py:92 - WARNING - 提取基础信息失败：Message: 
Stacktrace:
	msedgedriver!GetHandleVerif
2026-05-14 00:20:58 - douban_crawler - selenium_crawler.py:138 - WARNING - 提取短评失败：Message: 

2026-05-14 00:20:58 - douban_crawler - selenium_crawler.py:152 - INFO - 详情页爬取成功：https://movie.douban.com/subject/10463953/
2026-05-14 00:20:58 - douban_crawler - proxy_pool.py:12 - INFO - 代理池为空，使用本地IP
2026-05-14 00:20:58 - douban_crawler - image_downloader.py:78 - INFO - 下载图片（第1次）：https://img9.doubanio.com/view/photo/s_ratio_poster/public/p1021883305.jpg -> 惊魂记_ 精神病患者  _  触目惊心(港)
2026-05-14 00:20:58 - douban_crawler - image_downloader.py:98 - INFO - 图片下载成功：惊魂记_ 精神病患者  _  触目惊心(港)
2026-05-14 00:21:15 - douban_crawler - selenium_crawler.py:92 - WARNING - 提取基础信息失败：Message: 
Stacktrace:
	msedgedriver!GetHandleVerif
2026-05-14 00:21:25 - douban_crawler - selenium_crawler.py:138 - WARNING - 提取短评失败：Message: 

2026-05-14 00:21:25 - douban_crawler - selenium_crawler.py:152 - INFO - 详情页爬取成功：https://movie.douban.com/subject/1293181/
2026-05-14 00:21:25 - douban_crawler - proxy_pool.py:12 - INFO - 代理池为空，使用本地IP
2026-05-14 00:21:25 - douban_crawler - image_downloader.py:78 - INFO - 下载图片（第1次）：https://img1.doubanio.com/view/photo/s_ratio_poster/public/p2928203369.jpg -> 机器人之梦_ 再见机器人(台)  _  汪汪梦里人(港)
2026-05-14 00:21:26 - douban_crawler - image_downloader.py:98 - INFO - 图片下载成功：机器人之梦_ 再见机器人(台)  _  汪汪梦里人(港)
2026-05-14 00:21:41 - douban_crawler - selenium_crawler.py:92 - WARNING - 提取基础信息失败：Message: 
Stacktrace:
	msedgedriver!GetHandleVerif
2026-05-14 00:21:51 - douban_crawler - selenium_crawler.py:138 - WARNING - 提取短评失败：Message: 

2026-05-14 00:21:51 - douban_crawler - selenium_crawler.py:152 - INFO - 详情页爬取成功：https://movie.douban.com/subject/35426925/
2026-05-14 00:21:51 - douban_crawler - proxy_pool.py:12 - INFO - 代理池为空，使用本地IP
2026-05-14 00:21:51 - douban_crawler - image_downloader.py:78 - INFO - 下载图片（第1次）：https://img9.doubanio.com/view/photo/s_ratio_poster/public/p692813374.jpg -> 大鱼_ 大鱼奇缘(港)  _  大智若鱼(台)
2026-05-14 00:21:51 - douban_crawler - image_downloader.py:98 - INFO - 图片下载成功：大鱼_ 大鱼奇缘(港)  _  大智若鱼(台)
2026-05-14 00:22:07 - douban_crawler - selenium_crawler.py:92 - WARNING - 提取基础信息失败：Message: 
Stacktrace:
	msedgedriver!GetHandleVerif
2026-05-14 00:22:17 - douban_crawler - selenium_crawler.py:138 - WARNING - 提取短评失败：Message: 

2026-05-14 00:22:17 - douban_crawler - selenium_crawler.py:152 - INFO - 详情页爬取成功：https://movie.douban.com/subject/1291545/
2026-05-14 00:22:17 - douban_crawler - proxy_pool.py:12 - INFO - 代理池为空，使用本地IP
2026-05-14 00:22:17 - douban_crawler - image_downloader.py:78 - INFO - 下载图片（第1次）：https://img1.doubanio.com/view/photo/s_ratio_poster/public/p2595591069.jpg -> 心灵奇旅_ 灵魂奇遇记(港)  _  灵魂急转弯(台)
2026-05-14 00:22:17 - douban_crawler - image_downloader.py:98 - INFO - 图片下载成功：心灵奇旅_ 灵魂奇遇记(港)  _  灵魂急转弯(台)
2026-05-14 00:22:34 - douban_crawler - selenium_crawler.py:92 - WARNING - 提取基础信息失败：Message: 
Stacktrace:
	msedgedriver!GetHandleVerif
2026-05-14 00:22:44 - douban_crawler - selenium_crawler.py:138 - WARNING - 提取短评失败：Message: 

2026-05-14 00:22:44 - douban_crawler - selenium_crawler.py:152 - INFO - 详情页爬取成功：https://movie.douban.com/subject/24733428/
2026-05-14 00:22:44 - douban_crawler - proxy_pool.py:12 - INFO - 代理池为空，使用本地IP
2026-05-14 00:22:44 - douban_crawler - image_downloader.py:78 - INFO - 下载图片（第1次）：https://img3.doubanio.com/view/photo/s_ratio_poster/public/p2505048077.jpg -> 背靠背，脸对脸_ 背对背，脸对脸  _  Back to Back, Face to Face
2026-05-14 00:22:45 - douban_crawler - image_downloader.py:98 - INFO - 图片下载成功：背靠背，脸对脸_ 背对背，脸对脸  _  Back to Back, Face to Face
2026-05-14 00:23:02 - douban_crawler - selenium_crawler.py:92 - WARNING - 提取基础信息失败：Message: 
Stacktrace:
	msedgedriver!GetHandleVerif
2026-05-14 00:23:12 - douban_crawler - selenium_crawler.py:138 - WARNING - 提取短评失败：Message: 

2026-05-14 00:23:12 - douban_crawler - selenium_crawler.py:152 - INFO - 详情页爬取成功：https://movie.douban.com/subject/1307856/
2026-05-14 00:23:12 - douban_crawler - proxy_pool.py:12 - INFO - 代理池为空，使用本地IP
2026-05-14 00:23:12 - douban_crawler - image_downloader.py:78 - INFO - 下载图片（第1次）：https://img1.doubanio.com/view/photo/s_ratio_poster/public/p2398141939.jpg -> 血战钢锯岭_ 钢锯岭  _  钢铁英雄(台)
2026-05-14 00:23:12 - douban_crawler - image_downloader.py:98 - INFO - 图片下载成功：血战钢锯岭_ 钢锯岭  _  钢铁英雄(台)
2026-05-14 00:23:28 - douban_crawler - selenium_crawler.py:92 - WARNING - 提取基础信息失败：Message: 
Stacktrace:
	msedgedriver!GetHandleVerif
2026-05-14 00:23:38 - douban_crawler - selenium_crawler.py:138 - WARNING - 提取短评失败：Message: 

2026-05-14 00:23:38 - douban_crawler - selenium_crawler.py:152 - INFO - 详情页爬取成功：https://movie.douban.com/subject/26325320/
2026-05-14 00:23:38 - douban_crawler - proxy_pool.py:12 - INFO - 代理池为空，使用本地IP
2026-05-14 00:23:38 - douban_crawler - image_downloader.py:78 - INFO - 下载图片（第1次）：https://img3.doubanio.com/view/photo/s_ratio_poster/public/p2609063922.jpg -> 射雕英雄传之东成西就_ 东成西就  _  大英雄 (日本)
2026-05-14 00:23:38 - douban_crawler - image_downloader.py:98 - INFO - 图片下载成功：射雕英雄传之东成西就_ 东成西就  _  大英雄 (日本)
2026-05-14 00:23:53 - douban_crawler - selenium_crawler.py:92 - WARNING - 提取基础信息失败：Message: 
Stacktrace:
	msedgedriver!GetHandleVerif
2026-05-14 00:24:04 - douban_crawler - selenium_crawler.py:138 - WARNING - 提取短评失败：Message: 

2026-05-14 00:24:04 - douban_crawler - selenium_crawler.py:152 - INFO - 详情页爬取成功：https://movie.douban.com/subject/1316510/
2026-05-14 00:24:04 - douban_crawler - proxy_pool.py:12 - INFO - 代理池为空，使用本地IP
2026-05-14 00:24:04 - douban_crawler - image_downloader.py:78 - INFO - 下载图片（第1次）：https://img2.doubanio.com/view/photo/s_ratio_poster/public/p2910701461.jpg -> 你的名字。_ 你的名字  _  君之名
2026-05-14 00:24:04 - douban_crawler - image_downloader.py:98 - INFO - 图片下载成功：你的名字。_ 你的名字  _  君之名
2026-05-14 00:24:19 - douban_crawler - selenium_crawler.py:92 - WARNING - 提取基础信息失败：Message: 
Stacktrace:
	msedgedriver!GetHandleVerif
2026-05-14 00:24:29 - douban_crawler - selenium_crawler.py:138 - WARNING - 提取短评失败：Message: 

2026-05-14 00:24:29 - douban_crawler - selenium_crawler.py:152 - INFO - 详情页爬取成功：https://movie.douban.com/subject/26683290/
2026-05-14 00:24:29 - douban_crawler - proxy_pool.py:12 - INFO - 代理池为空，使用本地IP
2026-05-14 00:24:29 - douban_crawler - image_downloader.py:78 - INFO - 下载图片（第1次）：https://img9.doubanio.com/view/photo/s_ratio_poster/public/p652417775.jpg -> 我是山姆_ 不一样的爸爸(港)  _  他不笨，他是我爸爸(台)
2026-05-14 00:24:30 - douban_crawler - image_downloader.py:98 - INFO - 图片下载成功：我是山姆_ 不一样的爸爸(港)  _  他不笨，他是我爸爸(台)
2026-05-14 00:24:45 - douban_crawler - selenium_crawler.py:92 - WARNING - 提取基础信息失败：Message: 
Stacktrace:
	msedgedriver!GetHandleVerif
2026-05-14 00:24:55 - douban_crawler - selenium_crawler.py:138 - WARNING - 提取短评失败：Message: 

2026-05-14 00:24:55 - douban_crawler - selenium_crawler.py:152 - INFO - 详情页爬取成功：https://movie.douban.com/subject/1306861/
2026-05-14 00:24:55 - douban_crawler - proxy_pool.py:12 - INFO - 代理池为空，使用本地IP
2026-05-14 00:24:55 - douban_crawler - image_downloader.py:78 - INFO - 下载图片（第1次）：https://img3.doubanio.com/view/photo/s_ratio_poster/public/p1374786017.jpg -> 阳光姐妹淘_ 阳光姊妹淘(港)  _  桑尼
2026-05-14 00:24:55 - douban_crawler - image_downloader.py:98 - INFO - 图片下载成功：阳光姐妹淘_ 阳光姊妹淘(港)  _  桑尼
2026-05-14 00:25:11 - douban_crawler - selenium_crawler.py:92 - WARNING - 提取基础信息失败：Message: 
Stacktrace:
	msedgedriver!GetHandleVerif
2026-05-14 00:25:21 - douban_crawler - selenium_crawler.py:138 - WARNING - 提取短评失败：Message: 

2026-05-14 00:25:21 - douban_crawler - selenium_crawler.py:152 - INFO - 详情页爬取成功：https://movie.douban.com/subject/4917726/
2026-05-14 00:25:21 - douban_crawler - proxy_pool.py:12 - INFO - 代理池为空，使用本地IP
2026-05-14 00:25:21 - douban_crawler - image_downloader.py:78 - INFO - 下载图片（第1次）：https://img9.doubanio.com/view/photo/s_ratio_poster/public/p1910924635.jpg -> 末路狂花_ 塞尔玛与路易丝
2026-05-14 00:25:21 - douban_crawler - image_downloader.py:98 - INFO - 图片下载成功：末路狂花_ 塞尔玛与路易丝
2026-05-14 00:25:36 - douban_crawler - selenium_crawler.py:92 - WARNING - 提取基础信息失败：Message: 
Stacktrace:
	msedgedriver!GetHandleVerif
2026-05-14 00:25:47 - douban_crawler - selenium_crawler.py:138 - WARNING - 提取短评失败：Message: 

2026-05-14 00:25:47 - douban_crawler - selenium_crawler.py:152 - INFO - 详情页爬取成功：https://movie.douban.com/subject/1291992/
2026-05-14 00:25:47 - douban_crawler - proxy_pool.py:12 - INFO - 代理池为空，使用本地IP
2026-05-14 00:25:47 - douban_crawler - image_downloader.py:78 - INFO - 下载图片（第1次）：https://img9.doubanio.com/view/photo/s_ratio_poster/public/p2016930906.jpg -> 恐怖直播_ 死亡“动”新闻(港)  _  恐怖攻击直播(台)
2026-05-14 00:25:47 - douban_crawler - image_downloader.py:98 - INFO - 图片下载成功：恐怖直播_ 死亡“动”新闻(港)  _  恐怖攻击直播(台)
2026-05-14 00:26:02 - douban_crawler - selenium_crawler.py:92 - WARNING - 提取基础信息失败：Message: 
Stacktrace:
	msedgedriver!GetHandleVerif
2026-05-14 00:26:12 - douban_crawler - selenium_crawler.py:138 - WARNING - 提取短评失败：Message: 

2026-05-14 00:26:12 - douban_crawler - selenium_crawler.py:152 - INFO - 详情页爬取成功：https://movie.douban.com/subject/21360417/
2026-05-14 00:26:12 - douban_crawler - proxy_pool.py:12 - INFO - 代理池为空，使用本地IP
2026-05-14 00:26:12 - douban_crawler - image_downloader.py:78 - INFO - 下载图片（第1次）：https://img1.doubanio.com/view/photo/s_ratio_poster/public/p443461818.jpg -> 黑客帝国3：矩阵革命_ 22世纪杀人网络3：惊变世纪(港)  _  骇客任务完结篇：最后战役(台)
2026-05-14 00:26:13 - douban_crawler - image_downloader.py:98 - INFO - 图片下载成功：黑客帝国3：矩阵革命_ 22世纪杀人网络3：惊变世纪(港)  _  骇客任务完结篇：最后战役(台)
2026-05-14 00:26:28 - douban_crawler - selenium_crawler.py:92 - WARNING - 提取基础信息失败：Message: 
Stacktrace:
	msedgedriver!GetHandleVerif
2026-05-14 00:26:38 - douban_crawler - selenium_crawler.py:138 - WARNING - 提取短评失败：Message: 

2026-05-14 00:26:38 - douban_crawler - selenium_crawler.py:152 - INFO - 详情页爬取成功：https://movie.douban.com/subject/1302467/
2026-05-14 00:26:38 - douban_crawler - proxy_pool.py:12 - INFO - 代理池为空，使用本地IP
2026-05-14 00:26:38 - douban_crawler - image_downloader.py:78 - INFO - 下载图片（第1次）：https://img1.doubanio.com/view/photo/s_ratio_poster/public/p2319879389.jpg -> 高山下的花环_ 卫国军魂(港)  _  Wreaths at the Foot of the Mou
2026-05-14 00:26:38 - douban_crawler - image_downloader.py:98 - INFO - 图片下载成功：高山下的花环_ 卫国军魂(港)  _  Wreaths at the Foot of the Mou
2026-05-14 00:26:54 - douban_crawler - selenium_crawler.py:92 - WARNING - 提取基础信息失败：Message: 
Stacktrace:
	msedgedriver!GetHandleVerif
2026-05-14 00:27:04 - douban_crawler - selenium_crawler.py:138 - WARNING - 提取短评失败：Message: 

2026-05-14 00:27:04 - douban_crawler - selenium_crawler.py:152 - INFO - 详情页爬取成功：https://movie.douban.com/subject/1422283/
2026-05-14 00:27:04 - douban_crawler - proxy_pool.py:12 - INFO - 代理池为空，使用本地IP
2026-05-14 00:27:04 - douban_crawler - image_downloader.py:78 - INFO - 下载图片（第1次）：https://img9.doubanio.com/view/photo/s_ratio_poster/public/p2567198874.jpg -> 小丑_ 小丑起源电影：罗密欧  _  Romeo
2026-05-14 00:27:04 - douban_crawler - image_downloader.py:98 - INFO - 图片下载成功：小丑_ 小丑起源电影：罗密欧  _  Romeo
2026-05-14 00:27:19 - douban_crawler - selenium_crawler.py:92 - WARNING - 提取基础信息失败：Message: 
Stacktrace:
	msedgedriver!GetHandleVerif
2026-05-14 00:27:29 - douban_crawler - selenium_crawler.py:138 - WARNING - 提取短评失败：Message: 

2026-05-14 00:27:29 - douban_crawler - selenium_crawler.py:152 - INFO - 详情页爬取成功：https://movie.douban.com/subject/27119724/
2026-05-14 00:27:29 - douban_crawler - proxy_pool.py:12 - INFO - 代理池为空，使用本地IP
2026-05-14 00:27:29 - douban_crawler - image_downloader.py:78 - INFO - 下载图片（第1次）：https://img3.doubanio.com/view/photo/s_ratio_poster/public/p792223507.jpg -> 谍影重重3_ 叛谍追击3：最后通牒(港)  _  神鬼认证：最后通牒 (台)
2026-05-14 00:27:30 - douban_crawler - image_downloader.py:98 - INFO - 图片下载成功：谍影重重3_ 叛谍追击3：最后通牒(港)  _  神鬼认证：最后通牒 (台)
2026-05-14 00:27:45 - douban_crawler - selenium_crawler.py:92 - WARNING - 提取基础信息失败：Message: 
Stacktrace:
	msedgedriver!GetHandleVerif
2026-05-14 00:27:55 - douban_crawler - selenium_crawler.py:138 - WARNING - 提取短评失败：Message: 

2026-05-14 00:27:55 - douban_crawler - selenium_crawler.py:152 - INFO - 详情页爬取成功：https://movie.douban.com/subject/1578507/
2026-05-14 00:27:55 - douban_crawler - proxy_pool.py:12 - INFO - 代理池为空，使用本地IP
2026-05-14 00:27:55 - douban_crawler - image_downloader.py:78 - INFO - 下载图片（第1次）：https://img9.doubanio.com/view/photo/s_ratio_poster/public/p2502943384.jpg -> 三块广告牌_ 广告牌杀人事件(港)  _  意外(台)
2026-05-14 00:27:55 - douban_crawler - image_downloader.py:98 - INFO - 图片下载成功：三块广告牌_ 广告牌杀人事件(港)  _  意外(台)
2026-05-14 00:28:11 - douban_crawler - selenium_crawler.py:92 - WARNING - 提取基础信息失败：Message: 
Stacktrace:
	msedgedriver!GetHandleVerif
2026-05-14 00:28:21 - douban_crawler - selenium_crawler.py:138 - WARNING - 提取短评失败：Message: 

2026-05-14 00:28:21 - douban_crawler - selenium_crawler.py:152 - INFO - 详情页爬取成功：https://movie.douban.com/subject/26611804/
2026-05-14 00:28:21 - douban_crawler - proxy_pool.py:12 - INFO - 代理池为空，使用本地IP
2026-05-14 00:28:21 - douban_crawler - image_downloader.py:78 - INFO - 下载图片（第1次）：https://img9.doubanio.com/view/photo/s_ratio_poster/public/p726839485.jpg -> 电锯惊魂_ 恐惧斗室(港)  _  夺魂锯(台)
2026-05-14 00:28:21 - douban_crawler - image_downloader.py:98 - INFO - 图片下载成功：电锯惊魂_ 恐惧斗室(港)  _  夺魂锯(台)
2026-05-14 00:28:36 - douban_crawler - selenium_crawler.py:92 - WARNING - 提取基础信息失败：Message: 
Stacktrace:
	msedgedriver!GetHandleVerif
2026-05-14 00:28:46 - douban_crawler - selenium_crawler.py:138 - WARNING - 提取短评失败：Message: 

2026-05-14 00:28:46 - douban_crawler - selenium_crawler.py:152 - INFO - 详情页爬取成功：https://movie.douban.com/subject/1417598/
2026-05-14 00:28:46 - douban_crawler - proxy_pool.py:12 - INFO - 代理池为空，使用本地IP
2026-05-14 00:28:46 - douban_crawler - image_downloader.py:78 - INFO - 下载图片（第1次）：https://img1.doubanio.com/view/photo/s_ratio_poster/public/p958008320.jpg -> 无间道2_ 无间道前传  _  Infernal Affairs II
2026-05-14 00:28:47 - douban_crawler - image_downloader.py:98 - INFO - 图片下载成功：无间道2_ 无间道前传  _  Infernal Affairs II
2026-05-14 00:29:04 - douban_crawler - selenium_crawler.py:92 - WARNING - 提取基础信息失败：Message: 
Stacktrace:
	msedgedriver!GetHandleVerif
2026-05-14 00:29:14 - douban_crawler - selenium_crawler.py:138 - WARNING - 提取短评失败：Message: 

2026-05-14 00:29:14 - douban_crawler - selenium_crawler.py:152 - INFO - 详情页爬取成功：https://movie.douban.com/subject/1307106/
2026-05-14 00:29:14 - douban_crawler - requests_crawler.py:136 - INFO - 成功爬取：https://movie.douban.com/top250?start=150&filter= | 本页25条
2026-05-14 00:29:14 - douban_crawler - base_crawler.py:17 - INFO - 休眠 3.76 秒
2026-05-14 00:29:18 - douban_crawler - requests_crawler.py:80 - INFO - 请求成功：https://movie.douban.com/top250?start=175&filter= (重试0次)
2026-05-14 00:29:18 - douban_crawler - proxy_pool.py:12 - INFO - 代理池为空，使用本地IP
2026-05-14 00:29:18 - douban_crawler - image_downloader.py:78 - INFO - 下载图片（第1次）：https://img3.doubanio.com/view/photo/s_ratio_poster/public/p2166160837.jpg -> 达拉斯买家俱乐部_ 续命枭雄(港)  _  药命俱乐部(台)
2026-05-14 00:29:18 - douban_crawler - image_downloader.py:98 - INFO - 图片下载成功：达拉斯买家俱乐部_ 续命枭雄(港)  _  药命俱乐部(台)
2026-05-14 00:29:34 - douban_crawler - selenium_crawler.py:92 - WARNING - 提取基础信息失败：Message: 
Stacktrace:
	msedgedriver!GetHandleVerif
2026-05-14 00:29:44 - douban_crawler - selenium_crawler.py:138 - WARNING - 提取短评失败：Message: 

2026-05-14 00:29:44 - douban_crawler - selenium_crawler.py:152 - INFO - 详情页爬取成功：https://movie.douban.com/subject/1793929/
2026-05-14 00:29:44 - douban_crawler - proxy_pool.py:12 - INFO - 代理池为空，使用本地IP
2026-05-14 00:29:44 - douban_crawler - image_downloader.py:78 - INFO - 下载图片（第1次）：https://img3.doubanio.com/view/photo/s_ratio_poster/public/p1867084027.jpg -> 疯狂原始人_ 古鲁家族(港 _ 台)
2026-05-14 00:29:44 - douban_crawler - image_downloader.py:98 - INFO - 图片下载成功：疯狂原始人_ 古鲁家族(港 _ 台)
2026-05-14 00:30:00 - douban_crawler - selenium_crawler.py:92 - WARNING - 提取基础信息失败：Message: 
Stacktrace:
	msedgedriver!GetHandleVerif
2026-05-14 00:30:10 - douban_crawler - selenium_crawler.py:138 - WARNING - 提取短评失败：Message: 

2026-05-14 00:30:10 - douban_crawler - selenium_crawler.py:152 - INFO - 详情页爬取成功：https://movie.douban.com/subject/1907966/
2026-05-14 00:30:10 - douban_crawler - proxy_pool.py:12 - INFO - 代理池为空，使用本地IP
2026-05-14 00:30:10 - douban_crawler - image_downloader.py:78 - INFO - 下载图片（第1次）：https://img2.doubanio.com/view/photo/s_ratio_poster/public/p767586451.jpg -> 绿里奇迹_ 绿色奇迹(台)  _  绿色英里
2026-05-14 00:30:10 - douban_crawler - image_downloader.py:98 - INFO - 图片下载成功：绿里奇迹_ 绿色奇迹(台)  _  绿色英里
2026-05-14 00:30:25 - douban_crawler - selenium_crawler.py:92 - WARNING - 提取基础信息失败：Message: 
Stacktrace:
	msedgedriver!GetHandleVerif
2026-05-14 00:30:35 - douban_crawler - selenium_crawler.py:138 - WARNING - 提取短评失败：Message: 

2026-05-14 00:30:35 - douban_crawler - selenium_crawler.py:152 - INFO - 详情页爬取成功：https://movie.douban.com/subject/1300374/
2026-05-14 00:30:35 - douban_crawler - proxy_pool.py:12 - INFO - 代理池为空，使用本地IP
2026-05-14 00:30:35 - douban_crawler - image_downloader.py:78 - INFO - 下载图片（第1次）：https://img1.doubanio.com/view/photo/s_ratio_poster/public/p2074715729.jpg -> 爱在午夜降临前_ 情约半生(港)  _  爱在午夜希腊时(台)
2026-05-14 00:30:36 - douban_crawler - image_downloader.py:98 - INFO - 图片下载成功：爱在午夜降临前_ 情约半生(港)  _  爱在午夜希腊时(台)
2026-05-14 00:30:51 - douban_crawler - selenium_crawler.py:92 - WARNING - 提取基础信息失败：Message: 
Stacktrace:
	msedgedriver!GetHandleVerif
2026-05-14 00:31:01 - douban_crawler - selenium_crawler.py:138 - WARNING - 提取短评失败：Message: 

2026-05-14 00:31:01 - douban_crawler - selenium_crawler.py:152 - INFO - 详情页爬取成功：https://movie.douban.com/subject/10808442/
2026-05-14 00:31:01 - douban_crawler - proxy_pool.py:12 - INFO - 代理池为空，使用本地IP
2026-05-14 00:31:01 - douban_crawler - image_downloader.py:78 - INFO - 下载图片（第1次）：https://img3.doubanio.com/view/photo/s_ratio_poster/public/p712241453.jpg -> 疯狂的石头_ Crazy Stone
2026-05-14 00:31:01 - douban_crawler - image_downloader.py:98 - INFO - 图片下载成功：疯狂的石头_ Crazy Stone
2026-05-14 00:31:17 - douban_crawler - selenium_crawler.py:92 - WARNING - 提取基础信息失败：Message: 
Stacktrace:
	msedgedriver!GetHandleVerif
2026-05-14 00:31:27 - douban_crawler - selenium_crawler.py:138 - WARNING - 提取短评失败：Message: 

2026-05-14 00:31:27 - douban_crawler - selenium_crawler.py:152 - INFO - 详情页爬取成功：https://movie.douban.com/subject/1862151/
2026-05-14 00:31:27 - douban_crawler - proxy_pool.py:12 - INFO - 代理池为空，使用本地IP
2026-05-14 00:31:27 - douban_crawler - image_downloader.py:78 - INFO - 下载图片（第1次）：https://img9.doubanio.com/view/photo/s_ratio_poster/public/p1612355875.jpg -> 雨中曲_ 万花嬉春(港 _ 台)
2026-05-14 00:31:27 - douban_crawler - image_downloader.py:98 - INFO - 图片下载成功：雨中曲_ 万花嬉春(港 _ 台)
2026-05-14 00:31:42 - douban_crawler - selenium_crawler.py:92 - WARNING - 提取基础信息失败：Message: 
Stacktrace:
	msedgedriver!GetHandleVerif
2026-05-14 00:31:53 - douban_crawler - selenium_crawler.py:138 - WARNING - 提取短评失败：Message: 

2026-05-14 00:31:53 - douban_crawler - selenium_crawler.py:152 - INFO - 详情页爬取成功：https://movie.douban.com/subject/1293460/
2026-05-14 00:31:53 - douban_crawler - proxy_pool.py:12 - INFO - 代理池为空，使用本地IP
2026-05-14 00:31:53 - douban_crawler - image_downloader.py:78 - INFO - 下载图片（第1次）：https://img1.doubanio.com/view/photo/s_ratio_poster/public/p2926647970.jpg -> 2001太空漫游_ 2001：星际漫游  _  2001：太空奥德赛
2026-05-14 00:31:53 - douban_crawler - image_downloader.py:98 - INFO - 图片下载成功：2001太空漫游_ 2001：星际漫游  _  2001：太空奥德赛
2026-05-14 00:32:10 - douban_crawler - selenium_crawler.py:92 - WARNING - 提取基础信息失败：Message: 
Stacktrace:
	msedgedriver!GetHandleVerif
2026-05-14 00:32:20 - douban_crawler - selenium_crawler.py:138 - WARNING - 提取短评失败：Message: 

2026-05-14 00:32:20 - douban_crawler - selenium_crawler.py:152 - INFO - 详情页爬取成功：https://movie.douban.com/subject/1292226/
2026-05-14 00:32:20 - douban_crawler - proxy_pool.py:12 - INFO - 代理池为空，使用本地IP
2026-05-14 00:32:20 - douban_crawler - image_downloader.py:78 - INFO - 下载图片（第1次）：https://img3.doubanio.com/view/photo/s_ratio_poster/public/p2242546753.jpg -> 海街日记_ 海街女孩日记(港)  _  Kamakura Diary
2026-05-14 00:32:20 - douban_crawler - image_downloader.py:98 - INFO - 图片下载成功：海街日记_ 海街女孩日记(港)  _  Kamakura Diary
2026-05-14 00:32:38 - douban_crawler - selenium_crawler.py:92 - WARNING - 提取基础信息失败：Message: 
Stacktrace:
	msedgedriver!GetHandleVerif
2026-05-14 00:32:48 - douban_crawler - selenium_crawler.py:138 - WARNING - 提取短评失败：Message: 

2026-05-14 00:32:48 - douban_crawler - selenium_crawler.py:152 - INFO - 详情页爬取成功：https://movie.douban.com/subject/25895901/
2026-05-14 00:32:48 - douban_crawler - proxy_pool.py:12 - INFO - 代理池为空，使用本地IP
2026-05-14 00:32:48 - douban_crawler - image_downloader.py:78 - INFO - 下载图片（第1次）：https://img3.doubanio.com/view/photo/s_ratio_poster/public/p1917567652.jpg -> 风之谷_ 风谷少女  _  Kaze no tani no Naushika
2026-05-14 00:32:48 - douban_crawler - image_downloader.py:98 - INFO - 图片下载成功：风之谷_ 风谷少女  _  Kaze no tani no Naushika
2026-05-14 00:33:05 - douban_crawler - selenium_crawler.py:92 - WARNING - 提取基础信息失败：Message: 
Stacktrace:
	msedgedriver!GetHandleVerif
2026-05-14 00:33:16 - douban_crawler - selenium_crawler.py:138 - WARNING - 提取短评失败：Message: 

2026-05-14 00:33:16 - douban_crawler - selenium_crawler.py:152 - INFO - 详情页爬取成功：https://movie.douban.com/subject/1291585/
2026-05-14 00:33:16 - douban_crawler - proxy_pool.py:12 - INFO - 代理池为空，使用本地IP
2026-05-14 00:33:16 - douban_crawler - image_downloader.py:78 - INFO - 下载图片（第1次）：https://img1.doubanio.com/view/photo/s_ratio_poster/public/p455677490.jpg -> 上帝之城_ 无主之城(港)  _  无法无天(台)
2026-05-14 00:33:16 - douban_crawler - image_downloader.py:98 - INFO - 图片下载成功：上帝之城_ 无主之城(港)  _  无法无天(台)
2026-05-14 00:33:33 - douban_crawler - selenium_crawler.py:92 - WARNING - 提取基础信息失败：Message: 
Stacktrace:
	msedgedriver!GetHandleVerif
2026-05-14 00:33:43 - douban_crawler - selenium_crawler.py:138 - WARNING - 提取短评失败：Message: 

2026-05-14 00:33:43 - douban_crawler - selenium_crawler.py:152 - INFO - 详情页爬取成功：https://movie.douban.com/subject/1292208/
2026-05-14 00:33:43 - douban_crawler - proxy_pool.py:12 - INFO - 代理池为空，使用本地IP
2026-05-14 00:33:43 - douban_crawler - image_downloader.py:78 - INFO - 下载图片（第1次）：https://img1.doubanio.com/view/photo/s_ratio_poster/public/p2926020289.jpg -> 心迷宫_ 殡棺  _  The Coffin in the Mountain
2026-05-14 00:33:44 - douban_crawler - image_downloader.py:98 - INFO - 图片下载成功：心迷宫_ 殡棺  _  The Coffin in the Mountain
2026-05-14 00:34:01 - douban_crawler - selenium_crawler.py:92 - WARNING - 提取基础信息失败：Message: 
Stacktrace:
	msedgedriver!GetHandleVerif
2026-05-14 00:34:11 - douban_crawler - selenium_crawler.py:138 - WARNING - 提取短评失败：Message: 

2026-05-14 00:34:11 - douban_crawler - selenium_crawler.py:152 - INFO - 详情页爬取成功：https://movie.douban.com/subject/25917973/
2026-05-14 00:34:11 - douban_crawler - proxy_pool.py:12 - INFO - 代理池为空，使用本地IP
2026-05-14 00:34:11 - douban_crawler - image_downloader.py:78 - INFO - 下载图片（第1次）：https://img3.doubanio.com/view/photo/s_ratio_poster/public/p2504997087.jpg -> 英雄本色_ A Better Tomorrow  _  Gangland Boss
2026-05-14 00:34:11 - douban_crawler - image_downloader.py:98 - INFO - 图片下载成功：英雄本色_ A Better Tomorrow  _  Gangland Boss
2026-05-14 00:34:29 - douban_crawler - selenium_crawler.py:92 - WARNING - 提取基础信息失败：Message: 
Stacktrace:
	msedgedriver!GetHandleVerif
2026-05-14 00:34:39 - douban_crawler - selenium_crawler.py:138 - WARNING - 提取短评失败：Message: 

2026-05-14 00:34:39 - douban_crawler - selenium_crawler.py:152 - INFO - 详情页爬取成功：https://movie.douban.com/subject/1297574/
2026-05-14 00:34:39 - douban_crawler - proxy_pool.py:12 - INFO - 代理池为空，使用本地IP
2026-05-14 00:34:39 - douban_crawler - image_downloader.py:78 - INFO - 下载图片（第1次）：https://img3.doubanio.com/view/photo/s_ratio_poster/public/p2931989223.jpg -> 记忆碎片_ 凶心人(港)  _  记忆拼图(台)
2026-05-14 00:34:39 - douban_crawler - image_downloader.py:98 - INFO - 图片下载成功：记忆碎片_ 凶心人(港)  _  记忆拼图(台)
2026-05-14 00:34:56 - douban_crawler - selenium_crawler.py:92 - WARNING - 提取基础信息失败：Message: 
Stacktrace:
	msedgedriver!GetHandleVerif
2026-05-14 00:35:06 - douban_crawler - selenium_crawler.py:138 - WARNING - 提取短评失败：Message: 

2026-05-14 00:35:06 - douban_crawler - selenium_crawler.py:152 - INFO - 详情页爬取成功：https://movie.douban.com/subject/1304447/
2026-05-14 00:35:06 - douban_crawler - proxy_pool.py:12 - INFO - 代理池为空，使用本地IP
2026-05-14 00:35:06 - douban_crawler - image_downloader.py:78 - INFO - 下载图片（第1次）：https://img1.doubanio.com/view/photo/s_ratio_poster/public/p2931740648.jpg -> 纵横四海_ Once a Thief
2026-05-14 00:35:07 - douban_crawler - image_downloader.py:98 - INFO - 图片下载成功：纵横四海_ Once a Thief
2026-05-14 00:35:24 - douban_crawler - selenium_crawler.py:92 - WARNING - 提取基础信息失败：Message: 
Stacktrace:
	msedgedriver!GetHandleVerif
2026-05-14 00:35:34 - douban_crawler - selenium_crawler.py:138 - WARNING - 提取短评失败：Message: 

2026-05-14 00:35:34 - douban_crawler - selenium_crawler.py:152 - INFO - 详情页爬取成功：https://movie.douban.com/subject/1295409/
2026-05-14 00:35:34 - douban_crawler - proxy_pool.py:12 - INFO - 代理池为空，使用本地IP
2026-05-14 00:35:34 - douban_crawler - image_downloader.py:78 - INFO - 下载图片（第1次）：https://img9.doubanio.com/view/photo/s_ratio_poster/public/p1735642656.jpg -> 无敌破坏王_ 破坏王拉尔夫  _  破坏王大冒险
2026-05-14 00:35:34 - douban_crawler - image_downloader.py:98 - INFO - 图片下载成功：无敌破坏王_ 破坏王拉尔夫  _  破坏王大冒险
2026-05-14 00:35:51 - douban_crawler - selenium_crawler.py:92 - WARNING - 提取基础信息失败：Message: 
Stacktrace:
	msedgedriver!GetHandleVerif
2026-05-14 00:36:02 - douban_crawler - selenium_crawler.py:138 - WARNING - 提取短评失败：Message: 

2026-05-14 00:36:02 - douban_crawler - selenium_crawler.py:152 - INFO - 详情页爬取成功：https://movie.douban.com/subject/6534248/
2026-05-14 00:36:02 - douban_crawler - proxy_pool.py:12 - INFO - 代理池为空，使用本地IP
2026-05-14 00:36:02 - douban_crawler - image_downloader.py:78 - INFO - 下载图片（第1次）：https://img3.doubanio.com/view/photo/s_ratio_poster/public/p470419493.jpg -> 卢旺达饭店_ 卢安达饭店(台)
2026-05-14 00:36:02 - douban_crawler - image_downloader.py:98 - INFO - 图片下载成功：卢旺达饭店_ 卢安达饭店(台)
2026-05-14 00:36:19 - douban_crawler - selenium_crawler.py:92 - WARNING - 提取基础信息失败：Message: 
Stacktrace:
	msedgedriver!GetHandleVerif
2026-05-14 00:36:29 - douban_crawler - selenium_crawler.py:138 - WARNING - 提取短评失败：Message: 

2026-05-14 00:36:29 - douban_crawler - selenium_crawler.py:152 - INFO - 详情页爬取成功：https://movie.douban.com/subject/1291822/
2026-05-14 00:36:29 - douban_crawler - proxy_pool.py:12 - INFO - 代理池为空，使用本地IP
2026-05-14 00:36:29 - douban_crawler - image_downloader.py:78 - INFO - 下载图片（第1次）：https://img9.doubanio.com/view/photo/s_ratio_poster/public/p848381236.jpg -> 牯岭街少年杀人事件_ A Brighter Summer Day
2026-05-14 00:36:29 - douban_crawler - image_downloader.py:98 - INFO - 图片下载成功：牯岭街少年杀人事件_ A Brighter Summer Day
2026-05-14 00:36:47 - douban_crawler - selenium_crawler.py:92 - WARNING - 提取基础信息失败：Message: 
Stacktrace:
	msedgedriver!GetHandleVerif
2026-05-14 00:36:57 - douban_crawler - selenium_crawler.py:138 - WARNING - 提取短评失败：Message: 

2026-05-14 00:36:57 - douban_crawler - selenium_crawler.py:152 - INFO - 详情页爬取成功：https://movie.douban.com/subject/1292329/
2026-05-14 00:36:57 - douban_crawler - proxy_pool.py:12 - INFO - 代理池为空，使用本地IP
2026-05-14 00:36:57 - douban_crawler - image_downloader.py:78 - INFO - 下载图片（第1次）：https://img9.doubanio.com/view/photo/s_ratio_poster/public/p462470694.jpg -> 恐怖游轮_ 汪洋血迷宮(台)  _  轮回三角
2026-05-14 00:36:57 - douban_crawler - image_downloader.py:98 - INFO - 图片下载成功：恐怖游轮_ 汪洋血迷宮(台)  _  轮回三角
2026-05-14 00:37:14 - douban_crawler - selenium_crawler.py:92 - WARNING - 提取基础信息失败：Message: 
Stacktrace:
	msedgedriver!GetHandleVerif
2026-05-14 00:37:24 - douban_crawler - selenium_crawler.py:138 - WARNING - 提取短评失败：Message: 

2026-05-14 00:37:24 - douban_crawler - selenium_crawler.py:152 - INFO - 详情页爬取成功：https://movie.douban.com/subject/3011051/
2026-05-14 00:37:24 - douban_crawler - proxy_pool.py:12 - INFO - 代理池为空，使用本地IP
2026-05-14 00:37:24 - douban_crawler - image_downloader.py:78 - INFO - 下载图片（第1次）：https://img1.doubanio.com/view/photo/s_ratio_poster/public/p456703618.jpg -> 东京教父_ Tokyo Godfathers
2026-05-14 00:37:25 - douban_crawler - image_downloader.py:98 - INFO - 图片下载成功：东京教父_ Tokyo Godfathers
2026-05-14 00:37:42 - douban_crawler - selenium_crawler.py:92 - WARNING - 提取基础信息失败：Message: 
Stacktrace:
	msedgedriver!GetHandleVerif
2026-05-14 00:37:52 - douban_crawler - selenium_crawler.py:138 - WARNING - 提取短评失败：Message: 

2026-05-14 00:37:52 - douban_crawler - selenium_crawler.py:152 - INFO - 详情页爬取成功：https://movie.douban.com/subject/1310177/
2026-05-14 00:37:52 - douban_crawler - proxy_pool.py:12 - INFO - 代理池为空，使用本地IP
2026-05-14 00:37:52 - douban_crawler - image_downloader.py:78 - INFO - 下载图片（第1次）：https://img9.doubanio.com/view/photo/s_ratio_poster/public/p2530599636.jpg -> 小偷家族_ Shoplifters  _  Une Affaire de Famille
2026-05-14 00:37:52 - douban_crawler - image_downloader.py:98 - INFO - 图片下载成功：小偷家族_ Shoplifters  _  Une Affaire de Famille
2026-05-14 00:38:10 - douban_crawler - selenium_crawler.py:92 - WARNING - 提取基础信息失败：Message: 
Stacktrace:
	msedgedriver!GetHandleVerif
2026-05-14 00:38:20 - douban_crawler - selenium_crawler.py:138 - WARNING - 提取短评失败：Message: 

2026-05-14 00:38:20 - douban_crawler - selenium_crawler.py:152 - INFO - 详情页爬取成功：https://movie.douban.com/subject/27622447/
2026-05-14 00:38:20 - douban_crawler - proxy_pool.py:12 - INFO - 代理池为空，使用本地IP
2026-05-14 00:38:20 - douban_crawler - image_downloader.py:78 - INFO - 下载图片（第1次）：https://img3.doubanio.com/view/photo/s_ratio_poster/public/p456676352.jpg -> 魔女宅急便_ 魔女琪琪(台)  _  小魔女限时专送
2026-05-14 00:38:20 - douban_crawler - image_downloader.py:98 - INFO - 图片下载成功：魔女宅急便_ 魔女琪琪(台)  _  小魔女限时专送
2026-05-14 00:38:37 - douban_crawler - selenium_crawler.py:92 - WARNING - 提取基础信息失败：Message: 
Stacktrace:
	msedgedriver!GetHandleVerif
2026-05-14 00:38:47 - douban_crawler - selenium_crawler.py:138 - WARNING - 提取短评失败：Message: 

2026-05-14 00:38:47 - douban_crawler - selenium_crawler.py:152 - INFO - 详情页爬取成功：https://movie.douban.com/subject/1307811/
2026-05-14 00:38:47 - douban_crawler - proxy_pool.py:12 - INFO - 代理池为空，使用本地IP
2026-05-14 00:38:47 - douban_crawler - image_downloader.py:78 - INFO - 下载图片（第1次）：https://img1.doubanio.com/view/photo/s_ratio_poster/public/p1910895719.jpg -> 冰川时代_ 冰河世纪  _  冰原历险记
2026-05-14 00:38:48 - douban_crawler - image_downloader.py:98 - INFO - 图片下载成功：冰川时代_ 冰河世纪  _  冰原历险记
2026-05-14 00:39:05 - douban_crawler - selenium_crawler.py:92 - WARNING - 提取基础信息失败：Message: 
Stacktrace:
	msedgedriver!GetHandleVerif
2026-05-14 00:39:15 - douban_crawler - selenium_crawler.py:138 - WARNING - 提取短评失败：Message: 

2026-05-14 00:39:15 - douban_crawler - selenium_crawler.py:152 - INFO - 详情页爬取成功：https://movie.douban.com/subject/1291578/
2026-05-14 00:39:15 - douban_crawler - proxy_pool.py:12 - INFO - 代理池为空，使用本地IP
2026-05-14 00:39:15 - douban_crawler - image_downloader.py:78 - INFO - 下载图片（第1次）：https://img1.doubanio.com/view/photo/s_ratio_poster/public/p2575337180.jpg -> 芙蓉镇_ Hibiscus Town
2026-05-14 00:39:15 - douban_crawler - image_downloader.py:98 - INFO - 图片下载成功：芙蓉镇_ Hibiscus Town
2026-05-14 00:39:31 - douban_crawler - selenium_crawler.py:92 - WARNING - 提取基础信息失败：Message: 
Stacktrace:
	msedgedriver!GetHandleVerif
2026-05-14 00:39:41 - douban_crawler - selenium_crawler.py:138 - WARNING - 提取短评失败：Message: 

2026-05-14 00:39:41 - douban_crawler - selenium_crawler.py:152 - INFO - 详情页爬取成功：https://movie.douban.com/subject/1297880/
2026-05-14 00:39:41 - douban_crawler - proxy_pool.py:12 - INFO - 代理池为空，使用本地IP
2026-05-14 00:39:41 - douban_crawler - image_downloader.py:78 - INFO - 下载图片（第1次）：https://img9.doubanio.com/view/photo/s_ratio_poster/public/p2603716224.jpg -> 忠犬八公物语_ 八千公物语  _  阿八的故事
2026-05-14 00:39:41 - douban_crawler - image_downloader.py:98 - INFO - 图片下载成功：忠犬八公物语_ 八千公物语  _  阿八的故事
2026-05-14 00:39:56 - douban_crawler - selenium_crawler.py:92 - WARNING - 提取基础信息失败：Message: 
Stacktrace:
	msedgedriver!GetHandleVerif
2026-05-14 00:40:06 - douban_crawler - selenium_crawler.py:138 - WARNING - 提取短评失败：Message: 

2026-05-14 00:40:06 - douban_crawler - selenium_crawler.py:152 - INFO - 详情页爬取成功：https://movie.douban.com/subject/1959195/
2026-05-14 00:40:06 - douban_crawler - proxy_pool.py:12 - INFO - 代理池为空，使用本地IP
2026-05-14 00:40:06 - douban_crawler - image_downloader.py:78 - INFO - 下载图片（第1次）：https://img2.doubanio.com/view/photo/s_ratio_poster/public/p456666151.jpg -> 岁月神偷_ 1969太空漫游  _  Echoes Of The Rainbow
2026-05-14 00:40:07 - douban_crawler - image_downloader.py:98 - INFO - 图片下载成功：岁月神偷_ 1969太空漫游  _  Echoes Of The Rainbow
2026-05-14 00:40:22 - douban_crawler - selenium_crawler.py:92 - WARNING - 提取基础信息失败：Message: 
Stacktrace:
	msedgedriver!GetHandleVerif
2026-05-14 00:40:32 - douban_crawler - selenium_crawler.py:138 - WARNING - 提取短评失败：Message: 

2026-05-14 00:40:32 - douban_crawler - selenium_crawler.py:152 - INFO - 详情页爬取成功：https://movie.douban.com/subject/3792799/
2026-05-14 00:40:32 - douban_crawler - requests_crawler.py:136 - INFO - 成功爬取：https://movie.douban.com/top250?start=175&filter= | 本页25条
2026-05-14 00:40:32 - douban_crawler - base_crawler.py:17 - INFO - 休眠 4.29 秒
2026-05-14 00:40:37 - douban_crawler - requests_crawler.py:80 - INFO - 请求成功：https://movie.douban.com/top250?start=200&filter= (重试0次)
2026-05-14 00:40:37 - douban_crawler - proxy_pool.py:12 - INFO - 代理池为空，使用本地IP
2026-05-14 00:40:37 - douban_crawler - image_downloader.py:78 - INFO - 下载图片（第1次）：https://img3.doubanio.com/view/photo/s_ratio_poster/public/p2676812053.jpg -> 遗愿清单_ 玩转身前事(港)  _  一路玩到挂(台)
2026-05-14 00:40:37 - douban_crawler - image_downloader.py:98 - INFO - 图片下载成功：遗愿清单_ 玩转身前事(港)  _  一路玩到挂(台)
2026-05-14 00:40:52 - douban_crawler - selenium_crawler.py:92 - WARNING - 提取基础信息失败：Message: 
Stacktrace:
	msedgedriver!GetHandleVerif
2026-05-14 00:41:03 - douban_crawler - selenium_crawler.py:138 - WARNING - 提取短评失败：Message: 

2026-05-14 00:41:03 - douban_crawler - selenium_crawler.py:152 - INFO - 详情页爬取成功：https://movie.douban.com/subject/1867345/
2026-05-14 00:41:03 - douban_crawler - proxy_pool.py:12 - INFO - 代理池为空，使用本地IP
2026-05-14 00:41:03 - douban_crawler - image_downloader.py:78 - INFO - 下载图片（第1次）：https://img3.doubanio.com/view/photo/s_ratio_poster/public/p2919686972.jpg -> 荒蛮故事_ 蛮荒故事  _  生命中最抓狂的小事(台)
2026-05-14 00:41:03 - douban_crawler - image_downloader.py:98 - INFO - 图片下载成功：荒蛮故事_ 蛮荒故事  _  生命中最抓狂的小事(台)
2026-05-14 00:41:18 - douban_crawler - selenium_crawler.py:92 - WARNING - 提取基础信息失败：Message: 
Stacktrace:
	msedgedriver!GetHandleVerif
2026-05-14 00:41:28 - douban_crawler - selenium_crawler.py:138 - WARNING - 提取短评失败：Message: 

2026-05-14 00:41:28 - douban_crawler - selenium_crawler.py:152 - INFO - 详情页爬取成功：https://movie.douban.com/subject/24750126/
2026-05-14 00:41:28 - douban_crawler - proxy_pool.py:12 - INFO - 代理池为空，使用本地IP
2026-05-14 00:41:28 - douban_crawler - image_downloader.py:78 - INFO - 下载图片（第1次）：https://img3.doubanio.com/view/photo/s_ratio_poster/public/p2505928032.jpg -> 大佛普拉斯_ The Great Buddha+
2026-05-14 00:41:29 - douban_crawler - image_downloader.py:98 - INFO - 图片下载成功：大佛普拉斯_ The Great Buddha+
2026-05-14 00:41:44 - douban_crawler - selenium_crawler.py:92 - WARNING - 提取基础信息失败：Message: 
Stacktrace:
	msedgedriver!GetHandleVerif
2026-05-14 00:41:54 - douban_crawler - selenium_crawler.py:138 - WARNING - 提取短评失败：Message: 

2026-05-14 00:41:54 - douban_crawler - selenium_crawler.py:152 - INFO - 详情页爬取成功：https://movie.douban.com/subject/27059130/
2026-05-14 00:41:54 - douban_crawler - proxy_pool.py:12 - INFO - 代理池为空，使用本地IP
2026-05-14 00:41:54 - douban_crawler - image_downloader.py:78 - INFO - 下载图片（第1次）：https://img9.doubanio.com/view/photo/s_ratio_poster/public/p988260245.jpg -> 源代码_ 启动原始码(台)  _  危机解密(港)
2026-05-14 00:41:54 - douban_crawler - image_downloader.py:98 - INFO - 图片下载成功：源代码_ 启动原始码(台)  _  危机解密(港)
2026-05-14 00:42:10 - douban_crawler - selenium_crawler.py:92 - WARNING - 提取基础信息失败：Message: 
Stacktrace:
	msedgedriver!GetHandleVerif
2026-05-14 00:42:20 - douban_crawler - selenium_crawler.py:138 - WARNING - 提取短评失败：Message: 

2026-05-14 00:42:20 - douban_crawler - selenium_crawler.py:152 - INFO - 详情页爬取成功：https://movie.douban.com/subject/3075287/
2026-05-14 00:42:20 - douban_crawler - proxy_pool.py:12 - INFO - 代理池为空，使用本地IP
2026-05-14 00:42:20 - douban_crawler - image_downloader.py:78 - INFO - 下载图片（第1次）：https://img3.doubanio.com/view/photo/s_ratio_poster/public/p2868462052.jpg -> 花束般的恋爱_ 她和他的恋爱花期(港)  _  爱如花束 恋恋不忘
2026-05-14 00:42:20 - douban_crawler - image_downloader.py:98 - INFO - 图片下载成功：花束般的恋爱_ 她和他的恋爱花期(港)  _  爱如花束 恋恋不忘
2026-05-14 00:42:35 - douban_crawler - selenium_crawler.py:92 - WARNING - 提取基础信息失败：Message: 
Stacktrace:
	msedgedriver!GetHandleVerif
2026-05-14 00:42:46 - douban_crawler - selenium_crawler.py:138 - WARNING - 提取短评失败：Message: 

2026-05-14 00:42:46 - douban_crawler - selenium_crawler.py:152 - INFO - 详情页爬取成功：https://movie.douban.com/subject/34874432/
2026-05-14 00:42:46 - douban_crawler - proxy_pool.py:12 - INFO - 代理池为空，使用本地IP
2026-05-14 00:42:46 - douban_crawler - image_downloader.py:78 - INFO - 下载图片（第1次）：https://img3.doubanio.com/view/photo/s_ratio_poster/public/p2893896472.jpg -> 白日梦想家_ 发梦王大历险(港)  _  白日梦冒险王(台)
2026-05-14 00:42:46 - douban_crawler - image_downloader.py:98 - INFO - 图片下载成功：白日梦想家_ 发梦王大历险(港)  _  白日梦冒险王(台)
2026-05-14 00:43:03 - douban_crawler - selenium_crawler.py:92 - WARNING - 提取基础信息失败：Message: 
Stacktrace:
	msedgedriver!GetHandleVerif
2026-05-14 00:43:13 - douban_crawler - selenium_crawler.py:138 - WARNING - 提取短评失败：Message: 

2026-05-14 00:43:13 - douban_crawler - selenium_crawler.py:152 - INFO - 详情页爬取成功：https://movie.douban.com/subject/2133323/
2026-05-14 00:43:13 - douban_crawler - proxy_pool.py:12 - INFO - 代理池为空，使用本地IP
2026-05-14 00:43:13 - douban_crawler - image_downloader.py:78 - INFO - 下载图片（第1次）：https://img9.doubanio.com/view/photo/s_ratio_poster/public/p2929224846.jpg -> 爱乐之城_ 星声梦里人(港)  _  乐来越爱你(台)
2026-05-14 00:43:13 - douban_crawler - image_downloader.py:98 - INFO - 图片下载成功：爱乐之城_ 星声梦里人(港)  _  乐来越爱你(台)
2026-05-14 00:43:29 - douban_crawler - selenium_crawler.py:92 - WARNING - 提取基础信息失败：Message: 
Stacktrace:
	msedgedriver!GetHandleVerif
2026-05-14 00:43:39 - douban_crawler - selenium_crawler.py:138 - WARNING - 提取短评失败：Message: 

2026-05-14 00:43:39 - douban_crawler - selenium_crawler.py:152 - INFO - 详情页爬取成功：https://movie.douban.com/subject/25934014/
2026-05-14 00:43:39 - douban_crawler - proxy_pool.py:12 - INFO - 代理池为空，使用本地IP
2026-05-14 00:43:39 - douban_crawler - image_downloader.py:78 - INFO - 下载图片（第1次）：https://img3.doubanio.com/view/photo/s_ratio_poster/public/p2236181653.jpg -> 疯狂的麦克斯4：狂暴之路_ 末日先锋：战甲飞车(港)  _  疯狂麦斯：愤怒道(台)
2026-05-14 00:43:39 - douban_crawler - image_downloader.py:98 - INFO - 图片下载成功：疯狂的麦克斯4：狂暴之路_ 末日先锋：战甲飞车(港)  _  疯狂麦斯：愤怒道(台)
2026-05-14 00:43:55 - douban_crawler - selenium_crawler.py:92 - WARNING - 提取基础信息失败：Message: 
Stacktrace:
	msedgedriver!GetHandleVerif
2026-05-14 00:44:05 - douban_crawler - selenium_crawler.py:138 - WARNING - 提取短评失败：Message: 

2026-05-14 00:44:05 - douban_crawler - selenium_crawler.py:152 - INFO - 详情页爬取成功：https://movie.douban.com/subject/3592854/
2026-05-14 00:44:05 - douban_crawler - proxy_pool.py:12 - INFO - 代理池为空，使用本地IP
2026-05-14 00:44:05 - douban_crawler - image_downloader.py:78 - INFO - 下载图片（第1次）：https://img9.doubanio.com/view/photo/s_ratio_poster/public/p2363208684.jpg -> 可可西里_ Kekexili_ Mountain Patrol
2026-05-14 00:44:06 - douban_crawler - image_downloader.py:98 - INFO - 图片下载成功：可可西里_ Kekexili_ Mountain Patrol
2026-05-14 00:44:23 - douban_crawler - selenium_crawler.py:92 - WARNING - 提取基础信息失败：Message: 
Stacktrace:
	msedgedriver!GetHandleVerif
2026-05-14 00:44:33 - douban_crawler - selenium_crawler.py:138 - WARNING - 提取短评失败：Message: 

2026-05-14 00:44:33 - douban_crawler - selenium_crawler.py:152 - INFO - 详情页爬取成功：https://movie.douban.com/subject/1308857/
2026-05-14 00:44:33 - douban_crawler - proxy_pool.py:12 - INFO - 代理池为空，使用本地IP
2026-05-14 00:44:33 - douban_crawler - image_downloader.py:78 - INFO - 下载图片（第1次）：https://img3.doubanio.com/view/photo/s_ratio_poster/public/p709670262.jpg -> 你看起来好像很好吃_ 你看起来很好吃(台)  _  你看上去好像很好吃
2026-05-14 00:44:34 - douban_crawler - image_downloader.py:98 - INFO - 图片下载成功：你看起来好像很好吃_ 你看起来很好吃(台)  _  你看上去好像很好吃
2026-05-14 00:44:49 - douban_crawler - selenium_crawler.py:92 - WARNING - 提取基础信息失败：Message: 
Stacktrace:
	msedgedriver!GetHandleVerif
2026-05-14 00:44:59 - douban_crawler - selenium_crawler.py:138 - WARNING - 提取短评失败：Message: 

2026-05-14 00:44:59 - douban_crawler - selenium_crawler.py:152 - INFO - 详情页爬取成功：https://movie.douban.com/subject/4848115/
2026-05-14 00:44:59 - douban_crawler - proxy_pool.py:12 - INFO - 代理池为空，使用本地IP
2026-05-14 00:44:59 - douban_crawler - image_downloader.py:78 - INFO - 下载图片（第1次）：https://img1.doubanio.com/view/photo/s_ratio_poster/public/p2434249040.jpg -> 贫民窟的百万富翁_ 一百万零一夜(港)  _  贫民百万富翁(台)
2026-05-14 00:44:59 - douban_crawler - image_downloader.py:98 - INFO - 图片下载成功：贫民窟的百万富翁_ 一百万零一夜(港)  _  贫民百万富翁(台)
2026-05-14 00:45:17 - douban_crawler - selenium_crawler.py:92 - WARNING - 提取基础信息失败：Message: 
Stacktrace:
	msedgedriver!GetHandleVerif
2026-05-14 00:45:27 - douban_crawler - selenium_crawler.py:138 - WARNING - 提取短评失败：Message: 

2026-05-14 00:45:27 - douban_crawler - selenium_crawler.py:152 - INFO - 详情页爬取成功：https://movie.douban.com/subject/2209573/
2026-05-14 00:45:27 - douban_crawler - proxy_pool.py:12 - INFO - 代理池为空，使用本地IP
2026-05-14 00:45:27 - douban_crawler - image_downloader.py:78 - INFO - 下载图片（第1次）：https://img3.doubanio.com/view/photo/s_ratio_poster/public/p2549558913.jpg -> 波西米亚狂想曲_ 波希米亚狂想曲：摇滚传说(港)  _  波希米亚狂想曲(台)
2026-05-14 00:45:27 - douban_crawler - image_downloader.py:98 - INFO - 图片下载成功：波西米亚狂想曲_ 波希米亚狂想曲：摇滚传说(港)  _  波希米亚狂想曲(台)
2026-05-14 00:45:44 - douban_crawler - selenium_crawler.py:92 - WARNING - 提取基础信息失败：Message: 
Stacktrace:
	msedgedriver!GetHandleVerif
2026-05-14 00:45:54 - douban_crawler - selenium_crawler.py:138 - WARNING - 提取短评失败：Message: 

2026-05-14 00:45:54 - douban_crawler - selenium_crawler.py:152 - INFO - 详情页爬取成功：https://movie.douban.com/subject/5300054/
2026-05-14 00:45:54 - douban_crawler - proxy_pool.py:12 - INFO - 代理池为空，使用本地IP
2026-05-14 00:45:54 - douban_crawler - image_downloader.py:78 - INFO - 下载图片（第1次）：https://img1.doubanio.com/view/photo/s_ratio_poster/public/p2170238828.jpg -> 城市之光_ City Lights_ A Comedy Romance in Pantomime  
2026-05-14 00:45:55 - douban_crawler - image_downloader.py:98 - INFO - 图片下载成功：城市之光_ City Lights_ A Comedy Romance in Pantomime  
2026-05-14 00:46:10 - douban_crawler - selenium_crawler.py:92 - WARNING - 提取基础信息失败：Message: 
Stacktrace:
	msedgedriver!GetHandleVerif
2026-05-14 00:46:20 - douban_crawler - selenium_crawler.py:138 - WARNING - 提取短评失败：Message: 

2026-05-14 00:46:20 - douban_crawler - selenium_crawler.py:152 - INFO - 详情页爬取成功：https://movie.douban.com/subject/1293908/
2026-05-14 00:46:20 - douban_crawler - proxy_pool.py:12 - INFO - 代理池为空，使用本地IP
2026-05-14 00:46:20 - douban_crawler - image_downloader.py:78 - INFO - 下载图片（第1次）：https://img1.doubanio.com/view/photo/s_ratio_poster/public/p2915975989.jpg -> 爆裂鼓手_ 鼓动真我(港)  _  进击的鼓手(台)
2026-05-14 00:46:20 - douban_crawler - image_downloader.py:98 - INFO - 图片下载成功：爆裂鼓手_ 鼓动真我(港)  _  进击的鼓手(台)
2026-05-14 00:46:36 - douban_crawler - selenium_crawler.py:92 - WARNING - 提取基础信息失败：Message: 
Stacktrace:
	msedgedriver!GetHandleVerif
2026-05-14 00:46:46 - douban_crawler - selenium_crawler.py:138 - WARNING - 提取短评失败：Message: 

2026-05-14 00:46:46 - douban_crawler - selenium_crawler.py:152 - INFO - 详情页爬取成功：https://movie.douban.com/subject/25773932/
2026-05-14 00:46:46 - douban_crawler - proxy_pool.py:12 - INFO - 代理池为空，使用本地IP
2026-05-14 00:46:46 - douban_crawler - image_downloader.py:78 - INFO - 下载图片（第1次）：https://img1.doubanio.com/view/photo/s_ratio_poster/public/p2923862788.jpg -> 青蛇_ Green Snake
2026-05-14 00:46:46 - douban_crawler - image_downloader.py:98 - INFO - 图片下载成功：青蛇_ Green Snake
2026-05-14 00:47:01 - douban_crawler - selenium_crawler.py:92 - WARNING - 提取基础信息失败：Message: 
Stacktrace:
	msedgedriver!GetHandleVerif
2026-05-14 00:47:11 - douban_crawler - selenium_crawler.py:138 - WARNING - 提取短评失败：Message: 

2026-05-14 00:47:11 - douban_crawler - selenium_crawler.py:152 - INFO - 详情页爬取成功：https://movie.douban.com/subject/1303394/
2026-05-14 00:47:11 - douban_crawler - proxy_pool.py:12 - INFO - 代理池为空，使用本地IP
2026-05-14 00:47:11 - douban_crawler - image_downloader.py:78 - INFO - 下载图片（第1次）：https://img9.doubanio.com/view/photo/s_ratio_poster/public/p2913456984.jpg -> 哈利·波特与死亡圣器(上)_ 哈利波特7：死神的圣物1(港 _ 台)
2026-05-14 00:47:12 - douban_crawler - image_downloader.py:98 - INFO - 图片下载成功：哈利·波特与死亡圣器(上)_ 哈利波特7：死神的圣物1(港 _ 台)
2026-05-14 00:47:28 - douban_crawler - selenium_crawler.py:92 - WARNING - 提取基础信息失败：Message: 
Stacktrace:
	msedgedriver!GetHandleVerif
2026-05-14 00:47:39 - douban_crawler - selenium_crawler.py:138 - WARNING - 提取短评失败：Message: 

2026-05-14 00:47:39 - douban_crawler - selenium_crawler.py:152 - INFO - 详情页爬取成功：https://movie.douban.com/subject/2051007/
2026-05-14 00:47:39 - douban_crawler - proxy_pool.py:12 - INFO - 代理池为空，使用本地IP
2026-05-14 00:47:39 - douban_crawler - image_downloader.py:78 - INFO - 下载图片（第1次）：https://img1.doubanio.com/view/photo/s_ratio_poster/public/p2575043939.jpg -> 无耻混蛋_ 希魔撞正杀人狂(港)  _  恶棍特工(台)
2026-05-14 00:47:39 - douban_crawler - image_downloader.py:98 - INFO - 图片下载成功：无耻混蛋_ 希魔撞正杀人狂(港)  _  恶棍特工(台)
2026-05-14 00:47:54 - douban_crawler - selenium_crawler.py:92 - WARNING - 提取基础信息失败：Message: 
Stacktrace:
	msedgedriver!GetHandleVerif
2026-05-14 00:48:04 - douban_crawler - selenium_crawler.py:138 - WARNING - 提取短评失败：Message: 

2026-05-14 00:48:04 - douban_crawler - selenium_crawler.py:152 - INFO - 详情页爬取成功：https://movie.douban.com/subject/1438652/
2026-05-14 00:48:04 - douban_crawler - proxy_pool.py:12 - INFO - 代理池为空，使用本地IP
2026-05-14 00:48:04 - douban_crawler - image_downloader.py:78 - INFO - 下载图片（第1次）：https://img3.doubanio.com/view/photo/s_ratio_poster/public/p1982176012.jpg -> 东邪西毒_ Ashes of Time
2026-05-14 00:48:05 - douban_crawler - image_downloader.py:98 - INFO - 图片下载成功：东邪西毒_ Ashes of Time
2026-05-14 00:48:20 - douban_crawler - selenium_crawler.py:92 - WARNING - 提取基础信息失败：Message: 
Stacktrace:
	msedgedriver!GetHandleVerif
2026-05-14 00:48:30 - douban_crawler - selenium_crawler.py:138 - WARNING - 提取短评失败：Message: 

2026-05-14 00:48:30 - douban_crawler - selenium_crawler.py:152 - INFO - 详情页爬取成功：https://movie.douban.com/subject/1292328/
2026-05-14 00:48:30 - douban_crawler - proxy_pool.py:12 - INFO - 代理池为空，使用本地IP
2026-05-14 00:48:30 - douban_crawler - image_downloader.py:78 - INFO - 下载图片（第1次）：https://img3.doubanio.com/view/photo/s_ratio_poster/public/p1254404823.jpg -> 大红灯笼高高挂_ Raise The Red Lantern  _  Épouses et conc
2026-05-14 00:48:30 - douban_crawler - image_downloader.py:98 - INFO - 图片下载成功：大红灯笼高高挂_ Raise The Red Lantern  _  Épouses et conc
2026-05-14 00:48:43 - douban_crawler - selenium_crawler.py:134 - WARNING - 提取第6条评论失败：Message: no such element: Unab
2026-05-14 00:48:43 - douban_crawler - selenium_crawler.py:152 - INFO - 详情页爬取成功：https://movie.douban.com/subject/1293323/
2026-05-14 00:48:43 - douban_crawler - proxy_pool.py:12 - INFO - 代理池为空，使用本地IP
2026-05-14 00:48:43 - douban_crawler - image_downloader.py:78 - INFO - 下载图片（第1次）：https://img9.doubanio.com/view/photo/s_ratio_poster/public/p1910909085.jpg -> 终结者2：审判日_ 未来战士2(港)  _  魔鬼终结者2(台)
2026-05-14 00:48:43 - douban_crawler - image_downloader.py:98 - INFO - 图片下载成功：终结者2：审判日_ 未来战士2(港)  _  魔鬼终结者2(台)
2026-05-14 00:49:02 - douban_crawler - selenium_crawler.py:134 - WARNING - 提取第6条评论失败：Message: no such element: Unab
2026-05-14 00:49:02 - douban_crawler - selenium_crawler.py:152 - INFO - 详情页爬取成功：https://movie.douban.com/subject/1291844/
2026-05-14 00:49:02 - douban_crawler - proxy_pool.py:12 - INFO - 代理池为空，使用本地IP
2026-05-14 00:49:02 - douban_crawler - image_downloader.py:78 - INFO - 下载图片（第1次）：https://img9.doubanio.com/view/photo/s_ratio_poster/public/p2549648344.jpg -> 黑天鹅_ 夺命黑天鹅  _  霸王别鹅(豆友译名)
2026-05-14 00:49:02 - douban_crawler - image_downloader.py:98 - INFO - 图片下载成功：黑天鹅_ 夺命黑天鹅  _  霸王别鹅(豆友译名)
2026-05-14 00:49:07 - douban_crawler - selenium_crawler.py:134 - WARNING - 提取第6条评论失败：Message: no such element: Unab
2026-05-14 00:49:07 - douban_crawler - selenium_crawler.py:152 - INFO - 详情页爬取成功：https://movie.douban.com/subject/1978709/
2026-05-14 00:49:07 - douban_crawler - proxy_pool.py:12 - INFO - 代理池为空，使用本地IP
2026-05-14 00:49:07 - douban_crawler - image_downloader.py:78 - INFO - 下载图片（第1次）：https://img1.doubanio.com/view/photo/s_ratio_poster/public/p1421018669.jpg -> 新龙门客栈_ New Dragon Gate Inn
2026-05-14 00:49:07 - douban_crawler - image_downloader.py:98 - INFO - 图片下载成功：新龙门客栈_ New Dragon Gate Inn
2026-05-14 00:49:12 - douban_crawler - selenium_crawler.py:134 - WARNING - 提取第6条评论失败：Message: no such element: Unab
2026-05-14 00:49:12 - douban_crawler - selenium_crawler.py:152 - INFO - 详情页爬取成功：https://movie.douban.com/subject/1292287/
2026-05-14 00:49:12 - douban_crawler - proxy_pool.py:12 - INFO - 代理池为空，使用本地IP
2026-05-14 00:49:12 - douban_crawler - image_downloader.py:78 - INFO - 下载图片（第1次）：https://img3.doubanio.com/view/photo/s_ratio_poster/public/p1505312273.jpg -> 初恋这件小事_ 初恋那件小事(港)  _  暗恋那点小事
2026-05-14 00:49:12 - douban_crawler - image_downloader.py:98 - INFO - 图片下载成功：初恋这件小事_ 初恋那件小事(港)  _  暗恋那点小事
2026-05-14 00:49:17 - douban_crawler - selenium_crawler.py:134 - WARNING - 提取第6条评论失败：Message: no such element: Unab
2026-05-14 00:49:17 - douban_crawler - selenium_crawler.py:152 - INFO - 详情页爬取成功：https://movie.douban.com/subject/4739952/
2026-05-14 00:49:17 - douban_crawler - proxy_pool.py:12 - INFO - 代理池为空，使用本地IP
2026-05-14 00:49:17 - douban_crawler - image_downloader.py:78 - INFO - 下载图片（第1次）：https://img3.doubanio.com/view/photo/s_ratio_poster/public/p792423963.jpg -> 千钧一发_ 变种异煞(港)  _  自然人
2026-05-14 00:49:17 - douban_crawler - image_downloader.py:98 - INFO - 图片下载成功：千钧一发_ 变种异煞(港)  _  自然人
2026-05-14 00:49:21 - douban_crawler - selenium_crawler.py:134 - WARNING - 提取第6条评论失败：Message: no such element: Unab
2026-05-14 00:49:21 - douban_crawler - selenium_crawler.py:152 - INFO - 详情页爬取成功：https://movie.douban.com/subject/1300117/
2026-05-14 00:49:21 - douban_crawler - proxy_pool.py:12 - INFO - 代理池为空，使用本地IP
2026-05-14 00:49:21 - douban_crawler - image_downloader.py:78 - INFO - 下载图片（第1次）：https://img3.doubanio.com/view/photo/s_ratio_poster/public/p792257137.jpg -> 人工智能_ AI人工智慧
2026-05-14 00:49:22 - douban_crawler - image_downloader.py:98 - INFO - 图片下载成功：人工智能_ AI人工智慧
2026-05-14 00:49:27 - douban_crawler - selenium_crawler.py:134 - WARNING - 提取第6条评论失败：Message: no such element: Unab
2026-05-14 00:49:27 - douban_crawler - selenium_crawler.py:152 - INFO - 详情页爬取成功：https://movie.douban.com/subject/1302827/
2026-05-14 00:49:27 - douban_crawler - requests_crawler.py:136 - INFO - 成功爬取：https://movie.douban.com/top250?start=200&filter= | 本页25条
2026-05-14 00:49:27 - douban_crawler - base_crawler.py:17 - INFO - 休眠 4.89 秒
2026-05-14 00:49:32 - douban_crawler - requests_crawler.py:80 - INFO - 请求成功：https://movie.douban.com/top250?start=225&filter= (重试0次)
2026-05-14 00:49:33 - douban_crawler - proxy_pool.py:12 - INFO - 代理池为空，使用本地IP
2026-05-14 00:49:33 - douban_crawler - image_downloader.py:78 - INFO - 下载图片（第1次）：https://img1.doubanio.com/view/photo/s_ratio_poster/public/p2627847859.jpg -> 崖上的波妞_ 悬崖上的金鱼姬  _  悬崖上的金鱼公主
2026-05-14 00:49:33 - douban_crawler - image_downloader.py:98 - INFO - 图片下载成功：崖上的波妞_ 悬崖上的金鱼姬  _  悬崖上的金鱼公主
2026-05-14 00:49:38 - douban_crawler - selenium_crawler.py:134 - WARNING - 提取第6条评论失败：Message: no such element: Unab
2026-05-14 00:49:38 - douban_crawler - selenium_crawler.py:152 - INFO - 详情页爬取成功：https://movie.douban.com/subject/1959877/
2026-05-14 00:49:38 - douban_crawler - proxy_pool.py:12 - INFO - 代理池为空，使用本地IP
2026-05-14 00:49:38 - douban_crawler - image_downloader.py:78 - INFO - 下载图片（第1次）：https://img3.doubanio.com/view/photo/s_ratio_poster/public/p2353324612.jpg -> 雨人_ 手足情未了(港)  _  手足情深
2026-05-14 00:49:38 - douban_crawler - image_downloader.py:98 - INFO - 图片下载成功：雨人_ 手足情未了(港)  _  手足情深
2026-05-14 00:49:42 - douban_crawler - selenium_crawler.py:134 - WARNING - 提取第6条评论失败：Message: no such element: Unab
2026-05-14 00:49:42 - douban_crawler - selenium_crawler.py:152 - INFO - 详情页爬取成功：https://movie.douban.com/subject/1291870/
2026-05-14 00:49:42 - douban_crawler - proxy_pool.py:12 - INFO - 代理池为空，使用本地IP
2026-05-14 00:49:42 - douban_crawler - image_downloader.py:78 - INFO - 下载图片（第1次）：https://img3.doubanio.com/view/photo/s_ratio_poster/public/p2399597512.jpg -> 虎口脱险_ 横冲直撞出重围(港)  _  大進擊(台)
2026-05-14 00:49:42 - douban_crawler - image_downloader.py:98 - INFO - 图片下载成功：虎口脱险_ 横冲直撞出重围(港)  _  大進擊(台)
2026-05-14 00:49:47 - douban_crawler - selenium_crawler.py:134 - WARNING - 提取第6条评论失败：Message: no such element: Unab
2026-05-14 00:49:47 - douban_crawler - selenium_crawler.py:152 - INFO - 详情页爬取成功：https://movie.douban.com/subject/1296909/
2026-05-14 00:49:47 - douban_crawler - proxy_pool.py:12 - INFO - 代理池为空，使用本地IP
2026-05-14 00:49:47 - douban_crawler - image_downloader.py:78 - INFO - 下载图片（第1次）：https://img9.doubanio.com/view/photo/s_ratio_poster/public/p2913456924.jpg -> 哈利·波特与凤凰社_ 哈利波特5：凤凰会的密令(港 _ 台)
2026-05-14 00:49:47 - douban_crawler - image_downloader.py:98 - INFO - 图片下载成功：哈利·波特与凤凰社_ 哈利波特5：凤凰会的密令(港 _ 台)
2026-05-14 00:49:52 - douban_crawler - selenium_crawler.py:134 - WARNING - 提取第6条评论失败：Message: no such element: Unab
2026-05-14 00:49:52 - douban_crawler - selenium_crawler.py:152 - INFO - 详情页爬取成功：https://movie.douban.com/subject/1457217/
2026-05-14 00:49:52 - douban_crawler - proxy_pool.py:12 - INFO - 代理池为空，使用本地IP
2026-05-14 00:49:52 - douban_crawler - image_downloader.py:78 - INFO - 下载图片（第1次）：https://img9.doubanio.com/view/photo/s_ratio_poster/public/p2187896734.jpg -> 彗星来的那一夜_ 相干性  _  相干效应
2026-05-14 00:49:52 - douban_crawler - image_downloader.py:98 - INFO - 图片下载成功：彗星来的那一夜_ 相干性  _  相干效应
2026-05-14 00:49:57 - douban_crawler - selenium_crawler.py:134 - WARNING - 提取第6条评论失败：Message: no such element: Unab
2026-05-14 00:49:57 - douban_crawler - selenium_crawler.py:152 - INFO - 详情页爬取成功：https://movie.douban.com/subject/25807345/
2026-05-14 00:49:57 - douban_crawler - proxy_pool.py:12 - INFO - 代理池为空，使用本地IP
2026-05-14 00:49:57 - douban_crawler - image_downloader.py:78 - INFO - 下载图片（第1次）：https://img2.doubanio.com/view/photo/s_ratio_poster/public/p1598883511.jpg -> 罗生门_ Rashomon
2026-05-14 00:49:58 - douban_crawler - image_downloader.py:98 - INFO - 图片下载成功：罗生门_ Rashomon
2026-05-14 00:50:02 - douban_crawler - selenium_crawler.py:134 - WARNING - 提取第6条评论失败：Message: no such element: Unab
2026-05-14 00:50:02 - douban_crawler - selenium_crawler.py:152 - INFO - 详情页爬取成功：https://movie.douban.com/subject/1291879/
2026-05-14 00:50:02 - douban_crawler - proxy_pool.py:12 - INFO - 代理池为空，使用本地IP
2026-05-14 00:50:02 - douban_crawler - image_downloader.py:78 - INFO - 下载图片（第1次）：https://img9.doubanio.com/view/photo/s_ratio_poster/public/p2421855655.jpg -> 海边的曼彻斯特_ 情系海边之城(港)
2026-05-14 00:50:02 - douban_crawler - image_downloader.py:98 - INFO - 图片下载成功：海边的曼彻斯特_ 情系海边之城(港)
2026-05-14 00:50:07 - douban_crawler - selenium_crawler.py:134 - WARNING - 提取第6条评论失败：Message: no such element: Unab
2026-05-14 00:50:07 - douban_crawler - selenium_crawler.py:152 - INFO - 详情页爬取成功：https://movie.douban.com/subject/25980443/
2026-05-14 00:50:07 - douban_crawler - proxy_pool.py:12 - INFO - 代理池为空，使用本地IP
2026-05-14 00:50:07 - douban_crawler - image_downloader.py:78 - INFO - 下载图片（第1次）：https://img9.doubanio.com/view/photo/s_ratio_poster/public/p483604864.jpg -> 恋恋笔记本_ 忘了·忘不了(港)  _  手札情缘(台)
2026-05-14 00:50:07 - douban_crawler - image_downloader.py:98 - INFO - 图片下载成功：恋恋笔记本_ 忘了·忘不了(港)  _  手札情缘(台)
2026-05-14 00:50:12 - douban_crawler - selenium_crawler.py:134 - WARNING - 提取第6条评论失败：Message: no such element: Unab
2026-05-14 00:50:12 - douban_crawler - selenium_crawler.py:152 - INFO - 详情页爬取成功：https://movie.douban.com/subject/1309163/
2026-05-14 00:50:12 - douban_crawler - proxy_pool.py:12 - INFO - 代理池为空，使用本地IP
2026-05-14 00:50:12 - douban_crawler - image_downloader.py:78 - INFO - 下载图片（第1次）：https://img3.doubanio.com/view/photo/s_ratio_poster/public/p2264592493.jpg -> 火星救援_ 火星任务(港)  _  绝地救援(台)
2026-05-14 00:50:13 - douban_crawler - image_downloader.py:98 - INFO - 图片下载成功：火星救援_ 火星任务(港)  _  绝地救援(台)
2026-05-14 00:50:18 - douban_crawler - selenium_crawler.py:134 - WARNING - 提取第6条评论失败：Message: no such element: Unab
2026-05-14 00:50:18 - douban_crawler - selenium_crawler.py:152 - INFO - 详情页爬取成功：https://movie.douban.com/subject/25864085/
2026-05-14 00:50:18 - douban_crawler - proxy_pool.py:12 - INFO - 代理池为空，使用本地IP
2026-05-14 00:50:18 - douban_crawler - image_downloader.py:78 - INFO - 下载图片（第1次）：https://img1.doubanio.com/view/photo/s_ratio_poster/public/p475600770.jpg -> 真爱至上_ 真的恋爱了(港)  _  爱是您，爱是我(台)
2026-05-14 00:50:18 - douban_crawler - image_downloader.py:98 - INFO - 图片下载成功：真爱至上_ 真的恋爱了(港)  _  爱是您，爱是我(台)
2026-05-14 00:50:23 - douban_crawler - selenium_crawler.py:134 - WARNING - 提取第6条评论失败：Message: no such element: Unab
2026-05-14 00:50:23 - douban_crawler - selenium_crawler.py:152 - INFO - 详情页爬取成功：https://movie.douban.com/subject/1292401/
2026-05-14 00:50:23 - douban_crawler - proxy_pool.py:12 - INFO - 代理池为空，使用本地IP
2026-05-14 00:50:23 - douban_crawler - image_downloader.py:78 - INFO - 下载图片（第1次）：https://img1.doubanio.com/view/photo/s_ratio_poster/public/p443461390.jpg -> 黑客帝国2：重装上阵_ 22世纪杀人网络2：决战未来(港)  _  骇客任务：重装上阵(台)
2026-05-14 00:50:23 - douban_crawler - image_downloader.py:98 - INFO - 图片下载成功：黑客帝国2：重装上阵_ 22世纪杀人网络2：决战未来(港)  _  骇客任务：重装上阵(台)
2026-05-14 00:50:28 - douban_crawler - selenium_crawler.py:134 - WARNING - 提取第6条评论失败：Message: no such element: Unab
2026-05-14 00:50:28 - douban_crawler - selenium_crawler.py:152 - INFO - 详情页爬取成功：https://movie.douban.com/subject/1304141/
2026-05-14 00:50:28 - douban_crawler - proxy_pool.py:12 - INFO - 代理池为空，使用本地IP
2026-05-14 00:50:28 - douban_crawler - image_downloader.py:78 - INFO - 下载图片（第1次）：https://img3.doubanio.com/view/photo/s_ratio_poster/public/p2151245053.jpg -> 冰雪奇缘_ 魔雪奇缘(港)  _  冰雪大冒险
2026-05-14 00:50:28 - douban_crawler - image_downloader.py:98 - INFO - 图片下载成功：冰雪奇缘_ 魔雪奇缘(港)  _  冰雪大冒险
2026-05-14 00:50:33 - douban_crawler - selenium_crawler.py:134 - WARNING - 提取第6条评论失败：Message: no such element: Unab
2026-05-14 00:50:33 - douban_crawler - selenium_crawler.py:152 - INFO - 详情页爬取成功：https://movie.douban.com/subject/4202982/
2026-05-14 00:50:33 - douban_crawler - proxy_pool.py:12 - INFO - 代理池为空，使用本地IP
2026-05-14 00:50:33 - douban_crawler - image_downloader.py:78 - INFO - 下载图片（第1次）：https://img1.doubanio.com/view/photo/s_ratio_poster/public/p2375245718.jpg -> 步履不停_ 横山家之味(港 _ 台)
2026-05-14 00:50:33 - douban_crawler - image_downloader.py:98 - INFO - 图片下载成功：步履不停_ 横山家之味(港 _ 台)
2026-05-14 00:50:38 - douban_crawler - selenium_crawler.py:134 - WARNING - 提取第6条评论失败：Message: no such element: Unab
2026-05-14 00:50:38 - douban_crawler - selenium_crawler.py:152 - INFO - 详情页爬取成功：https://movie.douban.com/subject/2222996/
2026-05-14 00:50:38 - douban_crawler - proxy_pool.py:12 - INFO - 代理池为空，使用本地IP
2026-05-14 00:50:38 - douban_crawler - image_downloader.py:78 - INFO - 下载图片（第1次）：https://img1.doubanio.com/view/photo/s_ratio_poster/public/p2507709428.jpg -> 奇迹男孩_ 奇迹
2026-05-14 00:50:38 - douban_crawler - image_downloader.py:98 - INFO - 图片下载成功：奇迹男孩_ 奇迹
2026-05-14 00:50:41 - douban_crawler - selenium_crawler.py:134 - WARNING - 提取第6条评论失败：Message: no such element: Unab
2026-05-14 00:50:41 - douban_crawler - selenium_crawler.py:152 - INFO - 详情页爬取成功：https://movie.douban.com/subject/26787574/
2026-05-14 00:50:41 - douban_crawler - proxy_pool.py:12 - INFO - 代理池为空，使用本地IP
2026-05-14 00:50:41 - douban_crawler - image_downloader.py:78 - INFO - 下载图片（第1次）：https://img9.doubanio.com/view/photo/s_ratio_poster/public/p2215102596.jpg -> 千年女优_ Millennium Actress
2026-05-14 00:50:41 - douban_crawler - image_downloader.py:98 - INFO - 图片下载成功：千年女优_ Millennium Actress
2026-05-14 00:50:46 - douban_crawler - selenium_crawler.py:134 - WARNING - 提取第6条评论失败：Message: no such element: Unab
2026-05-14 00:50:46 - douban_crawler - selenium_crawler.py:152 - INFO - 详情页爬取成功：https://movie.douban.com/subject/1307394/
2026-05-14 00:50:46 - douban_crawler - proxy_pool.py:12 - INFO - 代理池为空，使用本地IP
2026-05-14 00:50:46 - douban_crawler - image_downloader.py:78 - INFO - 下载图片（第1次）：https://img9.doubanio.com/view/photo/s_ratio_poster/public/p667644866.jpg -> 谍影重重2_ 叛谍追击2：机密圈套(港)  _  神鬼认证：神鬼疑云(台)
2026-05-14 00:50:47 - douban_crawler - image_downloader.py:98 - INFO - 图片下载成功：谍影重重2_ 叛谍追击2：机密圈套(港)  _  神鬼认证：神鬼疑云(台)
2026-05-14 00:50:51 - douban_crawler - selenium_crawler.py:134 - WARNING - 提取第6条评论失败：Message: no such element: Unab
2026-05-14 00:50:51 - douban_crawler - selenium_crawler.py:152 - INFO - 详情页爬取成功：https://movie.douban.com/subject/1308767/
2026-05-14 00:50:51 - douban_crawler - proxy_pool.py:12 - INFO - 代理池为空，使用本地IP
2026-05-14 00:50:51 - douban_crawler - image_downloader.py:78 - INFO - 下载图片（第1次）：https://img2.doubanio.com/view/photo/s_ratio_poster/public/p792282381.jpg -> 战争之王_ 军火之王(台 _ 港)
2026-05-14 00:50:51 - douban_crawler - image_downloader.py:98 - INFO - 图片下载成功：战争之王_ 军火之王(台 _ 港)
2026-05-14 00:50:56 - douban_crawler - selenium_crawler.py:134 - WARNING - 提取第6条评论失败：Message: no such element: Unab
2026-05-14 00:50:56 - douban_crawler - selenium_crawler.py:152 - INFO - 详情页爬取成功：https://movie.douban.com/subject/1419936/
2026-05-14 00:50:56 - douban_crawler - proxy_pool.py:12 - INFO - 代理池为空，使用本地IP
2026-05-14 00:50:56 - douban_crawler - image_downloader.py:78 - INFO - 下载图片（第1次）：https://img1.doubanio.com/view/photo/s_ratio_poster/public/p2535851348.jpg -> 蜘蛛侠：平行宇宙_ 蜘蛛侠：新纪元  _  蜘蛛人：新宇宙(台)
2026-05-14 00:50:56 - douban_crawler - image_downloader.py:98 - INFO - 图片下载成功：蜘蛛侠：平行宇宙_ 蜘蛛侠：新纪元  _  蜘蛛人：新宇宙(台)
2026-05-14 00:51:01 - douban_crawler - selenium_crawler.py:134 - WARNING - 提取第6条评论失败：Message: no such element: Unab
2026-05-14 00:51:01 - douban_crawler - selenium_crawler.py:152 - INFO - 详情页爬取成功：https://movie.douban.com/subject/26374197/
2026-05-14 00:51:01 - douban_crawler - proxy_pool.py:12 - INFO - 代理池为空，使用本地IP
2026-05-14 00:51:01 - douban_crawler - image_downloader.py:78 - INFO - 下载图片（第1次）：https://img3.doubanio.com/view/photo/s_ratio_poster/public/p2921045013.jpg -> 攻壳机动队_ Ghost in the Shell
2026-05-14 00:51:01 - douban_crawler - image_downloader.py:98 - INFO - 图片下载成功：攻壳机动队_ Ghost in the Shell
2026-05-14 00:51:06 - douban_crawler - selenium_crawler.py:134 - WARNING - 提取第6条评论失败：Message: no such element: Unab
2026-05-14 00:51:06 - douban_crawler - selenium_crawler.py:152 - INFO - 详情页爬取成功：https://movie.douban.com/subject/1291936/
2026-05-14 00:51:06 - douban_crawler - proxy_pool.py:12 - INFO - 代理池为空，使用本地IP
2026-05-14 00:51:06 - douban_crawler - image_downloader.py:78 - INFO - 下载图片（第1次）：https://img3.doubanio.com/view/photo/s_ratio_poster/public/p1244017073.jpg -> 血钻_ 血钻石(台)  _  血腥钻石
2026-05-14 00:51:07 - douban_crawler - image_downloader.py:98 - INFO - 图片下载成功：血钻_ 血钻石(台)  _  血腥钻石
2026-05-14 00:51:12 - douban_crawler - selenium_crawler.py:134 - WARNING - 提取第6条评论失败：Message: no such element: Unab
2026-05-14 00:51:12 - douban_crawler - selenium_crawler.py:152 - INFO - 详情页爬取成功：https://movie.douban.com/subject/1428175/
2026-05-14 00:51:12 - douban_crawler - proxy_pool.py:12 - INFO - 代理池为空，使用本地IP
2026-05-14 00:51:12 - douban_crawler - image_downloader.py:78 - INFO - 下载图片（第1次）：https://img9.doubanio.com/view/photo/s_ratio_poster/public/p2355555424.jpg -> 小姐_ 下女诱罪(港)  _  下女的诱惑(台)
2026-05-14 00:51:12 - douban_crawler - image_downloader.py:98 - INFO - 图片下载成功：小姐_ 下女诱罪(港)  _  下女的诱惑(台)
2026-05-14 00:51:16 - douban_crawler - selenium_crawler.py:134 - WARNING - 提取第6条评论失败：Message: no such element: Unab
2026-05-14 00:51:16 - douban_crawler - selenium_crawler.py:152 - INFO - 详情页爬取成功：https://movie.douban.com/subject/25977027/
2026-05-14 00:51:16 - douban_crawler - proxy_pool.py:12 - INFO - 代理池为空，使用本地IP
2026-05-14 00:51:16 - douban_crawler - image_downloader.py:78 - INFO - 下载图片（第1次）：https://img1.doubanio.com/view/photo/s_ratio_poster/public/p2374067318.jpg -> 隐藏人物_ NASA无名英雌(港)  _  关键少数(台)
2026-05-14 00:51:17 - douban_crawler - image_downloader.py:98 - INFO - 图片下载成功：隐藏人物_ NASA无名英雌(港)  _  关键少数(台)
2026-05-14 00:51:22 - douban_crawler - selenium_crawler.py:134 - WARNING - 提取第6条评论失败：Message: no such element: Unab
2026-05-14 00:51:22 - douban_crawler - selenium_crawler.py:152 - INFO - 详情页爬取成功：https://movie.douban.com/subject/26615208/
2026-05-14 00:51:22 - douban_crawler - proxy_pool.py:12 - INFO - 代理池为空，使用本地IP
2026-05-14 00:51:22 - douban_crawler - image_downloader.py:78 - INFO - 下载图片（第1次）：https://img9.doubanio.com/view/photo/s_ratio_poster/public/p2505008756.jpg -> 血观音_ 修罗花  _  The Bold, the Corrupt, and the Beauti
2026-05-14 00:51:22 - douban_crawler - image_downloader.py:98 - INFO - 图片下载成功：血观音_ 修罗花  _  The Bold, the Corrupt, and the Beauti
2026-05-14 00:51:27 - douban_crawler - selenium_crawler.py:134 - WARNING - 提取第6条评论失败：Message: no such element: Unab
2026-05-14 00:51:27 - douban_crawler - selenium_crawler.py:152 - INFO - 详情页爬取成功：https://movie.douban.com/subject/27113517/
2026-05-14 00:51:27 - douban_crawler - proxy_pool.py:12 - INFO - 代理池为空，使用本地IP
2026-05-14 00:51:27 - douban_crawler - image_downloader.py:78 - INFO - 下载图片（第1次）：https://img1.doubanio.com/view/photo/s_ratio_poster/public/p2351134499.jpg -> 魂断蓝桥_ 滑铁卢桥  _  断桥残梦
2026-05-14 00:51:27 - douban_crawler - image_downloader.py:98 - INFO - 图片下载成功：魂断蓝桥_ 滑铁卢桥  _  断桥残梦
2026-05-14 00:51:31 - douban_crawler - selenium_crawler.py:134 - WARNING - 提取第6条评论失败：Message: no such element: Unab
2026-05-14 00:51:31 - douban_crawler - selenium_crawler.py:152 - INFO - 详情页爬取成功：https://movie.douban.com/subject/1293964/
2026-05-14 00:51:31 - douban_crawler - proxy_pool.py:12 - INFO - 代理池为空，使用本地IP
2026-05-14 00:51:31 - douban_crawler - image_downloader.py:78 - INFO - 下载图片（第1次）：https://img9.doubanio.com/view/photo/s_ratio_poster/public/p2259715855.jpg -> 房间_ 不存在的房间(台)  _  抖室(港)
2026-05-14 00:51:31 - douban_crawler - image_downloader.py:98 - INFO - 图片下载成功：房间_ 不存在的房间(台)  _  抖室(港)
2026-05-14 00:51:37 - douban_crawler - selenium_crawler.py:134 - WARNING - 提取第6条评论失败：Message: no such element: Unab
2026-05-14 00:51:37 - douban_crawler - selenium_crawler.py:152 - INFO - 详情页爬取成功：https://movie.douban.com/subject/25724855/
2026-05-14 00:51:37 - douban_crawler - requests_crawler.py:136 - INFO - 成功爬取：https://movie.douban.com/top250?start=225&filter= | 本页25条
2026-05-14 00:51:37 - douban_crawler - base_crawler.py:17 - INFO - 休眠 4.65 秒
2026-05-14 00:51:47 - douban_crawler - selenium_crawler.py:171 - INFO - Selenium驱动已关闭
2026-05-14 00:51:47 - douban_crawler - requests_crawler.py:232 - INFO - 爬取完成，共获取250部电影
2026-05-14 00:51:47 - douban_crawler - requests_crawler.py:248 - INFO - 数据已保存：JSON=data/raw\douban_top250_raw.json | CSV=data/raw\douban_top250_raw.csv
2026-05-14 00:51:47 - douban_crawler - main.py:20 - INFO - 📌 开始将数据存入MySQL数据库...
2026-05-14 00:51:47 - douban_crawler - mysql_handler.py:21 - INFO - 初始化MySQL连接...
2026-05-14 00:51:47 - douban_crawler - mysql_handler.py:45 - INFO - MySQL连接成功
2026-05-14 00:51:47 - douban_crawler - mysql_handler.py:82 - WARNING - 执行SQL警告：(1101, "BLOB, TEXT, GEOMETRY or JSON column 'info' can't have a default value")
2026-05-14 00:51:47 - douban_crawler - mysql_handler.py:82 - WARNING - 执行SQL警告：(1824, "Failed to open the referenced table 'movies'")
2026-05-14 00:51:47 - douban_crawler - mysql_handler.py:90 - INFO - 当前数据库表：[]
2026-05-14 00:51:47 - douban_crawler - mysql_handler.py:62 - ERROR - 数据库操作失败：(1146, "Table 'douban.movies' doesn't exist")
2026-05-14 00:51:47 - douban_crawler - main.py:42 - ERROR - ❌ 数据库存储失败：(1146, "Table 'douban.movies' doesn't exist")
2026-05-14 00:51:47 - douban_crawler - main.py:45 - INFO - 📌 开始数据清洗...
2026-05-14 00:51:47 - douban_crawler - data_cleaner.py:26 - INFO - 原始数据加载完成，共250条
2026-05-14 00:51:47 - douban_crawler - data_cleaner.py:37 - INFO - 开始数据清洗...
2026-05-14 00:51:47 - douban_crawler - data_cleaner.py:38 - INFO - 清洗前缺失值统计：
rank_num       0
title          0
rating         0
comment_num    0
info           0
quote          0
detail_url     0
poster_path    0
year           0
runtime        0
imdb           0
comments       0
dtype: int64
2026-05-14 00:51:47 - douban_crawler - data_cleaner.py:65 - INFO - 清洗完成，剩余250条有效数据
2026-05-14 00:51:47 - douban_crawler - data_cleaner.py:66 - INFO - 清洗后缺失值统计：
rank_num       0
title          0
rating         0
comment_num    0
info           0
quote          0
detail_url     0
poster_path    0
year           0
runtime        0
imdb           0
comments       0
director       0
genre          0
actors         0
dtype: int64
2026-05-14 00:51:47 - douban_crawler - data_cleaner.py:143 - INFO - 清洗后数据已保存到：data/processed
2026-05-14 00:51:47 - douban_crawler - main.py:52 - INFO - 📌 开始统计分析...
2026-05-14 00:51:47 - douban_crawler - main.py:55 - INFO - 📊 高分电影Top10：
2026-05-14 00:51:47 - douban_crawler - main.py:56 - INFO -  rank_num                                                   title  rating  comment_num  director
        1                           肖申克的救赎/ 月黑高飞(港)  /  刺激1995(台)     9.7      3285679  弗兰克·德拉邦特
        2                  霸王别姬/ 再见，我的妾  /  Farewell My Concubine     9.6      2424175       陈凯歌
       19                                       控方证人/ 雄才伟略  /  情妇     9.6       744078    比利·怀尔德
        3                                      泰坦尼克号/ 铁达尼号(港 / 台)     9.5      2499483   詹姆斯·卡梅隆
        6                  美丽人生/ 一个快乐的传说(港)  /  Life Is Beautiful     9.5      1482849   罗伯托·贝尼尼
        4                                           阿甘正传/ 福雷斯特·冈普     9.5      2431199  罗伯特·泽米吉斯
       11                             辛德勒的名单/ 舒特拉的名单(港)  /  辛德勒名单     9.5      1247627 史蒂文·斯皮尔伯格
      109                                        茶馆/ The Teahouse     9.5       210924        谢添
      161         背靠背，脸对脸/ 背对背，脸对脸  /  Back to Back, Face to Face     9.5       181665       黄建新
      170 高山下的花环/ 卫国军魂(港)  /  Wreaths at the Foot of the Mountain     9.5       161555        谢晋
2026-05-14 00:51:47 - douban_crawler - main.py:60 - INFO - 📊 热门导演分布（Top15）：
2026-05-14 00:51:47 - douban_crawler - main.py:61 - INFO - director
宫崎骏            8
克里斯托弗·诺兰       6
史蒂文·斯皮尔伯格      6
李安             5
彼特·道格特         4
王家卫            4
大卫·芬奇          4
今敏             4
是枝裕和           4
詹姆斯·卡梅隆        3
弗朗西斯·福特·科波拉    3
刘镇伟            3
大卫·叶茨          3
理查德·林克莱特       3
昆汀·塔伦蒂诺        3
2026-05-14 00:51:47 - douban_crawler - main.py:65 - INFO - 📊 电影类型分布：
2026-05-14 00:51:47 - douban_crawler - main.py:66 - INFO - 未知类型    250
2026-05-14 00:51:47 - douban_crawler - main.py:70 - INFO - 📊 评分与评价人数相关系数：0.309
2026-05-14 00:51:47 - douban_crawler - main.py:73 - INFO - 📌 开始短评情感分析...
2026-05-14 00:51:48 - douban_crawler - sentiment_analysis.py:22 - WARNING - 未找到自定义词典，使用默认分词
2026-05-14 00:51:50 - douban_crawler - main.py:85 - INFO - 📊 短评情感倾向统计：
2026-05-14 00:51:50 - douban_crawler - main.py:87 - INFO - 正面：124条 (77.5%)
2026-05-14 00:51:50 - douban_crawler - main.py:87 - INFO - 中性：21条 (13.1%)
2026-05-14 00:51:50 - douban_crawler - main.py:87 - INFO - 负面：15条 (9.4%)
2026-05-14 00:52:06 - douban_crawler - mysql_handler.py:233 - INFO - MySQL连接已关闭
